# SUT-2 (Sock Shop) benign FP probe — raw DataIntegrity benign records (evidence for g3-sut2-fp-probe-result.md)
# runId 1783149661165; 30 iterations; extracted from .runtime/logs/mist.log (gitignored). 1200 acked, 0 X-present=false.
# grep pattern: DataIntegrity[benign-N][ss-b-*-create]
2026-07-04 02:30:28 INFO  DataIntegrityRuntime:351 - DataIntegrity[benign-1][ss-b-address-create]: baseline captured, fresh key {street=mist-2dbaca822ed0, number=mist-96ee26da57bf}
2026-07-04 02:30:28 INFO  DataIntegrityRuntime:634 - DataIntegrity[benign-1][ss-b-address-create]: acked=true X-present=true gate=OBSERVED_PRESENT polls=1 in 12ms
2026-07-04 02:30:34 INFO  DataIntegrityRuntime:351 - DataIntegrity[benign-1][ss-b-address-create]: baseline captured, fresh key {street=mist-02d7b6a2ee3e, number=mist-d21094d34923}
2026-07-04 02:30:34 INFO  DataIntegrityRuntime:634 - DataIntegrity[benign-1][ss-b-address-create]: acked=true X-present=true gate=OBSERVED_PRESENT polls=1 in 13ms
2026-07-04 02:30:40 INFO  DataIntegrityRuntime:351 - DataIntegrity[benign-1][ss-b-address-create]: baseline captured, fresh key {street=mist-203636862907, number=mist-7ad1139ba36f}
2026-07-04 02:30:40 INFO  DataIntegrityRuntime:634 - DataIntegrity[benign-1][ss-b-address-create]: acked=true X-present=true gate=OBSERVED_PRESENT polls=1 in 11ms
2026-07-04 02:30:41 INFO  DataIntegrityRuntime:351 - DataIntegrity[benign-1][ss-b-address-create]: baseline captured, fresh key {street=mist-b8d3cafafabc, number=mist-7f767337eef2}
2026-07-04 02:30:41 INFO  DataIntegrityRuntime:634 - DataIntegrity[benign-1][ss-b-address-create]: acked=true X-present=true gate=OBSERVED_PRESENT polls=1 in 10ms
2026-07-04 02:30:43 INFO  DataIntegrityRuntime:351 - DataIntegrity[benign-1][ss-b-address-create]: baseline captured, fresh key {street=mist-6d5612013ec7, number=mist-21d72ac5938d}
2026-07-04 02:30:43 INFO  DataIntegrityRuntime:634 - DataIntegrity[benign-1][ss-b-address-create]: acked=true X-present=true gate=OBSERVED_PRESENT polls=1 in 12ms
2026-07-04 02:30:46 INFO  DataIntegrityRuntime:351 - DataIntegrity[benign-1][ss-b-address-create]: baseline captured, fresh key {street=mist-90f6bd6f100e, number=mist-7eea43c5f4b5}
2026-07-04 02:30:46 INFO  DataIntegrityRuntime:634 - DataIntegrity[benign-1][ss-b-address-create]: acked=true X-present=true gate=OBSERVED_PRESENT polls=1 in 13ms
2026-07-04 02:30:48 INFO  DataIntegrityRuntime:351 - DataIntegrity[benign-1][ss-b-address-create]: baseline captured, fresh key {street=mist-773b1b13fb1d, number=mist-006964003346}
2026-07-04 02:30:48 INFO  DataIntegrityRuntime:634 - DataIntegrity[benign-1][ss-b-address-create]: acked=true X-present=true gate=OBSERVED_PRESENT polls=1 in 10ms
2026-07-04 02:30:49 INFO  DataIntegrityRuntime:351 - DataIntegrity[benign-1][ss-b-address-create]: baseline captured, fresh key {street=mist-67204d1a0a59, number=mist-5b217031931e}
2026-07-04 02:30:49 INFO  DataIntegrityRuntime:634 - DataIntegrity[benign-1][ss-b-address-create]: acked=true X-present=true gate=OBSERVED_PRESENT polls=1 in 11ms
2026-07-04 02:30:52 INFO  DataIntegrityRuntime:351 - DataIntegrity[benign-1][ss-b-address-create]: baseline captured, fresh key {street=mist-ff944004c4cd, number=mist-1dacbce2a68a}
2026-07-04 02:30:52 INFO  DataIntegrityRuntime:634 - DataIntegrity[benign-1][ss-b-address-create]: acked=true X-present=true gate=OBSERVED_PRESENT polls=1 in 10ms
2026-07-04 02:30:53 INFO  DataIntegrityRuntime:351 - DataIntegrity[benign-1][ss-b-address-create]: baseline captured, fresh key {street=mist-39bf2f07ccdc, number=mist-b12f0339f84e}
2026-07-04 02:30:54 INFO  DataIntegrityRuntime:634 - DataIntegrity[benign-1][ss-b-address-create]: acked=true X-present=true gate=OBSERVED_PRESENT polls=1 in 14ms
2026-07-04 02:30:55 INFO  DataIntegrityRuntime:351 - DataIntegrity[benign-1][ss-b-address-create]: baseline captured, fresh key {street=mist-7bbebc124be5, number=mist-9f1d66c808a0}
2026-07-04 02:30:55 INFO  DataIntegrityRuntime:634 - DataIntegrity[benign-1][ss-b-address-create]: acked=true X-present=true gate=OBSERVED_PRESENT polls=1 in 11ms
2026-07-04 02:30:56 INFO  DataIntegrityRuntime:351 - DataIntegrity[benign-1][ss-b-address-create]: baseline captured, fresh key {street=mist-51bfbb62148e, number=mist-f9f77704c392}
2026-07-04 02:30:56 INFO  DataIntegrityRuntime:634 - DataIntegrity[benign-1][ss-b-address-create]: acked=true X-present=true gate=OBSERVED_PRESENT polls=1 in 10ms
2026-07-04 02:30:58 INFO  DataIntegrityRuntime:351 - DataIntegrity[benign-1][ss-b-address-create]: baseline captured, fresh key {street=mist-2d3e81fd58ba, number=mist-6cea45821179}
2026-07-04 02:30:58 INFO  DataIntegrityRuntime:634 - DataIntegrity[benign-1][ss-b-address-create]: acked=true X-present=true gate=OBSERVED_PRESENT polls=1 in 13ms
2026-07-04 02:31:00 INFO  DataIntegrityRuntime:351 - DataIntegrity[benign-1][ss-b-address-create]: baseline captured, fresh key {street=mist-1e3348650c50, number=mist-2a11f86ce0ef}
2026-07-04 02:31:00 INFO  DataIntegrityRuntime:634 - DataIntegrity[benign-1][ss-b-address-create]: acked=true X-present=true gate=OBSERVED_PRESENT polls=1 in 11ms
2026-07-04 02:31:02 INFO  DataIntegrityRuntime:351 - DataIntegrity[benign-1][ss-b-address-create]: baseline captured, fresh key {street=mist-2bc78d71a84c, number=mist-da96efc4660a}
2026-07-04 02:31:02 INFO  DataIntegrityRuntime:634 - DataIntegrity[benign-1][ss-b-address-create]: acked=true X-present=true gate=OBSERVED_PRESENT polls=1 in 11ms
2026-07-04 02:31:03 INFO  DataIntegrityRuntime:351 - DataIntegrity[benign-1][ss-b-address-create]: baseline captured, fresh key {street=mist-d103c849d1b1, number=mist-7327a2eb663d}
2026-07-04 02:31:03 INFO  DataIntegrityRuntime:634 - DataIntegrity[benign-1][ss-b-address-create]: acked=true X-present=true gate=OBSERVED_PRESENT polls=1 in 12ms
2026-07-04 02:31:05 INFO  DataIntegrityRuntime:351 - DataIntegrity[benign-1][ss-b-address-create]: baseline captured, fresh key {street=mist-337000f72076, number=mist-d7c9a2ebbe21}
2026-07-04 02:31:05 INFO  DataIntegrityRuntime:634 - DataIntegrity[benign-1][ss-b-address-create]: acked=true X-present=true gate=OBSERVED_PRESENT polls=1 in 12ms
2026-07-04 02:31:08 INFO  DataIntegrityRuntime:351 - DataIntegrity[benign-1][ss-b-address-create]: baseline captured, fresh key {street=mist-19fb6da080a5, number=mist-a1341a5de3d7}
2026-07-04 02:31:08 INFO  DataIntegrityRuntime:634 - DataIntegrity[benign-1][ss-b-address-create]: acked=true X-present=true gate=OBSERVED_PRESENT polls=1 in 12ms
2026-07-04 02:31:09 INFO  DataIntegrityRuntime:351 - DataIntegrity[benign-1][ss-b-address-create]: baseline captured, fresh key {street=mist-2fe35f953319, number=mist-42dd6d710581}
2026-07-04 02:31:09 INFO  DataIntegrityRuntime:634 - DataIntegrity[benign-1][ss-b-address-create]: acked=true X-present=true gate=OBSERVED_PRESENT polls=1 in 12ms
2026-07-04 02:31:11 INFO  DataIntegrityRuntime:351 - DataIntegrity[benign-1][ss-b-address-create]: baseline captured, fresh key {street=mist-444c13e64066, number=mist-5ef9cdcad258}
2026-07-04 02:31:11 INFO  DataIntegrityRuntime:634 - DataIntegrity[benign-1][ss-b-address-create]: acked=true X-present=true gate=OBSERVED_PRESENT polls=1 in 11ms
2026-07-04 02:31:14 INFO  DataIntegrityRuntime:351 - DataIntegrity[benign-1][ss-b-card-create]: baseline captured, fresh key {longNum=mist-b829eed61289}
2026-07-04 02:31:14 INFO  DataIntegrityRuntime:634 - DataIntegrity[benign-1][ss-b-card-create]: acked=true X-present=true gate=OBSERVED_PRESENT polls=1 in 10ms
2026-07-04 02:31:16 INFO  DataIntegrityRuntime:351 - DataIntegrity[benign-1][ss-b-card-create]: baseline captured, fresh key {longNum=mist-b50db6b86fa3}
2026-07-04 02:31:16 INFO  DataIntegrityRuntime:634 - DataIntegrity[benign-1][ss-b-card-create]: acked=true X-present=true gate=OBSERVED_PRESENT polls=1 in 11ms
2026-07-04 02:31:18 INFO  DataIntegrityRuntime:351 - DataIntegrity[benign-1][ss-b-card-create]: baseline captured, fresh key {longNum=mist-00ee853da85e}
2026-07-04 02:31:18 INFO  DataIntegrityRuntime:634 - DataIntegrity[benign-1][ss-b-card-create]: acked=true X-present=true gate=OBSERVED_PRESENT polls=1 in 11ms
2026-07-04 02:31:20 INFO  DataIntegrityRuntime:351 - DataIntegrity[benign-1][ss-b-card-create]: baseline captured, fresh key {longNum=mist-6a91ef778bb0}
2026-07-04 02:31:20 INFO  DataIntegrityRuntime:634 - DataIntegrity[benign-1][ss-b-card-create]: acked=true X-present=true gate=OBSERVED_PRESENT polls=1 in 10ms
2026-07-04 02:31:23 INFO  DataIntegrityRuntime:351 - DataIntegrity[benign-1][ss-b-card-create]: baseline captured, fresh key {longNum=mist-66cac6c45352}
2026-07-04 02:31:23 INFO  DataIntegrityRuntime:634 - DataIntegrity[benign-1][ss-b-card-create]: acked=true X-present=true gate=OBSERVED_PRESENT polls=1 in 10ms
2026-07-04 02:31:26 INFO  DataIntegrityRuntime:351 - DataIntegrity[benign-1][ss-b-card-create]: baseline captured, fresh key {longNum=mist-3d1933b49c76}
2026-07-04 02:31:26 INFO  DataIntegrityRuntime:634 - DataIntegrity[benign-1][ss-b-card-create]: acked=true X-present=true gate=OBSERVED_PRESENT polls=1 in 11ms
2026-07-04 02:31:28 INFO  DataIntegrityRuntime:351 - DataIntegrity[benign-1][ss-b-card-create]: baseline captured, fresh key {longNum=mist-709e1506967f}
2026-07-04 02:31:28 INFO  DataIntegrityRuntime:634 - DataIntegrity[benign-1][ss-b-card-create]: acked=true X-present=true gate=OBSERVED_PRESENT polls=1 in 12ms
2026-07-04 02:31:30 INFO  DataIntegrityRuntime:351 - DataIntegrity[benign-1][ss-b-card-create]: baseline captured, fresh key {longNum=mist-b3528943e73e}
2026-07-04 02:31:30 INFO  DataIntegrityRuntime:634 - DataIntegrity[benign-1][ss-b-card-create]: acked=true X-present=true gate=OBSERVED_PRESENT polls=1 in 11ms
2026-07-04 02:31:31 INFO  DataIntegrityRuntime:351 - DataIntegrity[benign-1][ss-b-card-create]: baseline captured, fresh key {longNum=mist-7bf04e3a3895}
2026-07-04 02:31:31 INFO  DataIntegrityRuntime:634 - DataIntegrity[benign-1][ss-b-card-create]: acked=true X-present=true gate=OBSERVED_PRESENT polls=1 in 10ms
2026-07-04 02:31:33 INFO  DataIntegrityRuntime:351 - DataIntegrity[benign-1][ss-b-card-create]: baseline captured, fresh key {longNum=mist-fed425ef4c02}
2026-07-04 02:31:33 INFO  DataIntegrityRuntime:634 - DataIntegrity[benign-1][ss-b-card-create]: acked=true X-present=true gate=OBSERVED_PRESENT polls=1 in 9ms
2026-07-04 02:31:35 INFO  DataIntegrityRuntime:351 - DataIntegrity[benign-1][ss-b-card-create]: baseline captured, fresh key {longNum=mist-6a7ac896fe18}
2026-07-04 02:31:35 INFO  DataIntegrityRuntime:634 - DataIntegrity[benign-1][ss-b-card-create]: acked=true X-present=true gate=OBSERVED_PRESENT polls=1 in 9ms
2026-07-04 02:31:37 INFO  DataIntegrityRuntime:351 - DataIntegrity[benign-1][ss-b-card-create]: baseline captured, fresh key {longNum=mist-621ad68be3ae}
2026-07-04 02:31:37 INFO  DataIntegrityRuntime:634 - DataIntegrity[benign-1][ss-b-card-create]: acked=true X-present=true gate=OBSERVED_PRESENT polls=1 in 10ms
2026-07-04 02:31:38 INFO  DataIntegrityRuntime:351 - DataIntegrity[benign-1][ss-b-card-create]: baseline captured, fresh key {longNum=mist-58a3203b203b}
2026-07-04 02:31:38 INFO  DataIntegrityRuntime:634 - DataIntegrity[benign-1][ss-b-card-create]: acked=true X-present=true gate=OBSERVED_PRESENT polls=1 in 10ms
2026-07-04 02:31:39 INFO  DataIntegrityRuntime:351 - DataIntegrity[benign-1][ss-b-card-create]: baseline captured, fresh key {longNum=mist-b120a6514a6c}
2026-07-04 02:31:39 INFO  DataIntegrityRuntime:634 - DataIntegrity[benign-1][ss-b-card-create]: acked=true X-present=true gate=OBSERVED_PRESENT polls=1 in 11ms
2026-07-04 02:31:41 INFO  DataIntegrityRuntime:351 - DataIntegrity[benign-1][ss-b-card-create]: baseline captured, fresh key {longNum=mist-af2fdf006872}
2026-07-04 02:31:41 INFO  DataIntegrityRuntime:634 - DataIntegrity[benign-1][ss-b-card-create]: acked=true X-present=true gate=OBSERVED_PRESENT polls=1 in 11ms
2026-07-04 02:31:44 INFO  DataIntegrityRuntime:351 - DataIntegrity[benign-1][ss-b-card-create]: baseline captured, fresh key {longNum=mist-0d8093e51788}
2026-07-04 02:31:44 INFO  DataIntegrityRuntime:634 - DataIntegrity[benign-1][ss-b-card-create]: acked=true X-present=true gate=OBSERVED_PRESENT polls=1 in 9ms
2026-07-04 02:31:45 INFO  DataIntegrityRuntime:351 - DataIntegrity[benign-1][ss-b-card-create]: baseline captured, fresh key {longNum=mist-3025ba127413}
2026-07-04 02:31:45 INFO  DataIntegrityRuntime:634 - DataIntegrity[benign-1][ss-b-card-create]: acked=true X-present=true gate=OBSERVED_PRESENT polls=1 in 9ms
2026-07-04 02:31:47 INFO  DataIntegrityRuntime:351 - DataIntegrity[benign-1][ss-b-card-create]: baseline captured, fresh key {longNum=mist-2f05239853b9}
2026-07-04 02:31:47 INFO  DataIntegrityRuntime:634 - DataIntegrity[benign-1][ss-b-card-create]: acked=true X-present=true gate=OBSERVED_PRESENT polls=1 in 10ms
2026-07-04 02:31:50 INFO  DataIntegrityRuntime:351 - DataIntegrity[benign-1][ss-b-card-create]: baseline captured, fresh key {longNum=mist-1bbe1b4e72ad}
2026-07-04 02:31:50 INFO  DataIntegrityRuntime:634 - DataIntegrity[benign-1][ss-b-card-create]: acked=true X-present=true gate=OBSERVED_PRESENT polls=1 in 10ms
2026-07-04 02:31:51 INFO  DataIntegrityRuntime:351 - DataIntegrity[benign-1][ss-b-card-create]: baseline captured, fresh key {longNum=mist-581c7b88d087}
2026-07-04 02:31:51 INFO  DataIntegrityRuntime:634 - DataIntegrity[benign-1][ss-b-card-create]: acked=true X-present=true gate=OBSERVED_PRESENT polls=1 in 9ms
2026-07-04 02:31:54 INFO  DataIntegrityRuntime:351 - DataIntegrity[benign-2][ss-b-address-create]: baseline captured, fresh key {street=mist-cdbed97a9767, number=mist-190af4e1425a}
2026-07-04 02:31:54 INFO  DataIntegrityRuntime:634 - DataIntegrity[benign-2][ss-b-address-create]: acked=true X-present=true gate=OBSERVED_PRESENT polls=1 in 13ms
2026-07-04 02:31:58 INFO  DataIntegrityRuntime:351 - DataIntegrity[benign-2][ss-b-address-create]: baseline captured, fresh key {street=mist-4079e19655b9, number=mist-60d12541b4f6}
2026-07-04 02:31:58 INFO  DataIntegrityRuntime:634 - DataIntegrity[benign-2][ss-b-address-create]: acked=true X-present=true gate=OBSERVED_PRESENT polls=1 in 11ms
2026-07-04 02:32:00 INFO  DataIntegrityRuntime:351 - DataIntegrity[benign-2][ss-b-address-create]: baseline captured, fresh key {street=mist-b474be4c1d27, number=mist-b528f4b3deff}
2026-07-04 02:32:00 INFO  DataIntegrityRuntime:634 - DataIntegrity[benign-2][ss-b-address-create]: acked=true X-present=true gate=OBSERVED_PRESENT polls=1 in 11ms
2026-07-04 02:32:02 INFO  DataIntegrityRuntime:351 - DataIntegrity[benign-2][ss-b-address-create]: baseline captured, fresh key {street=mist-7d984a2ecdb7, number=mist-f948b6a4cd19}
2026-07-04 02:32:02 INFO  DataIntegrityRuntime:634 - DataIntegrity[benign-2][ss-b-address-create]: acked=true X-present=true gate=OBSERVED_PRESENT polls=1 in 12ms
2026-07-04 02:32:04 INFO  DataIntegrityRuntime:351 - DataIntegrity[benign-2][ss-b-address-create]: baseline captured, fresh key {street=mist-0313b7e0bf59, number=mist-2b87e03ed0e7}
2026-07-04 02:32:04 INFO  DataIntegrityRuntime:634 - DataIntegrity[benign-2][ss-b-address-create]: acked=true X-present=true gate=OBSERVED_PRESENT polls=1 in 12ms
2026-07-04 02:32:07 INFO  DataIntegrityRuntime:351 - DataIntegrity[benign-2][ss-b-address-create]: baseline captured, fresh key {street=mist-bd0b5e12c7cf, number=mist-6a6129688eda}
2026-07-04 02:32:07 INFO  DataIntegrityRuntime:634 - DataIntegrity[benign-2][ss-b-address-create]: acked=true X-present=true gate=OBSERVED_PRESENT polls=1 in 13ms
2026-07-04 02:32:08 INFO  DataIntegrityRuntime:351 - DataIntegrity[benign-2][ss-b-address-create]: baseline captured, fresh key {street=mist-71313327f5ec, number=mist-182c5ef6e7d7}
2026-07-04 02:32:08 INFO  DataIntegrityRuntime:634 - DataIntegrity[benign-2][ss-b-address-create]: acked=true X-present=true gate=OBSERVED_PRESENT polls=1 in 11ms
2026-07-04 02:32:11 INFO  DataIntegrityRuntime:351 - DataIntegrity[benign-2][ss-b-address-create]: baseline captured, fresh key {street=mist-61240f817143, number=mist-f44031ead276}
2026-07-04 02:32:11 INFO  DataIntegrityRuntime:634 - DataIntegrity[benign-2][ss-b-address-create]: acked=true X-present=true gate=OBSERVED_PRESENT polls=1 in 16ms
2026-07-04 02:32:13 INFO  DataIntegrityRuntime:351 - DataIntegrity[benign-2][ss-b-address-create]: baseline captured, fresh key {street=mist-887250e5afd8, number=mist-cb8bf4b1004a}
2026-07-04 02:32:13 INFO  DataIntegrityRuntime:634 - DataIntegrity[benign-2][ss-b-address-create]: acked=true X-present=true gate=OBSERVED_PRESENT polls=1 in 11ms
2026-07-04 02:32:15 INFO  DataIntegrityRuntime:351 - DataIntegrity[benign-2][ss-b-address-create]: baseline captured, fresh key {street=mist-54f3ced43dd4, number=mist-06cf97e62550}
2026-07-04 02:32:15 INFO  DataIntegrityRuntime:634 - DataIntegrity[benign-2][ss-b-address-create]: acked=true X-present=true gate=OBSERVED_PRESENT polls=1 in 11ms
2026-07-04 02:32:17 INFO  DataIntegrityRuntime:351 - DataIntegrity[benign-2][ss-b-address-create]: baseline captured, fresh key {street=mist-017e53c12b88, number=mist-272816561b89}
2026-07-04 02:32:17 INFO  DataIntegrityRuntime:634 - DataIntegrity[benign-2][ss-b-address-create]: acked=true X-present=true gate=OBSERVED_PRESENT polls=1 in 11ms
2026-07-04 02:32:19 INFO  DataIntegrityRuntime:351 - DataIntegrity[benign-2][ss-b-address-create]: baseline captured, fresh key {street=mist-3ce6b13431f7, number=mist-48141bb94984}
2026-07-04 02:32:19 INFO  DataIntegrityRuntime:634 - DataIntegrity[benign-2][ss-b-address-create]: acked=true X-present=true gate=OBSERVED_PRESENT polls=1 in 12ms
2026-07-04 02:32:22 INFO  DataIntegrityRuntime:351 - DataIntegrity[benign-2][ss-b-address-create]: baseline captured, fresh key {street=mist-19207cc4b31e, number=mist-d4f7394eb0ea}
2026-07-04 02:32:22 INFO  DataIntegrityRuntime:634 - DataIntegrity[benign-2][ss-b-address-create]: acked=true X-present=true gate=OBSERVED_PRESENT polls=1 in 14ms
2026-07-04 02:32:23 INFO  DataIntegrityRuntime:351 - DataIntegrity[benign-2][ss-b-address-create]: baseline captured, fresh key {street=mist-f7a7b2c594de, number=mist-2d08a625ff1c}
2026-07-04 02:32:23 INFO  DataIntegrityRuntime:634 - DataIntegrity[benign-2][ss-b-address-create]: acked=true X-present=true gate=OBSERVED_PRESENT polls=1 in 12ms
2026-07-04 02:32:26 INFO  DataIntegrityRuntime:351 - DataIntegrity[benign-2][ss-b-address-create]: baseline captured, fresh key {street=mist-6eee0967fc23, number=mist-d199351e3c50}
2026-07-04 02:32:26 INFO  DataIntegrityRuntime:634 - DataIntegrity[benign-2][ss-b-address-create]: acked=true X-present=true gate=OBSERVED_PRESENT polls=1 in 11ms
2026-07-04 02:32:28 INFO  DataIntegrityRuntime:351 - DataIntegrity[benign-2][ss-b-address-create]: baseline captured, fresh key {street=mist-936b29d81c76, number=mist-59711de9e04d}
2026-07-04 02:32:28 INFO  DataIntegrityRuntime:634 - DataIntegrity[benign-2][ss-b-address-create]: acked=true X-present=true gate=OBSERVED_PRESENT polls=1 in 12ms
2026-07-04 02:32:29 INFO  DataIntegrityRuntime:351 - DataIntegrity[benign-2][ss-b-address-create]: baseline captured, fresh key {street=mist-70b9c19fcfa8, number=mist-985499775dd3}
2026-07-04 02:32:29 INFO  DataIntegrityRuntime:634 - DataIntegrity[benign-2][ss-b-address-create]: acked=true X-present=true gate=OBSERVED_PRESENT polls=1 in 11ms
2026-07-04 02:32:32 INFO  DataIntegrityRuntime:351 - DataIntegrity[benign-2][ss-b-address-create]: baseline captured, fresh key {street=mist-e69ede42f829, number=mist-cbda0f6fd8a4}
2026-07-04 02:32:32 INFO  DataIntegrityRuntime:634 - DataIntegrity[benign-2][ss-b-address-create]: acked=true X-present=true gate=OBSERVED_PRESENT polls=1 in 11ms
2026-07-04 02:32:34 INFO  DataIntegrityRuntime:351 - DataIntegrity[benign-2][ss-b-address-create]: baseline captured, fresh key {street=mist-8fcc0e753275, number=mist-514cb635184f}
2026-07-04 02:32:34 INFO  DataIntegrityRuntime:634 - DataIntegrity[benign-2][ss-b-address-create]: acked=true X-present=true gate=OBSERVED_PRESENT polls=1 in 18ms
2026-07-04 02:32:37 INFO  DataIntegrityRuntime:351 - DataIntegrity[benign-2][ss-b-address-create]: baseline captured, fresh key {street=mist-1ece957ac9a6, number=mist-d5f603672d46}
2026-07-04 02:32:37 INFO  DataIntegrityRuntime:634 - DataIntegrity[benign-2][ss-b-address-create]: acked=true X-present=true gate=OBSERVED_PRESENT polls=1 in 12ms
2026-07-04 02:32:39 INFO  DataIntegrityRuntime:351 - DataIntegrity[benign-2][ss-b-card-create]: baseline captured, fresh key {longNum=mist-0ef938029fbb}
2026-07-04 02:32:39 INFO  DataIntegrityRuntime:634 - DataIntegrity[benign-2][ss-b-card-create]: acked=true X-present=true gate=OBSERVED_PRESENT polls=1 in 9ms
2026-07-04 02:32:40 INFO  DataIntegrityRuntime:351 - DataIntegrity[benign-2][ss-b-card-create]: baseline captured, fresh key {longNum=mist-cc4032bc90b8}
2026-07-04 02:32:40 INFO  DataIntegrityRuntime:634 - DataIntegrity[benign-2][ss-b-card-create]: acked=true X-present=true gate=OBSERVED_PRESENT polls=1 in 10ms
2026-07-04 02:32:42 INFO  DataIntegrityRuntime:351 - DataIntegrity[benign-2][ss-b-card-create]: baseline captured, fresh key {longNum=mist-251f0f9d2a81}
2026-07-04 02:32:42 INFO  DataIntegrityRuntime:634 - DataIntegrity[benign-2][ss-b-card-create]: acked=true X-present=true gate=OBSERVED_PRESENT polls=1 in 10ms
2026-07-04 02:32:43 INFO  DataIntegrityRuntime:351 - DataIntegrity[benign-2][ss-b-card-create]: baseline captured, fresh key {longNum=mist-f6f9afaedad8}
2026-07-04 02:32:43 INFO  DataIntegrityRuntime:634 - DataIntegrity[benign-2][ss-b-card-create]: acked=true X-present=true gate=OBSERVED_PRESENT polls=1 in 10ms
2026-07-04 02:32:45 INFO  DataIntegrityRuntime:351 - DataIntegrity[benign-2][ss-b-card-create]: baseline captured, fresh key {longNum=mist-e8af9be784c4}
2026-07-04 02:32:45 INFO  DataIntegrityRuntime:634 - DataIntegrity[benign-2][ss-b-card-create]: acked=true X-present=true gate=OBSERVED_PRESENT polls=1 in 10ms
2026-07-04 02:32:48 INFO  DataIntegrityRuntime:351 - DataIntegrity[benign-2][ss-b-card-create]: baseline captured, fresh key {longNum=mist-54142e4937e4}
2026-07-04 02:32:48 INFO  DataIntegrityRuntime:634 - DataIntegrity[benign-2][ss-b-card-create]: acked=true X-present=true gate=OBSERVED_PRESENT polls=1 in 11ms
2026-07-04 02:32:50 INFO  DataIntegrityRuntime:351 - DataIntegrity[benign-2][ss-b-card-create]: baseline captured, fresh key {longNum=mist-63e3f935d8c9}
2026-07-04 02:32:50 INFO  DataIntegrityRuntime:634 - DataIntegrity[benign-2][ss-b-card-create]: acked=true X-present=true gate=OBSERVED_PRESENT polls=1 in 11ms
2026-07-04 02:32:52 INFO  DataIntegrityRuntime:351 - DataIntegrity[benign-2][ss-b-card-create]: baseline captured, fresh key {longNum=mist-e27ee520aed0}
2026-07-04 02:32:52 INFO  DataIntegrityRuntime:634 - DataIntegrity[benign-2][ss-b-card-create]: acked=true X-present=true gate=OBSERVED_PRESENT polls=1 in 10ms
2026-07-04 02:32:54 INFO  DataIntegrityRuntime:351 - DataIntegrity[benign-2][ss-b-card-create]: baseline captured, fresh key {longNum=mist-a3e330989f2c}
2026-07-04 02:32:54 INFO  DataIntegrityRuntime:634 - DataIntegrity[benign-2][ss-b-card-create]: acked=true X-present=true gate=OBSERVED_PRESENT polls=1 in 10ms
2026-07-04 02:32:56 INFO  DataIntegrityRuntime:351 - DataIntegrity[benign-2][ss-b-card-create]: baseline captured, fresh key {longNum=mist-4994032440b6}
2026-07-04 02:32:56 INFO  DataIntegrityRuntime:634 - DataIntegrity[benign-2][ss-b-card-create]: acked=true X-present=true gate=OBSERVED_PRESENT polls=1 in 10ms
2026-07-04 02:32:58 INFO  DataIntegrityRuntime:351 - DataIntegrity[benign-2][ss-b-card-create]: baseline captured, fresh key {longNum=mist-787d542a1dc6}
2026-07-04 02:32:58 INFO  DataIntegrityRuntime:634 - DataIntegrity[benign-2][ss-b-card-create]: acked=true X-present=true gate=OBSERVED_PRESENT polls=1 in 10ms
2026-07-04 02:33:00 INFO  DataIntegrityRuntime:351 - DataIntegrity[benign-2][ss-b-card-create]: baseline captured, fresh key {longNum=mist-b48026f893c2}
2026-07-04 02:33:00 INFO  DataIntegrityRuntime:634 - DataIntegrity[benign-2][ss-b-card-create]: acked=true X-present=true gate=OBSERVED_PRESENT polls=1 in 11ms
2026-07-04 02:33:02 INFO  DataIntegrityRuntime:351 - DataIntegrity[benign-2][ss-b-card-create]: baseline captured, fresh key {longNum=mist-ed6f84326ddd}
2026-07-04 02:33:03 INFO  DataIntegrityRuntime:634 - DataIntegrity[benign-2][ss-b-card-create]: acked=true X-present=true gate=OBSERVED_PRESENT polls=1 in 10ms
2026-07-04 02:33:04 INFO  DataIntegrityRuntime:351 - DataIntegrity[benign-2][ss-b-card-create]: baseline captured, fresh key {longNum=mist-809475120418}
2026-07-04 02:33:04 INFO  DataIntegrityRuntime:634 - DataIntegrity[benign-2][ss-b-card-create]: acked=true X-present=true gate=OBSERVED_PRESENT polls=1 in 10ms
2026-07-04 02:33:06 INFO  DataIntegrityRuntime:351 - DataIntegrity[benign-2][ss-b-card-create]: baseline captured, fresh key {longNum=mist-f653fa2b3acd}
2026-07-04 02:33:06 INFO  DataIntegrityRuntime:634 - DataIntegrity[benign-2][ss-b-card-create]: acked=true X-present=true gate=OBSERVED_PRESENT polls=1 in 12ms
2026-07-04 02:33:07 INFO  DataIntegrityRuntime:351 - DataIntegrity[benign-2][ss-b-card-create]: baseline captured, fresh key {longNum=mist-78bff5ca3283}
2026-07-04 02:33:07 INFO  DataIntegrityRuntime:634 - DataIntegrity[benign-2][ss-b-card-create]: acked=true X-present=true gate=OBSERVED_PRESENT polls=1 in 11ms
2026-07-04 02:33:09 INFO  DataIntegrityRuntime:351 - DataIntegrity[benign-2][ss-b-card-create]: baseline captured, fresh key {longNum=mist-790e64906743}
2026-07-04 02:33:09 INFO  DataIntegrityRuntime:634 - DataIntegrity[benign-2][ss-b-card-create]: acked=true X-present=true gate=OBSERVED_PRESENT polls=1 in 10ms
2026-07-04 02:33:11 INFO  DataIntegrityRuntime:351 - DataIntegrity[benign-2][ss-b-card-create]: baseline captured, fresh key {longNum=mist-45725ecfb0e1}
2026-07-04 02:33:11 INFO  DataIntegrityRuntime:634 - DataIntegrity[benign-2][ss-b-card-create]: acked=true X-present=true gate=OBSERVED_PRESENT polls=1 in 12ms
2026-07-04 02:33:13 INFO  DataIntegrityRuntime:351 - DataIntegrity[benign-2][ss-b-card-create]: baseline captured, fresh key {longNum=mist-851fb9b6f86b}
2026-07-04 02:33:13 INFO  DataIntegrityRuntime:634 - DataIntegrity[benign-2][ss-b-card-create]: acked=true X-present=true gate=OBSERVED_PRESENT polls=1 in 10ms
2026-07-04 02:33:15 INFO  DataIntegrityRuntime:351 - DataIntegrity[benign-2][ss-b-card-create]: baseline captured, fresh key {longNum=mist-2736270d2215}
2026-07-04 02:33:15 INFO  DataIntegrityRuntime:634 - DataIntegrity[benign-2][ss-b-card-create]: acked=true X-present=true gate=OBSERVED_PRESENT polls=1 in 11ms
2026-07-04 02:33:17 INFO  DataIntegrityRuntime:351 - DataIntegrity[benign-3][ss-b-address-create]: baseline captured, fresh key {street=mist-21af33cef282, number=mist-75203b036988}
2026-07-04 02:33:17 INFO  DataIntegrityRuntime:634 - DataIntegrity[benign-3][ss-b-address-create]: acked=true X-present=true gate=OBSERVED_PRESENT polls=1 in 13ms
2026-07-04 02:33:22 INFO  DataIntegrityRuntime:351 - DataIntegrity[benign-3][ss-b-address-create]: baseline captured, fresh key {street=mist-e1cb97e40aa3, number=mist-25df2e17f8f2}
2026-07-04 02:33:22 INFO  DataIntegrityRuntime:634 - DataIntegrity[benign-3][ss-b-address-create]: acked=true X-present=true gate=OBSERVED_PRESENT polls=1 in 11ms
2026-07-04 02:33:24 INFO  DataIntegrityRuntime:351 - DataIntegrity[benign-3][ss-b-address-create]: baseline captured, fresh key {street=mist-e47f9672bb40, number=mist-67dbe643d98d}
2026-07-04 02:33:24 INFO  DataIntegrityRuntime:634 - DataIntegrity[benign-3][ss-b-address-create]: acked=true X-present=true gate=OBSERVED_PRESENT polls=1 in 12ms
2026-07-04 02:33:26 INFO  DataIntegrityRuntime:351 - DataIntegrity[benign-3][ss-b-address-create]: baseline captured, fresh key {street=mist-badd7a75afa8, number=mist-8d0db88a2018}
2026-07-04 02:33:26 INFO  DataIntegrityRuntime:634 - DataIntegrity[benign-3][ss-b-address-create]: acked=true X-present=true gate=OBSERVED_PRESENT polls=1 in 13ms
2026-07-04 02:33:27 INFO  DataIntegrityRuntime:351 - DataIntegrity[benign-3][ss-b-address-create]: baseline captured, fresh key {street=mist-dc4eaec1723d, number=mist-0e8f19a72166}
2026-07-04 02:33:27 INFO  DataIntegrityRuntime:634 - DataIntegrity[benign-3][ss-b-address-create]: acked=true X-present=true gate=OBSERVED_PRESENT polls=1 in 10ms
2026-07-04 02:33:30 INFO  DataIntegrityRuntime:351 - DataIntegrity[benign-3][ss-b-address-create]: baseline captured, fresh key {street=mist-2e988f94aab8, number=mist-0378d280709b}
2026-07-04 02:33:30 INFO  DataIntegrityRuntime:634 - DataIntegrity[benign-3][ss-b-address-create]: acked=true X-present=true gate=OBSERVED_PRESENT polls=1 in 11ms
2026-07-04 02:33:32 INFO  DataIntegrityRuntime:351 - DataIntegrity[benign-3][ss-b-address-create]: baseline captured, fresh key {street=mist-a545c12a5228, number=mist-a5ea6a873f59}
2026-07-04 02:33:32 INFO  DataIntegrityRuntime:634 - DataIntegrity[benign-3][ss-b-address-create]: acked=true X-present=true gate=OBSERVED_PRESENT polls=1 in 11ms
2026-07-04 02:33:34 INFO  DataIntegrityRuntime:351 - DataIntegrity[benign-3][ss-b-address-create]: baseline captured, fresh key {street=mist-a456037a6f00, number=mist-4be2b5071137}
2026-07-04 02:33:34 INFO  DataIntegrityRuntime:634 - DataIntegrity[benign-3][ss-b-address-create]: acked=true X-present=true gate=OBSERVED_PRESENT polls=1 in 12ms
2026-07-04 02:33:36 INFO  DataIntegrityRuntime:351 - DataIntegrity[benign-3][ss-b-address-create]: baseline captured, fresh key {street=mist-f4eb55c624f5, number=mist-e3f8005c4d38}
2026-07-04 02:33:36 INFO  DataIntegrityRuntime:634 - DataIntegrity[benign-3][ss-b-address-create]: acked=true X-present=true gate=OBSERVED_PRESENT polls=1 in 12ms
2026-07-04 02:33:38 INFO  DataIntegrityRuntime:351 - DataIntegrity[benign-3][ss-b-address-create]: baseline captured, fresh key {street=mist-87f4d3a68f7e, number=mist-8d6e146b6ea4}
2026-07-04 02:33:38 INFO  DataIntegrityRuntime:634 - DataIntegrity[benign-3][ss-b-address-create]: acked=true X-present=true gate=OBSERVED_PRESENT polls=1 in 14ms
2026-07-04 02:33:41 INFO  DataIntegrityRuntime:351 - DataIntegrity[benign-3][ss-b-address-create]: baseline captured, fresh key {street=mist-e6bc8c6ac781, number=mist-2233bbb45d1f}
2026-07-04 02:33:41 INFO  DataIntegrityRuntime:634 - DataIntegrity[benign-3][ss-b-address-create]: acked=true X-present=true gate=OBSERVED_PRESENT polls=1 in 11ms
2026-07-04 02:33:42 INFO  DataIntegrityRuntime:351 - DataIntegrity[benign-3][ss-b-address-create]: baseline captured, fresh key {street=mist-ba0e153835ee, number=mist-2a19102c8969}
2026-07-04 02:33:42 INFO  DataIntegrityRuntime:634 - DataIntegrity[benign-3][ss-b-address-create]: acked=true X-present=true gate=OBSERVED_PRESENT polls=1 in 11ms
2026-07-04 02:33:45 INFO  DataIntegrityRuntime:351 - DataIntegrity[benign-3][ss-b-address-create]: baseline captured, fresh key {street=mist-01dbcfdfb75e, number=mist-d317a7822168}
2026-07-04 02:33:46 INFO  DataIntegrityRuntime:634 - DataIntegrity[benign-3][ss-b-address-create]: acked=true X-present=true gate=OBSERVED_PRESENT polls=1 in 12ms
2026-07-04 02:33:47 INFO  DataIntegrityRuntime:351 - DataIntegrity[benign-3][ss-b-address-create]: baseline captured, fresh key {street=mist-a33b4caa0606, number=mist-d5c7179a9744}
2026-07-04 02:33:47 INFO  DataIntegrityRuntime:634 - DataIntegrity[benign-3][ss-b-address-create]: acked=true X-present=true gate=OBSERVED_PRESENT polls=1 in 11ms
2026-07-04 02:33:50 INFO  DataIntegrityRuntime:351 - DataIntegrity[benign-3][ss-b-address-create]: baseline captured, fresh key {street=mist-45d0ec53ae6a, number=mist-2d5cd48b50d4}
2026-07-04 02:33:50 INFO  DataIntegrityRuntime:634 - DataIntegrity[benign-3][ss-b-address-create]: acked=true X-present=true gate=OBSERVED_PRESENT polls=1 in 11ms
2026-07-04 02:33:52 INFO  DataIntegrityRuntime:351 - DataIntegrity[benign-3][ss-b-address-create]: baseline captured, fresh key {street=mist-6f69bd59558f, number=mist-9fa7bfdae2ed}
2026-07-04 02:33:52 INFO  DataIntegrityRuntime:634 - DataIntegrity[benign-3][ss-b-address-create]: acked=true X-present=true gate=OBSERVED_PRESENT polls=1 in 12ms
2026-07-04 02:33:55 INFO  DataIntegrityRuntime:351 - DataIntegrity[benign-3][ss-b-address-create]: baseline captured, fresh key {street=mist-4550ac1899cb, number=mist-1680d0cd8504}
2026-07-04 02:33:55 INFO  DataIntegrityRuntime:634 - DataIntegrity[benign-3][ss-b-address-create]: acked=true X-present=true gate=OBSERVED_PRESENT polls=1 in 10ms
2026-07-04 02:33:57 INFO  DataIntegrityRuntime:351 - DataIntegrity[benign-3][ss-b-address-create]: baseline captured, fresh key {street=mist-83305e97249e, number=mist-ed41d6b83a53}
2026-07-04 02:33:57 INFO  DataIntegrityRuntime:634 - DataIntegrity[benign-3][ss-b-address-create]: acked=true X-present=true gate=OBSERVED_PRESENT polls=1 in 11ms
2026-07-04 02:33:58 INFO  DataIntegrityRuntime:351 - DataIntegrity[benign-3][ss-b-address-create]: baseline captured, fresh key {street=mist-89475d061b4a, number=mist-4bc7146fc16a}
2026-07-04 02:33:58 INFO  DataIntegrityRuntime:634 - DataIntegrity[benign-3][ss-b-address-create]: acked=true X-present=true gate=OBSERVED_PRESENT polls=1 in 11ms
2026-07-04 02:34:00 INFO  DataIntegrityRuntime:351 - DataIntegrity[benign-3][ss-b-address-create]: baseline captured, fresh key {street=mist-5c20b8a0cb26, number=mist-ac7a362ca393}
2026-07-04 02:34:00 INFO  DataIntegrityRuntime:634 - DataIntegrity[benign-3][ss-b-address-create]: acked=true X-present=true gate=OBSERVED_PRESENT polls=1 in 13ms
2026-07-04 02:34:01 INFO  DataIntegrityRuntime:351 - DataIntegrity[benign-3][ss-b-card-create]: baseline captured, fresh key {longNum=mist-99b0049e7d3d}
2026-07-04 02:34:01 INFO  DataIntegrityRuntime:634 - DataIntegrity[benign-3][ss-b-card-create]: acked=true X-present=true gate=OBSERVED_PRESENT polls=1 in 10ms
2026-07-04 02:34:02 INFO  DataIntegrityRuntime:351 - DataIntegrity[benign-3][ss-b-card-create]: baseline captured, fresh key {longNum=mist-d24e8dd192c6}
2026-07-04 02:34:02 INFO  DataIntegrityRuntime:634 - DataIntegrity[benign-3][ss-b-card-create]: acked=true X-present=true gate=OBSERVED_PRESENT polls=1 in 10ms
2026-07-04 02:34:04 INFO  DataIntegrityRuntime:351 - DataIntegrity[benign-3][ss-b-card-create]: baseline captured, fresh key {longNum=mist-6ecbd654030e}
2026-07-04 02:34:04 INFO  DataIntegrityRuntime:634 - DataIntegrity[benign-3][ss-b-card-create]: acked=true X-present=true gate=OBSERVED_PRESENT polls=1 in 12ms
2026-07-04 02:34:06 INFO  DataIntegrityRuntime:351 - DataIntegrity[benign-3][ss-b-card-create]: baseline captured, fresh key {longNum=mist-654b6eec9b30}
2026-07-04 02:34:06 INFO  DataIntegrityRuntime:634 - DataIntegrity[benign-3][ss-b-card-create]: acked=true X-present=true gate=OBSERVED_PRESENT polls=1 in 10ms
2026-07-04 02:34:08 INFO  DataIntegrityRuntime:351 - DataIntegrity[benign-3][ss-b-card-create]: baseline captured, fresh key {longNum=mist-6966518e43b8}
2026-07-04 02:34:08 INFO  DataIntegrityRuntime:634 - DataIntegrity[benign-3][ss-b-card-create]: acked=true X-present=true gate=OBSERVED_PRESENT polls=1 in 11ms
2026-07-04 02:34:09 INFO  DataIntegrityRuntime:351 - DataIntegrity[benign-3][ss-b-card-create]: baseline captured, fresh key {longNum=mist-227afd781108}
2026-07-04 02:34:09 INFO  DataIntegrityRuntime:634 - DataIntegrity[benign-3][ss-b-card-create]: acked=true X-present=true gate=OBSERVED_PRESENT polls=1 in 11ms
2026-07-04 02:34:11 INFO  DataIntegrityRuntime:351 - DataIntegrity[benign-3][ss-b-card-create]: baseline captured, fresh key {longNum=mist-843f4e85b74d}
2026-07-04 02:34:11 INFO  DataIntegrityRuntime:634 - DataIntegrity[benign-3][ss-b-card-create]: acked=true X-present=true gate=OBSERVED_PRESENT polls=1 in 11ms
2026-07-04 02:34:13 INFO  DataIntegrityRuntime:351 - DataIntegrity[benign-3][ss-b-card-create]: baseline captured, fresh key {longNum=mist-00f68e9b72c3}
2026-07-04 02:34:13 INFO  DataIntegrityRuntime:634 - DataIntegrity[benign-3][ss-b-card-create]: acked=true X-present=true gate=OBSERVED_PRESENT polls=1 in 11ms
2026-07-04 02:34:15 INFO  DataIntegrityRuntime:351 - DataIntegrity[benign-3][ss-b-card-create]: baseline captured, fresh key {longNum=mist-d65a8cf54642}
2026-07-04 02:34:15 INFO  DataIntegrityRuntime:634 - DataIntegrity[benign-3][ss-b-card-create]: acked=true X-present=true gate=OBSERVED_PRESENT polls=1 in 10ms
2026-07-04 02:34:17 INFO  DataIntegrityRuntime:351 - DataIntegrity[benign-3][ss-b-card-create]: baseline captured, fresh key {longNum=mist-f6fbf22bc469}
2026-07-04 02:34:17 INFO  DataIntegrityRuntime:634 - DataIntegrity[benign-3][ss-b-card-create]: acked=true X-present=true gate=OBSERVED_PRESENT polls=1 in 12ms
2026-07-04 02:34:18 INFO  DataIntegrityRuntime:351 - DataIntegrity[benign-3][ss-b-card-create]: baseline captured, fresh key {longNum=mist-52c9489a70d8}
2026-07-04 02:34:18 INFO  DataIntegrityRuntime:634 - DataIntegrity[benign-3][ss-b-card-create]: acked=true X-present=true gate=OBSERVED_PRESENT polls=1 in 10ms
2026-07-04 02:34:20 INFO  DataIntegrityRuntime:351 - DataIntegrity[benign-3][ss-b-card-create]: baseline captured, fresh key {longNum=mist-87e2074eb341}
2026-07-04 02:34:20 INFO  DataIntegrityRuntime:634 - DataIntegrity[benign-3][ss-b-card-create]: acked=true X-present=true gate=OBSERVED_PRESENT polls=1 in 10ms
2026-07-04 02:34:22 INFO  DataIntegrityRuntime:351 - DataIntegrity[benign-3][ss-b-card-create]: baseline captured, fresh key {longNum=mist-d588d7aec17c}
2026-07-04 02:34:22 INFO  DataIntegrityRuntime:634 - DataIntegrity[benign-3][ss-b-card-create]: acked=true X-present=true gate=OBSERVED_PRESENT polls=1 in 11ms
2026-07-04 02:34:24 INFO  DataIntegrityRuntime:351 - DataIntegrity[benign-3][ss-b-card-create]: baseline captured, fresh key {longNum=mist-a9d53f37a7a3}
2026-07-04 02:34:24 INFO  DataIntegrityRuntime:634 - DataIntegrity[benign-3][ss-b-card-create]: acked=true X-present=true gate=OBSERVED_PRESENT polls=1 in 11ms
2026-07-04 02:34:25 INFO  DataIntegrityRuntime:351 - DataIntegrity[benign-3][ss-b-card-create]: baseline captured, fresh key {longNum=mist-ee6cf70ff61f}
2026-07-04 02:34:25 INFO  DataIntegrityRuntime:634 - DataIntegrity[benign-3][ss-b-card-create]: acked=true X-present=true gate=OBSERVED_PRESENT polls=1 in 11ms
2026-07-04 02:34:27 INFO  DataIntegrityRuntime:351 - DataIntegrity[benign-3][ss-b-card-create]: baseline captured, fresh key {longNum=mist-dce0b4fc9c22}
2026-07-04 02:34:27 INFO  DataIntegrityRuntime:634 - DataIntegrity[benign-3][ss-b-card-create]: acked=true X-present=true gate=OBSERVED_PRESENT polls=1 in 12ms
2026-07-04 02:34:29 INFO  DataIntegrityRuntime:351 - DataIntegrity[benign-3][ss-b-card-create]: baseline captured, fresh key {longNum=mist-13e867076f52}
2026-07-04 02:34:29 INFO  DataIntegrityRuntime:634 - DataIntegrity[benign-3][ss-b-card-create]: acked=true X-present=true gate=OBSERVED_PRESENT polls=1 in 10ms
2026-07-04 02:34:30 INFO  DataIntegrityRuntime:351 - DataIntegrity[benign-3][ss-b-card-create]: baseline captured, fresh key {longNum=mist-81abd39da9f6}
2026-07-04 02:34:30 INFO  DataIntegrityRuntime:634 - DataIntegrity[benign-3][ss-b-card-create]: acked=true X-present=true gate=OBSERVED_PRESENT polls=1 in 11ms
2026-07-04 02:34:32 INFO  DataIntegrityRuntime:351 - DataIntegrity[benign-3][ss-b-card-create]: baseline captured, fresh key {longNum=mist-058f159640fc}
2026-07-04 02:34:32 INFO  DataIntegrityRuntime:634 - DataIntegrity[benign-3][ss-b-card-create]: acked=true X-present=true gate=OBSERVED_PRESENT polls=1 in 12ms
2026-07-04 02:34:34 INFO  DataIntegrityRuntime:351 - DataIntegrity[benign-3][ss-b-card-create]: baseline captured, fresh key {longNum=mist-1c68adcb5b52}
2026-07-04 02:34:34 INFO  DataIntegrityRuntime:634 - DataIntegrity[benign-3][ss-b-card-create]: acked=true X-present=true gate=OBSERVED_PRESENT polls=1 in 10ms
2026-07-04 02:34:36 INFO  DataIntegrityRuntime:351 - DataIntegrity[benign-4][ss-b-address-create]: baseline captured, fresh key {street=mist-9417535e0265, number=mist-62ac50620356}
2026-07-04 02:34:36 INFO  DataIntegrityRuntime:634 - DataIntegrity[benign-4][ss-b-address-create]: acked=true X-present=true gate=OBSERVED_PRESENT polls=1 in 11ms
2026-07-04 02:34:41 INFO  DataIntegrityRuntime:351 - DataIntegrity[benign-4][ss-b-address-create]: baseline captured, fresh key {street=mist-9d12218f8110, number=mist-fbfd959e2e92}
2026-07-04 02:34:41 INFO  DataIntegrityRuntime:634 - DataIntegrity[benign-4][ss-b-address-create]: acked=true X-present=true gate=OBSERVED_PRESENT polls=1 in 10ms
2026-07-04 02:34:43 INFO  DataIntegrityRuntime:351 - DataIntegrity[benign-4][ss-b-address-create]: baseline captured, fresh key {street=mist-8b1e61dcfc42, number=mist-9c09b62f8086}
2026-07-04 02:34:43 INFO  DataIntegrityRuntime:634 - DataIntegrity[benign-4][ss-b-address-create]: acked=true X-present=true gate=OBSERVED_PRESENT polls=1 in 11ms
2026-07-04 02:34:45 INFO  DataIntegrityRuntime:351 - DataIntegrity[benign-4][ss-b-address-create]: baseline captured, fresh key {street=mist-b8eed19e0355, number=mist-c91c45cede4f}
2026-07-04 02:34:45 INFO  DataIntegrityRuntime:634 - DataIntegrity[benign-4][ss-b-address-create]: acked=true X-present=true gate=OBSERVED_PRESENT polls=1 in 11ms
2026-07-04 02:34:46 INFO  DataIntegrityRuntime:351 - DataIntegrity[benign-4][ss-b-address-create]: baseline captured, fresh key {street=mist-0c20458ee736, number=mist-494efc766a53}
2026-07-04 02:34:46 INFO  DataIntegrityRuntime:634 - DataIntegrity[benign-4][ss-b-address-create]: acked=true X-present=true gate=OBSERVED_PRESENT polls=1 in 12ms
2026-07-04 02:34:48 INFO  DataIntegrityRuntime:351 - DataIntegrity[benign-4][ss-b-address-create]: baseline captured, fresh key {street=mist-abd7ccb9e4d8, number=mist-2e15d0fe3181}
2026-07-04 02:34:48 INFO  DataIntegrityRuntime:634 - DataIntegrity[benign-4][ss-b-address-create]: acked=true X-present=true gate=OBSERVED_PRESENT polls=1 in 11ms
2026-07-04 02:34:50 INFO  DataIntegrityRuntime:351 - DataIntegrity[benign-4][ss-b-address-create]: baseline captured, fresh key {street=mist-e9905481d763, number=mist-2cd61ef3b220}
2026-07-04 02:34:50 INFO  DataIntegrityRuntime:634 - DataIntegrity[benign-4][ss-b-address-create]: acked=true X-present=true gate=OBSERVED_PRESENT polls=1 in 12ms
2026-07-04 02:34:51 INFO  DataIntegrityRuntime:351 - DataIntegrity[benign-4][ss-b-address-create]: baseline captured, fresh key {street=mist-3fba17f44794, number=mist-81265e92bf7c}
2026-07-04 02:34:51 INFO  DataIntegrityRuntime:634 - DataIntegrity[benign-4][ss-b-address-create]: acked=true X-present=true gate=OBSERVED_PRESENT polls=1 in 11ms
2026-07-04 02:34:54 INFO  DataIntegrityRuntime:351 - DataIntegrity[benign-4][ss-b-address-create]: baseline captured, fresh key {street=mist-723df6f4954d, number=mist-b1cee2eee83e}
2026-07-04 02:34:54 INFO  DataIntegrityRuntime:634 - DataIntegrity[benign-4][ss-b-address-create]: acked=true X-present=true gate=OBSERVED_PRESENT polls=1 in 12ms
2026-07-04 02:34:55 INFO  DataIntegrityRuntime:351 - DataIntegrity[benign-4][ss-b-address-create]: baseline captured, fresh key {street=mist-247ea293ff9a, number=mist-5d7e4b556f43}
2026-07-04 02:34:55 INFO  DataIntegrityRuntime:634 - DataIntegrity[benign-4][ss-b-address-create]: acked=true X-present=true gate=OBSERVED_PRESENT polls=1 in 14ms
2026-07-04 02:34:58 INFO  DataIntegrityRuntime:351 - DataIntegrity[benign-4][ss-b-address-create]: baseline captured, fresh key {street=mist-fe2acd8c2ba2, number=mist-84935a287224}
2026-07-04 02:34:58 INFO  DataIntegrityRuntime:634 - DataIntegrity[benign-4][ss-b-address-create]: acked=true X-present=true gate=OBSERVED_PRESENT polls=1 in 11ms
2026-07-04 02:35:00 INFO  DataIntegrityRuntime:351 - DataIntegrity[benign-4][ss-b-address-create]: baseline captured, fresh key {street=mist-5b4418942003, number=mist-85731704ac46}
2026-07-04 02:35:00 INFO  DataIntegrityRuntime:634 - DataIntegrity[benign-4][ss-b-address-create]: acked=true X-present=true gate=OBSERVED_PRESENT polls=1 in 15ms
2026-07-04 02:35:03 INFO  DataIntegrityRuntime:351 - DataIntegrity[benign-4][ss-b-address-create]: baseline captured, fresh key {street=mist-11d7a2ab3057, number=mist-3a4e12dde8dd}
2026-07-04 02:35:03 INFO  DataIntegrityRuntime:634 - DataIntegrity[benign-4][ss-b-address-create]: acked=true X-present=true gate=OBSERVED_PRESENT polls=1 in 14ms
2026-07-04 02:35:04 INFO  DataIntegrityRuntime:351 - DataIntegrity[benign-4][ss-b-address-create]: baseline captured, fresh key {street=mist-a6e720769ffc, number=mist-634766ceb489}
2026-07-04 02:35:04 INFO  DataIntegrityRuntime:634 - DataIntegrity[benign-4][ss-b-address-create]: acked=true X-present=true gate=OBSERVED_PRESENT polls=1 in 12ms
2026-07-04 02:35:06 INFO  DataIntegrityRuntime:351 - DataIntegrity[benign-4][ss-b-address-create]: baseline captured, fresh key {street=mist-b0d1aca3e1c0, number=mist-41a9a361ee9b}
2026-07-04 02:35:06 INFO  DataIntegrityRuntime:634 - DataIntegrity[benign-4][ss-b-address-create]: acked=true X-present=true gate=OBSERVED_PRESENT polls=1 in 12ms
2026-07-04 02:35:08 INFO  DataIntegrityRuntime:351 - DataIntegrity[benign-4][ss-b-address-create]: baseline captured, fresh key {street=mist-27fc09defd1e, number=mist-24d932b221e9}
2026-07-04 02:35:08 INFO  DataIntegrityRuntime:634 - DataIntegrity[benign-4][ss-b-address-create]: acked=true X-present=true gate=OBSERVED_PRESENT polls=1 in 12ms
2026-07-04 02:35:10 INFO  DataIntegrityRuntime:351 - DataIntegrity[benign-4][ss-b-address-create]: baseline captured, fresh key {street=mist-9f252b3c5de0, number=mist-a76b0e4c0a78}
2026-07-04 02:35:10 INFO  DataIntegrityRuntime:634 - DataIntegrity[benign-4][ss-b-address-create]: acked=true X-present=true gate=OBSERVED_PRESENT polls=1 in 13ms
2026-07-04 02:35:12 INFO  DataIntegrityRuntime:351 - DataIntegrity[benign-4][ss-b-address-create]: baseline captured, fresh key {street=mist-1b1b33ee29a0, number=mist-1f714c7a8099}
2026-07-04 02:35:12 INFO  DataIntegrityRuntime:634 - DataIntegrity[benign-4][ss-b-address-create]: acked=true X-present=true gate=OBSERVED_PRESENT polls=1 in 11ms
2026-07-04 02:35:13 INFO  DataIntegrityRuntime:351 - DataIntegrity[benign-4][ss-b-address-create]: baseline captured, fresh key {street=mist-40a700436d59, number=mist-facdffce8b02}
2026-07-04 02:35:13 INFO  DataIntegrityRuntime:634 - DataIntegrity[benign-4][ss-b-address-create]: acked=true X-present=true gate=OBSERVED_PRESENT polls=1 in 11ms
2026-07-04 02:35:15 INFO  DataIntegrityRuntime:351 - DataIntegrity[benign-4][ss-b-address-create]: baseline captured, fresh key {street=mist-726fcb2ee175, number=mist-52bf0ff77666}
2026-07-04 02:35:15 INFO  DataIntegrityRuntime:634 - DataIntegrity[benign-4][ss-b-address-create]: acked=true X-present=true gate=OBSERVED_PRESENT polls=1 in 11ms
2026-07-04 02:35:16 INFO  DataIntegrityRuntime:351 - DataIntegrity[benign-4][ss-b-card-create]: baseline captured, fresh key {longNum=mist-d6b63dc76e7e}
2026-07-04 02:35:16 INFO  DataIntegrityRuntime:634 - DataIntegrity[benign-4][ss-b-card-create]: acked=true X-present=true gate=OBSERVED_PRESENT polls=1 in 13ms
2026-07-04 02:35:18 INFO  DataIntegrityRuntime:351 - DataIntegrity[benign-4][ss-b-card-create]: baseline captured, fresh key {longNum=mist-98c99dc29f69}
2026-07-04 02:35:18 INFO  DataIntegrityRuntime:634 - DataIntegrity[benign-4][ss-b-card-create]: acked=true X-present=true gate=OBSERVED_PRESENT polls=1 in 10ms
2026-07-04 02:35:19 INFO  DataIntegrityRuntime:351 - DataIntegrity[benign-4][ss-b-card-create]: baseline captured, fresh key {longNum=mist-bbfa9da41cfb}
2026-07-04 02:35:19 INFO  DataIntegrityRuntime:634 - DataIntegrity[benign-4][ss-b-card-create]: acked=true X-present=true gate=OBSERVED_PRESENT polls=1 in 10ms
2026-07-04 02:35:21 INFO  DataIntegrityRuntime:351 - DataIntegrity[benign-4][ss-b-card-create]: baseline captured, fresh key {longNum=mist-b3252b79a71e}
2026-07-04 02:35:21 INFO  DataIntegrityRuntime:634 - DataIntegrity[benign-4][ss-b-card-create]: acked=true X-present=true gate=OBSERVED_PRESENT polls=1 in 10ms
2026-07-04 02:35:22 INFO  DataIntegrityRuntime:351 - DataIntegrity[benign-4][ss-b-card-create]: baseline captured, fresh key {longNum=mist-261e86e9d3f3}
2026-07-04 02:35:22 INFO  DataIntegrityRuntime:634 - DataIntegrity[benign-4][ss-b-card-create]: acked=true X-present=true gate=OBSERVED_PRESENT polls=1 in 10ms
2026-07-04 02:35:24 INFO  DataIntegrityRuntime:351 - DataIntegrity[benign-4][ss-b-card-create]: baseline captured, fresh key {longNum=mist-a12e578dbec0}
2026-07-04 02:35:24 INFO  DataIntegrityRuntime:634 - DataIntegrity[benign-4][ss-b-card-create]: acked=true X-present=true gate=OBSERVED_PRESENT polls=1 in 10ms
2026-07-04 02:35:26 INFO  DataIntegrityRuntime:351 - DataIntegrity[benign-4][ss-b-card-create]: baseline captured, fresh key {longNum=mist-744ad9d00701}
2026-07-04 02:35:26 INFO  DataIntegrityRuntime:634 - DataIntegrity[benign-4][ss-b-card-create]: acked=true X-present=true gate=OBSERVED_PRESENT polls=1 in 10ms
2026-07-04 02:35:28 INFO  DataIntegrityRuntime:351 - DataIntegrity[benign-4][ss-b-card-create]: baseline captured, fresh key {longNum=mist-99e5ec35ed81}
2026-07-04 02:35:28 INFO  DataIntegrityRuntime:634 - DataIntegrity[benign-4][ss-b-card-create]: acked=true X-present=true gate=OBSERVED_PRESENT polls=1 in 11ms
2026-07-04 02:35:30 INFO  DataIntegrityRuntime:351 - DataIntegrity[benign-4][ss-b-card-create]: baseline captured, fresh key {longNum=mist-b2fb10ec74a0}
2026-07-04 02:35:30 INFO  DataIntegrityRuntime:634 - DataIntegrity[benign-4][ss-b-card-create]: acked=true X-present=true gate=OBSERVED_PRESENT polls=1 in 10ms
2026-07-04 02:35:32 INFO  DataIntegrityRuntime:351 - DataIntegrity[benign-4][ss-b-card-create]: baseline captured, fresh key {longNum=mist-b7405de0faa3}
2026-07-04 02:35:32 INFO  DataIntegrityRuntime:634 - DataIntegrity[benign-4][ss-b-card-create]: acked=true X-present=true gate=OBSERVED_PRESENT polls=1 in 10ms
2026-07-04 02:35:33 INFO  DataIntegrityRuntime:351 - DataIntegrity[benign-4][ss-b-card-create]: baseline captured, fresh key {longNum=mist-1333656e9929}
2026-07-04 02:35:33 INFO  DataIntegrityRuntime:634 - DataIntegrity[benign-4][ss-b-card-create]: acked=true X-present=true gate=OBSERVED_PRESENT polls=1 in 11ms
2026-07-04 02:35:36 INFO  DataIntegrityRuntime:351 - DataIntegrity[benign-4][ss-b-card-create]: baseline captured, fresh key {longNum=mist-7048c3d51ff7}
2026-07-04 02:35:36 INFO  DataIntegrityRuntime:634 - DataIntegrity[benign-4][ss-b-card-create]: acked=true X-present=true gate=OBSERVED_PRESENT polls=1 in 12ms
2026-07-04 02:35:37 INFO  DataIntegrityRuntime:351 - DataIntegrity[benign-4][ss-b-card-create]: baseline captured, fresh key {longNum=mist-2cac885965bf}
2026-07-04 02:35:37 INFO  DataIntegrityRuntime:634 - DataIntegrity[benign-4][ss-b-card-create]: acked=true X-present=true gate=OBSERVED_PRESENT polls=1 in 15ms
2026-07-04 02:35:39 INFO  DataIntegrityRuntime:351 - DataIntegrity[benign-4][ss-b-card-create]: baseline captured, fresh key {longNum=mist-63023268fa25}
2026-07-04 02:35:39 INFO  DataIntegrityRuntime:634 - DataIntegrity[benign-4][ss-b-card-create]: acked=true X-present=true gate=OBSERVED_PRESENT polls=1 in 10ms
2026-07-04 02:35:41 INFO  DataIntegrityRuntime:351 - DataIntegrity[benign-4][ss-b-card-create]: baseline captured, fresh key {longNum=mist-759516b2e48d}
2026-07-04 02:35:41 INFO  DataIntegrityRuntime:634 - DataIntegrity[benign-4][ss-b-card-create]: acked=true X-present=true gate=OBSERVED_PRESENT polls=1 in 10ms
2026-07-04 02:35:43 INFO  DataIntegrityRuntime:351 - DataIntegrity[benign-4][ss-b-card-create]: baseline captured, fresh key {longNum=mist-0e43f4e223c6}
2026-07-04 02:35:43 INFO  DataIntegrityRuntime:634 - DataIntegrity[benign-4][ss-b-card-create]: acked=true X-present=true gate=OBSERVED_PRESENT polls=1 in 10ms
2026-07-04 02:35:44 INFO  DataIntegrityRuntime:351 - DataIntegrity[benign-4][ss-b-card-create]: baseline captured, fresh key {longNum=mist-438facc65c60}
2026-07-04 02:35:44 INFO  DataIntegrityRuntime:634 - DataIntegrity[benign-4][ss-b-card-create]: acked=true X-present=true gate=OBSERVED_PRESENT polls=1 in 10ms
2026-07-04 02:35:46 INFO  DataIntegrityRuntime:351 - DataIntegrity[benign-4][ss-b-card-create]: baseline captured, fresh key {longNum=mist-5c5b25ff6cd8}
2026-07-04 02:35:46 INFO  DataIntegrityRuntime:634 - DataIntegrity[benign-4][ss-b-card-create]: acked=true X-present=true gate=OBSERVED_PRESENT polls=1 in 11ms
2026-07-04 02:35:47 INFO  DataIntegrityRuntime:351 - DataIntegrity[benign-4][ss-b-card-create]: baseline captured, fresh key {longNum=mist-f60a32eccc6b}
2026-07-04 02:35:47 INFO  DataIntegrityRuntime:634 - DataIntegrity[benign-4][ss-b-card-create]: acked=true X-present=true gate=OBSERVED_PRESENT polls=1 in 10ms
2026-07-04 02:35:49 INFO  DataIntegrityRuntime:351 - DataIntegrity[benign-4][ss-b-card-create]: baseline captured, fresh key {longNum=mist-747e6a6680f0}
2026-07-04 02:35:49 INFO  DataIntegrityRuntime:634 - DataIntegrity[benign-4][ss-b-card-create]: acked=true X-present=true gate=OBSERVED_PRESENT polls=1 in 9ms
2026-07-04 02:35:52 INFO  DataIntegrityRuntime:351 - DataIntegrity[benign-5][ss-b-address-create]: baseline captured, fresh key {street=mist-ad487e723644, number=mist-b1a79f382b4a}
2026-07-04 02:35:52 INFO  DataIntegrityRuntime:634 - DataIntegrity[benign-5][ss-b-address-create]: acked=true X-present=true gate=OBSERVED_PRESENT polls=1 in 11ms
2026-07-04 02:35:54 INFO  DataIntegrityRuntime:351 - DataIntegrity[benign-5][ss-b-address-create]: baseline captured, fresh key {street=mist-7704d84e39b1, number=mist-364a7db6ce20}
2026-07-04 02:35:54 INFO  DataIntegrityRuntime:634 - DataIntegrity[benign-5][ss-b-address-create]: acked=true X-present=true gate=OBSERVED_PRESENT polls=1 in 11ms
2026-07-04 02:35:56 INFO  DataIntegrityRuntime:351 - DataIntegrity[benign-5][ss-b-address-create]: baseline captured, fresh key {street=mist-f82da23b8dea, number=mist-69c47d421e0a}
2026-07-04 02:35:57 INFO  DataIntegrityRuntime:634 - DataIntegrity[benign-5][ss-b-address-create]: acked=true X-present=true gate=OBSERVED_PRESENT polls=1 in 12ms
2026-07-04 02:35:58 INFO  DataIntegrityRuntime:351 - DataIntegrity[benign-5][ss-b-address-create]: baseline captured, fresh key {street=mist-45ff51a81b3c, number=mist-c61e6671d82f}
2026-07-04 02:35:58 INFO  DataIntegrityRuntime:634 - DataIntegrity[benign-5][ss-b-address-create]: acked=true X-present=true gate=OBSERVED_PRESENT polls=1 in 11ms
2026-07-04 02:35:59 INFO  DataIntegrityRuntime:351 - DataIntegrity[benign-5][ss-b-address-create]: baseline captured, fresh key {street=mist-d2aa345cbe2f, number=mist-2e9b75706b88}
2026-07-04 02:35:59 INFO  DataIntegrityRuntime:634 - DataIntegrity[benign-5][ss-b-address-create]: acked=true X-present=true gate=OBSERVED_PRESENT polls=1 in 10ms
2026-07-04 02:36:01 INFO  DataIntegrityRuntime:351 - DataIntegrity[benign-5][ss-b-address-create]: baseline captured, fresh key {street=mist-d39a7deb222e, number=mist-a760ceaeff10}
2026-07-04 02:36:01 INFO  DataIntegrityRuntime:634 - DataIntegrity[benign-5][ss-b-address-create]: acked=true X-present=true gate=OBSERVED_PRESENT polls=1 in 12ms
2026-07-04 02:36:03 INFO  DataIntegrityRuntime:351 - DataIntegrity[benign-5][ss-b-address-create]: baseline captured, fresh key {street=mist-5ee4d6cdeef7, number=mist-fb0e0cb5107e}
2026-07-04 02:36:03 INFO  DataIntegrityRuntime:634 - DataIntegrity[benign-5][ss-b-address-create]: acked=true X-present=true gate=OBSERVED_PRESENT polls=1 in 13ms
2026-07-04 02:36:05 INFO  DataIntegrityRuntime:351 - DataIntegrity[benign-5][ss-b-address-create]: baseline captured, fresh key {street=mist-f1d827804a7e, number=mist-ca119968f4d2}
2026-07-04 02:36:05 INFO  DataIntegrityRuntime:634 - DataIntegrity[benign-5][ss-b-address-create]: acked=true X-present=true gate=OBSERVED_PRESENT polls=1 in 12ms
2026-07-04 02:36:06 INFO  DataIntegrityRuntime:351 - DataIntegrity[benign-5][ss-b-address-create]: baseline captured, fresh key {street=mist-1a0fe48064ca, number=mist-958a14c57d83}
2026-07-04 02:36:06 INFO  DataIntegrityRuntime:634 - DataIntegrity[benign-5][ss-b-address-create]: acked=true X-present=true gate=OBSERVED_PRESENT polls=1 in 12ms
2026-07-04 02:36:09 INFO  DataIntegrityRuntime:351 - DataIntegrity[benign-5][ss-b-address-create]: baseline captured, fresh key {street=mist-fd70b8b2a44b, number=mist-e5b98506e1fa}
2026-07-04 02:36:09 INFO  DataIntegrityRuntime:634 - DataIntegrity[benign-5][ss-b-address-create]: acked=true X-present=true gate=OBSERVED_PRESENT polls=1 in 12ms
2026-07-04 02:36:11 INFO  DataIntegrityRuntime:351 - DataIntegrity[benign-5][ss-b-address-create]: baseline captured, fresh key {street=mist-693d7e1abc4b, number=mist-a9439d54704c}
2026-07-04 02:36:11 INFO  DataIntegrityRuntime:634 - DataIntegrity[benign-5][ss-b-address-create]: acked=true X-present=true gate=OBSERVED_PRESENT polls=1 in 11ms
2026-07-04 02:36:14 INFO  DataIntegrityRuntime:351 - DataIntegrity[benign-5][ss-b-address-create]: baseline captured, fresh key {street=mist-cc5916a617c8, number=mist-4114f0c716f5}
2026-07-04 02:36:14 INFO  DataIntegrityRuntime:634 - DataIntegrity[benign-5][ss-b-address-create]: acked=true X-present=true gate=OBSERVED_PRESENT polls=1 in 12ms
2026-07-04 02:36:15 INFO  DataIntegrityRuntime:351 - DataIntegrity[benign-5][ss-b-address-create]: baseline captured, fresh key {street=mist-b8dc4c273294, number=mist-760f36dec08c}
2026-07-04 02:36:15 INFO  DataIntegrityRuntime:634 - DataIntegrity[benign-5][ss-b-address-create]: acked=true X-present=true gate=OBSERVED_PRESENT polls=1 in 11ms
2026-07-04 02:36:17 INFO  DataIntegrityRuntime:351 - DataIntegrity[benign-5][ss-b-address-create]: baseline captured, fresh key {street=mist-0ca12075b8cb, number=mist-f609a1032d13}
2026-07-04 02:36:17 INFO  DataIntegrityRuntime:634 - DataIntegrity[benign-5][ss-b-address-create]: acked=true X-present=true gate=OBSERVED_PRESENT polls=1 in 13ms
2026-07-04 02:36:19 INFO  DataIntegrityRuntime:351 - DataIntegrity[benign-5][ss-b-address-create]: baseline captured, fresh key {street=mist-11e13eb19a9e, number=mist-58fb08d400f4}
2026-07-04 02:36:19 INFO  DataIntegrityRuntime:634 - DataIntegrity[benign-5][ss-b-address-create]: acked=true X-present=true gate=OBSERVED_PRESENT polls=1 in 12ms
2026-07-04 02:36:22 INFO  DataIntegrityRuntime:351 - DataIntegrity[benign-5][ss-b-address-create]: baseline captured, fresh key {street=mist-fc35ff935564, number=mist-0134dac69bae}
2026-07-04 02:36:22 INFO  DataIntegrityRuntime:634 - DataIntegrity[benign-5][ss-b-address-create]: acked=true X-present=true gate=OBSERVED_PRESENT polls=1 in 12ms
2026-07-04 02:36:23 INFO  DataIntegrityRuntime:351 - DataIntegrity[benign-5][ss-b-address-create]: baseline captured, fresh key {street=mist-be8c072095e4, number=mist-e4bddaf83111}
2026-07-04 02:36:23 INFO  DataIntegrityRuntime:634 - DataIntegrity[benign-5][ss-b-address-create]: acked=true X-present=true gate=OBSERVED_PRESENT polls=1 in 13ms
2026-07-04 02:36:24 INFO  DataIntegrityRuntime:351 - DataIntegrity[benign-5][ss-b-address-create]: baseline captured, fresh key {street=mist-af850aa549af, number=mist-b152f7aa312f}
2026-07-04 02:36:24 INFO  DataIntegrityRuntime:634 - DataIntegrity[benign-5][ss-b-address-create]: acked=true X-present=true gate=OBSERVED_PRESENT polls=1 in 12ms
2026-07-04 02:36:26 INFO  DataIntegrityRuntime:351 - DataIntegrity[benign-5][ss-b-address-create]: baseline captured, fresh key {street=mist-a7d346ee8a0a, number=mist-ace50f04e8dc}
2026-07-04 02:36:26 INFO  DataIntegrityRuntime:634 - DataIntegrity[benign-5][ss-b-address-create]: acked=true X-present=true gate=OBSERVED_PRESENT polls=1 in 11ms
2026-07-04 02:36:28 INFO  DataIntegrityRuntime:351 - DataIntegrity[benign-5][ss-b-address-create]: baseline captured, fresh key {street=mist-02f9a15d1938, number=mist-aae5d8010e66}
2026-07-04 02:36:28 INFO  DataIntegrityRuntime:634 - DataIntegrity[benign-5][ss-b-address-create]: acked=true X-present=true gate=OBSERVED_PRESENT polls=1 in 12ms
2026-07-04 02:36:29 INFO  DataIntegrityRuntime:351 - DataIntegrity[benign-5][ss-b-card-create]: baseline captured, fresh key {longNum=mist-be472fb4c06f}
2026-07-04 02:36:29 INFO  DataIntegrityRuntime:634 - DataIntegrity[benign-5][ss-b-card-create]: acked=true X-present=true gate=OBSERVED_PRESENT polls=1 in 12ms
2026-07-04 02:36:31 INFO  DataIntegrityRuntime:351 - DataIntegrity[benign-5][ss-b-card-create]: baseline captured, fresh key {longNum=mist-9d4003daeb4e}
2026-07-04 02:36:31 INFO  DataIntegrityRuntime:634 - DataIntegrity[benign-5][ss-b-card-create]: acked=true X-present=true gate=OBSERVED_PRESENT polls=1 in 9ms
2026-07-04 02:36:32 INFO  DataIntegrityRuntime:351 - DataIntegrity[benign-5][ss-b-card-create]: baseline captured, fresh key {longNum=mist-a494abd24c3e}
2026-07-04 02:36:32 INFO  DataIntegrityRuntime:634 - DataIntegrity[benign-5][ss-b-card-create]: acked=true X-present=true gate=OBSERVED_PRESENT polls=1 in 13ms
2026-07-04 02:36:34 INFO  DataIntegrityRuntime:351 - DataIntegrity[benign-5][ss-b-card-create]: baseline captured, fresh key {longNum=mist-313f91cc39ca}
2026-07-04 02:36:34 INFO  DataIntegrityRuntime:634 - DataIntegrity[benign-5][ss-b-card-create]: acked=true X-present=true gate=OBSERVED_PRESENT polls=1 in 9ms
2026-07-04 02:36:35 INFO  DataIntegrityRuntime:351 - DataIntegrity[benign-5][ss-b-card-create]: baseline captured, fresh key {longNum=mist-0f0ba42dff08}
2026-07-04 02:36:35 INFO  DataIntegrityRuntime:634 - DataIntegrity[benign-5][ss-b-card-create]: acked=true X-present=true gate=OBSERVED_PRESENT polls=1 in 10ms
2026-07-04 02:36:38 INFO  DataIntegrityRuntime:351 - DataIntegrity[benign-5][ss-b-card-create]: baseline captured, fresh key {longNum=mist-e5abd897edd6}
2026-07-04 02:36:38 INFO  DataIntegrityRuntime:634 - DataIntegrity[benign-5][ss-b-card-create]: acked=true X-present=true gate=OBSERVED_PRESENT polls=1 in 10ms
2026-07-04 02:36:39 INFO  DataIntegrityRuntime:351 - DataIntegrity[benign-5][ss-b-card-create]: baseline captured, fresh key {longNum=mist-534d47480737}
2026-07-04 02:36:39 INFO  DataIntegrityRuntime:634 - DataIntegrity[benign-5][ss-b-card-create]: acked=true X-present=true gate=OBSERVED_PRESENT polls=1 in 11ms
2026-07-04 02:36:41 INFO  DataIntegrityRuntime:351 - DataIntegrity[benign-5][ss-b-card-create]: baseline captured, fresh key {longNum=mist-3e7b1ef49294}
2026-07-04 02:36:41 INFO  DataIntegrityRuntime:634 - DataIntegrity[benign-5][ss-b-card-create]: acked=true X-present=true gate=OBSERVED_PRESENT polls=1 in 10ms
2026-07-04 02:36:43 INFO  DataIntegrityRuntime:351 - DataIntegrity[benign-5][ss-b-card-create]: baseline captured, fresh key {longNum=mist-b370d7f551f9}
2026-07-04 02:36:43 INFO  DataIntegrityRuntime:634 - DataIntegrity[benign-5][ss-b-card-create]: acked=true X-present=true gate=OBSERVED_PRESENT polls=1 in 11ms
2026-07-04 02:36:44 INFO  DataIntegrityRuntime:351 - DataIntegrity[benign-5][ss-b-card-create]: baseline captured, fresh key {longNum=mist-f67a81ae590a}
2026-07-04 02:36:44 INFO  DataIntegrityRuntime:634 - DataIntegrity[benign-5][ss-b-card-create]: acked=true X-present=true gate=OBSERVED_PRESENT polls=1 in 9ms
2026-07-04 02:36:46 INFO  DataIntegrityRuntime:351 - DataIntegrity[benign-5][ss-b-card-create]: baseline captured, fresh key {longNum=mist-80e0c7a5358c}
2026-07-04 02:36:46 INFO  DataIntegrityRuntime:634 - DataIntegrity[benign-5][ss-b-card-create]: acked=true X-present=true gate=OBSERVED_PRESENT polls=1 in 11ms
2026-07-04 02:36:48 INFO  DataIntegrityRuntime:351 - DataIntegrity[benign-5][ss-b-card-create]: baseline captured, fresh key {longNum=mist-47b471ebebce}
2026-07-04 02:36:48 INFO  DataIntegrityRuntime:634 - DataIntegrity[benign-5][ss-b-card-create]: acked=true X-present=true gate=OBSERVED_PRESENT polls=1 in 10ms
2026-07-04 02:36:50 INFO  DataIntegrityRuntime:351 - DataIntegrity[benign-5][ss-b-card-create]: baseline captured, fresh key {longNum=mist-b419f0506a07}
2026-07-04 02:36:50 INFO  DataIntegrityRuntime:634 - DataIntegrity[benign-5][ss-b-card-create]: acked=true X-present=true gate=OBSERVED_PRESENT polls=1 in 10ms
2026-07-04 02:36:51 INFO  DataIntegrityRuntime:351 - DataIntegrity[benign-5][ss-b-card-create]: baseline captured, fresh key {longNum=mist-68697fb80c4e}
2026-07-04 02:36:51 INFO  DataIntegrityRuntime:634 - DataIntegrity[benign-5][ss-b-card-create]: acked=true X-present=true gate=OBSERVED_PRESENT polls=1 in 10ms
2026-07-04 02:36:54 INFO  DataIntegrityRuntime:351 - DataIntegrity[benign-5][ss-b-card-create]: baseline captured, fresh key {longNum=mist-9bceca8065c2}
2026-07-04 02:36:54 INFO  DataIntegrityRuntime:634 - DataIntegrity[benign-5][ss-b-card-create]: acked=true X-present=true gate=OBSERVED_PRESENT polls=1 in 11ms
2026-07-04 02:36:56 INFO  DataIntegrityRuntime:351 - DataIntegrity[benign-5][ss-b-card-create]: baseline captured, fresh key {longNum=mist-94cedd96ffaf}
2026-07-04 02:36:56 INFO  DataIntegrityRuntime:634 - DataIntegrity[benign-5][ss-b-card-create]: acked=true X-present=true gate=OBSERVED_PRESENT polls=1 in 11ms
2026-07-04 02:36:57 INFO  DataIntegrityRuntime:351 - DataIntegrity[benign-5][ss-b-card-create]: baseline captured, fresh key {longNum=mist-b5bb818e51ef}
2026-07-04 02:36:57 INFO  DataIntegrityRuntime:634 - DataIntegrity[benign-5][ss-b-card-create]: acked=true X-present=true gate=OBSERVED_PRESENT polls=1 in 12ms
2026-07-04 02:36:59 INFO  DataIntegrityRuntime:351 - DataIntegrity[benign-5][ss-b-card-create]: baseline captured, fresh key {longNum=mist-f3543c7d94c2}
2026-07-04 02:36:59 INFO  DataIntegrityRuntime:634 - DataIntegrity[benign-5][ss-b-card-create]: acked=true X-present=true gate=OBSERVED_PRESENT polls=1 in 10ms
2026-07-04 02:37:01 INFO  DataIntegrityRuntime:351 - DataIntegrity[benign-5][ss-b-card-create]: baseline captured, fresh key {longNum=mist-7d610dce6ea1}
2026-07-04 02:37:01 INFO  DataIntegrityRuntime:634 - DataIntegrity[benign-5][ss-b-card-create]: acked=true X-present=true gate=OBSERVED_PRESENT polls=1 in 11ms
2026-07-04 02:37:02 INFO  DataIntegrityRuntime:351 - DataIntegrity[benign-5][ss-b-card-create]: baseline captured, fresh key {longNum=mist-f2125b6abc9d}
2026-07-04 02:37:02 INFO  DataIntegrityRuntime:634 - DataIntegrity[benign-5][ss-b-card-create]: acked=true X-present=true gate=OBSERVED_PRESENT polls=1 in 10ms
2026-07-04 02:37:05 INFO  DataIntegrityRuntime:351 - DataIntegrity[benign-6][ss-b-address-create]: baseline captured, fresh key {street=mist-b6d056914a4f, number=mist-31703e3b4742}
2026-07-04 02:37:05 INFO  DataIntegrityRuntime:634 - DataIntegrity[benign-6][ss-b-address-create]: acked=true X-present=true gate=OBSERVED_PRESENT polls=1 in 13ms
2026-07-04 02:37:07 INFO  DataIntegrityRuntime:351 - DataIntegrity[benign-6][ss-b-address-create]: baseline captured, fresh key {street=mist-a9fe487df46f, number=mist-53627e674c2e}
2026-07-04 02:37:07 INFO  DataIntegrityRuntime:634 - DataIntegrity[benign-6][ss-b-address-create]: acked=true X-present=true gate=OBSERVED_PRESENT polls=1 in 10ms
2026-07-04 02:37:09 INFO  DataIntegrityRuntime:351 - DataIntegrity[benign-6][ss-b-address-create]: baseline captured, fresh key {street=mist-5ec1bed8a020, number=mist-6ff403b9b1f4}
2026-07-04 02:37:09 INFO  DataIntegrityRuntime:634 - DataIntegrity[benign-6][ss-b-address-create]: acked=true X-present=true gate=OBSERVED_PRESENT polls=1 in 14ms
2026-07-04 02:37:11 INFO  DataIntegrityRuntime:351 - DataIntegrity[benign-6][ss-b-address-create]: baseline captured, fresh key {street=mist-bf2495eb26d0, number=mist-0bdc2c56d014}
2026-07-04 02:37:11 INFO  DataIntegrityRuntime:634 - DataIntegrity[benign-6][ss-b-address-create]: acked=true X-present=true gate=OBSERVED_PRESENT polls=1 in 13ms
2026-07-04 02:37:12 INFO  DataIntegrityRuntime:351 - DataIntegrity[benign-6][ss-b-address-create]: baseline captured, fresh key {street=mist-846f3d809811, number=mist-a0d6608539b3}
2026-07-04 02:37:12 INFO  DataIntegrityRuntime:634 - DataIntegrity[benign-6][ss-b-address-create]: acked=true X-present=true gate=OBSERVED_PRESENT polls=1 in 11ms
2026-07-04 02:37:15 INFO  DataIntegrityRuntime:351 - DataIntegrity[benign-6][ss-b-address-create]: baseline captured, fresh key {street=mist-0045119c6424, number=mist-d705afe6ba0e}
2026-07-04 02:37:15 INFO  DataIntegrityRuntime:634 - DataIntegrity[benign-6][ss-b-address-create]: acked=true X-present=true gate=OBSERVED_PRESENT polls=1 in 12ms
2026-07-04 02:37:16 INFO  DataIntegrityRuntime:351 - DataIntegrity[benign-6][ss-b-address-create]: baseline captured, fresh key {street=mist-46a03ee8f049, number=mist-8ee508ab24f4}
2026-07-04 02:37:16 INFO  DataIntegrityRuntime:634 - DataIntegrity[benign-6][ss-b-address-create]: acked=true X-present=true gate=OBSERVED_PRESENT polls=1 in 19ms
2026-07-04 02:37:18 INFO  DataIntegrityRuntime:351 - DataIntegrity[benign-6][ss-b-address-create]: baseline captured, fresh key {street=mist-49a8acb6fa48, number=mist-60aa8d51ae01}
2026-07-04 02:37:18 INFO  DataIntegrityRuntime:634 - DataIntegrity[benign-6][ss-b-address-create]: acked=true X-present=true gate=OBSERVED_PRESENT polls=1 in 11ms
2026-07-04 02:37:19 INFO  DataIntegrityRuntime:351 - DataIntegrity[benign-6][ss-b-address-create]: baseline captured, fresh key {street=mist-36b0f8f9f858, number=mist-6912dab0af84}
2026-07-04 02:37:19 INFO  DataIntegrityRuntime:634 - DataIntegrity[benign-6][ss-b-address-create]: acked=true X-present=true gate=OBSERVED_PRESENT polls=1 in 12ms
2026-07-04 02:37:21 INFO  DataIntegrityRuntime:351 - DataIntegrity[benign-6][ss-b-address-create]: baseline captured, fresh key {street=mist-b0bd0000e986, number=mist-7e53c259ec70}
2026-07-04 02:37:21 INFO  DataIntegrityRuntime:634 - DataIntegrity[benign-6][ss-b-address-create]: acked=true X-present=true gate=OBSERVED_PRESENT polls=1 in 11ms
2026-07-04 02:37:22 INFO  DataIntegrityRuntime:351 - DataIntegrity[benign-6][ss-b-address-create]: baseline captured, fresh key {street=mist-ab2a65f41e62, number=mist-5ad80d309da3}
2026-07-04 02:37:22 INFO  DataIntegrityRuntime:634 - DataIntegrity[benign-6][ss-b-address-create]: acked=true X-present=true gate=OBSERVED_PRESENT polls=1 in 11ms
2026-07-04 02:37:25 INFO  DataIntegrityRuntime:351 - DataIntegrity[benign-6][ss-b-address-create]: baseline captured, fresh key {street=mist-bcf8f9e5b31d, number=mist-e9dccce1c608}
2026-07-04 02:37:25 INFO  DataIntegrityRuntime:634 - DataIntegrity[benign-6][ss-b-address-create]: acked=true X-present=true gate=OBSERVED_PRESENT polls=1 in 11ms
2026-07-04 02:37:27 INFO  DataIntegrityRuntime:351 - DataIntegrity[benign-6][ss-b-address-create]: baseline captured, fresh key {street=mist-0996bb153a16, number=mist-890d95431969}
2026-07-04 02:37:27 INFO  DataIntegrityRuntime:634 - DataIntegrity[benign-6][ss-b-address-create]: acked=true X-present=true gate=OBSERVED_PRESENT polls=1 in 11ms
2026-07-04 02:37:29 INFO  DataIntegrityRuntime:351 - DataIntegrity[benign-6][ss-b-address-create]: baseline captured, fresh key {street=mist-a0bebb5624ec, number=mist-65f1a761f1da}
2026-07-04 02:37:29 INFO  DataIntegrityRuntime:634 - DataIntegrity[benign-6][ss-b-address-create]: acked=true X-present=true gate=OBSERVED_PRESENT polls=1 in 12ms
2026-07-04 02:37:30 INFO  DataIntegrityRuntime:351 - DataIntegrity[benign-6][ss-b-address-create]: baseline captured, fresh key {street=mist-0fdf3c6a4111, number=mist-ea16fb4713b1}
2026-07-04 02:37:30 INFO  DataIntegrityRuntime:634 - DataIntegrity[benign-6][ss-b-address-create]: acked=true X-present=true gate=OBSERVED_PRESENT polls=1 in 12ms
2026-07-04 02:37:32 INFO  DataIntegrityRuntime:351 - DataIntegrity[benign-6][ss-b-address-create]: baseline captured, fresh key {street=mist-268c4c0a0dbe, number=mist-62817dae7f70}
2026-07-04 02:37:32 INFO  DataIntegrityRuntime:634 - DataIntegrity[benign-6][ss-b-address-create]: acked=true X-present=true gate=OBSERVED_PRESENT polls=1 in 18ms
2026-07-04 02:37:34 INFO  DataIntegrityRuntime:351 - DataIntegrity[benign-6][ss-b-address-create]: baseline captured, fresh key {street=mist-b60c11c9b915, number=mist-5504ee76ec88}
2026-07-04 02:37:34 INFO  DataIntegrityRuntime:634 - DataIntegrity[benign-6][ss-b-address-create]: acked=true X-present=true gate=OBSERVED_PRESENT polls=1 in 15ms
2026-07-04 02:37:36 INFO  DataIntegrityRuntime:351 - DataIntegrity[benign-6][ss-b-address-create]: baseline captured, fresh key {street=mist-b866fd50e16d, number=mist-65debf83300c}
2026-07-04 02:37:36 INFO  DataIntegrityRuntime:634 - DataIntegrity[benign-6][ss-b-address-create]: acked=true X-present=true gate=OBSERVED_PRESENT polls=1 in 13ms
2026-07-04 02:37:37 INFO  DataIntegrityRuntime:351 - DataIntegrity[benign-6][ss-b-address-create]: baseline captured, fresh key {street=mist-5faa2f7ab1d1, number=mist-799941a1daa0}
2026-07-04 02:37:37 INFO  DataIntegrityRuntime:634 - DataIntegrity[benign-6][ss-b-address-create]: acked=true X-present=true gate=OBSERVED_PRESENT polls=1 in 12ms
2026-07-04 02:37:39 INFO  DataIntegrityRuntime:351 - DataIntegrity[benign-6][ss-b-address-create]: baseline captured, fresh key {street=mist-004f5e0cb551, number=mist-1ada314d53b5}
2026-07-04 02:37:39 INFO  DataIntegrityRuntime:634 - DataIntegrity[benign-6][ss-b-address-create]: acked=true X-present=true gate=OBSERVED_PRESENT polls=1 in 13ms
2026-07-04 02:37:40 INFO  DataIntegrityRuntime:351 - DataIntegrity[benign-6][ss-b-card-create]: baseline captured, fresh key {longNum=mist-671af02f90ba}
2026-07-04 02:37:40 INFO  DataIntegrityRuntime:634 - DataIntegrity[benign-6][ss-b-card-create]: acked=true X-present=true gate=OBSERVED_PRESENT polls=1 in 11ms
2026-07-04 02:37:42 INFO  DataIntegrityRuntime:351 - DataIntegrity[benign-6][ss-b-card-create]: baseline captured, fresh key {longNum=mist-2a710bddd6e1}
2026-07-04 02:37:42 INFO  DataIntegrityRuntime:634 - DataIntegrity[benign-6][ss-b-card-create]: acked=true X-present=true gate=OBSERVED_PRESENT polls=1 in 11ms
2026-07-04 02:37:43 INFO  DataIntegrityRuntime:351 - DataIntegrity[benign-6][ss-b-card-create]: baseline captured, fresh key {longNum=mist-fb8c9b45dfca}
2026-07-04 02:37:43 INFO  DataIntegrityRuntime:634 - DataIntegrity[benign-6][ss-b-card-create]: acked=true X-present=true gate=OBSERVED_PRESENT polls=1 in 12ms
2026-07-04 02:37:45 INFO  DataIntegrityRuntime:351 - DataIntegrity[benign-6][ss-b-card-create]: baseline captured, fresh key {longNum=mist-158adfb85d93}
2026-07-04 02:37:45 INFO  DataIntegrityRuntime:634 - DataIntegrity[benign-6][ss-b-card-create]: acked=true X-present=true gate=OBSERVED_PRESENT polls=1 in 11ms
2026-07-04 02:37:46 INFO  DataIntegrityRuntime:351 - DataIntegrity[benign-6][ss-b-card-create]: baseline captured, fresh key {longNum=mist-022ed9c3166a}
2026-07-04 02:37:46 INFO  DataIntegrityRuntime:634 - DataIntegrity[benign-6][ss-b-card-create]: acked=true X-present=true gate=OBSERVED_PRESENT polls=1 in 13ms
2026-07-04 02:37:48 INFO  DataIntegrityRuntime:351 - DataIntegrity[benign-6][ss-b-card-create]: baseline captured, fresh key {longNum=mist-85cb6bd7c9d5}
2026-07-04 02:37:48 INFO  DataIntegrityRuntime:634 - DataIntegrity[benign-6][ss-b-card-create]: acked=true X-present=true gate=OBSERVED_PRESENT polls=1 in 11ms
2026-07-04 02:37:51 INFO  DataIntegrityRuntime:351 - DataIntegrity[benign-6][ss-b-card-create]: baseline captured, fresh key {longNum=mist-37090452b9eb}
2026-07-04 02:37:51 INFO  DataIntegrityRuntime:634 - DataIntegrity[benign-6][ss-b-card-create]: acked=true X-present=true gate=OBSERVED_PRESENT polls=1 in 11ms
2026-07-04 02:37:53 INFO  DataIntegrityRuntime:351 - DataIntegrity[benign-6][ss-b-card-create]: baseline captured, fresh key {longNum=mist-ba1595e10483}
2026-07-04 02:37:53 INFO  DataIntegrityRuntime:634 - DataIntegrity[benign-6][ss-b-card-create]: acked=true X-present=true gate=OBSERVED_PRESENT polls=1 in 11ms
2026-07-04 02:37:54 INFO  DataIntegrityRuntime:351 - DataIntegrity[benign-6][ss-b-card-create]: baseline captured, fresh key {longNum=mist-4070d7ae31d2}
2026-07-04 02:37:54 INFO  DataIntegrityRuntime:634 - DataIntegrity[benign-6][ss-b-card-create]: acked=true X-present=true gate=OBSERVED_PRESENT polls=1 in 10ms
2026-07-04 02:37:57 INFO  DataIntegrityRuntime:351 - DataIntegrity[benign-6][ss-b-card-create]: baseline captured, fresh key {longNum=mist-0c97d2e39823}
2026-07-04 02:37:57 INFO  DataIntegrityRuntime:634 - DataIntegrity[benign-6][ss-b-card-create]: acked=true X-present=true gate=OBSERVED_PRESENT polls=1 in 11ms
2026-07-04 02:37:58 INFO  DataIntegrityRuntime:351 - DataIntegrity[benign-6][ss-b-card-create]: baseline captured, fresh key {longNum=mist-93d2600907d7}
2026-07-04 02:37:58 INFO  DataIntegrityRuntime:634 - DataIntegrity[benign-6][ss-b-card-create]: acked=true X-present=true gate=OBSERVED_PRESENT polls=1 in 11ms
2026-07-04 02:38:00 INFO  DataIntegrityRuntime:351 - DataIntegrity[benign-6][ss-b-card-create]: baseline captured, fresh key {longNum=mist-84aa8a0773bd}
2026-07-04 02:38:00 INFO  DataIntegrityRuntime:634 - DataIntegrity[benign-6][ss-b-card-create]: acked=true X-present=true gate=OBSERVED_PRESENT polls=1 in 11ms
2026-07-04 02:38:02 INFO  DataIntegrityRuntime:351 - DataIntegrity[benign-6][ss-b-card-create]: baseline captured, fresh key {longNum=mist-7356e7aa06f6}
2026-07-04 02:38:02 INFO  DataIntegrityRuntime:634 - DataIntegrity[benign-6][ss-b-card-create]: acked=true X-present=true gate=OBSERVED_PRESENT polls=1 in 10ms
2026-07-04 02:38:04 INFO  DataIntegrityRuntime:351 - DataIntegrity[benign-6][ss-b-card-create]: baseline captured, fresh key {longNum=mist-7d7ab7a5cb85}
2026-07-04 02:38:04 INFO  DataIntegrityRuntime:634 - DataIntegrity[benign-6][ss-b-card-create]: acked=true X-present=true gate=OBSERVED_PRESENT polls=1 in 10ms
2026-07-04 02:38:06 INFO  DataIntegrityRuntime:351 - DataIntegrity[benign-6][ss-b-card-create]: baseline captured, fresh key {longNum=mist-250f57e7b973}
2026-07-04 02:38:06 INFO  DataIntegrityRuntime:634 - DataIntegrity[benign-6][ss-b-card-create]: acked=true X-present=true gate=OBSERVED_PRESENT polls=1 in 11ms
2026-07-04 02:38:07 INFO  DataIntegrityRuntime:351 - DataIntegrity[benign-6][ss-b-card-create]: baseline captured, fresh key {longNum=mist-eec3b91c0643}
2026-07-04 02:38:07 INFO  DataIntegrityRuntime:634 - DataIntegrity[benign-6][ss-b-card-create]: acked=true X-present=true gate=OBSERVED_PRESENT polls=1 in 12ms
2026-07-04 02:38:09 INFO  DataIntegrityRuntime:351 - DataIntegrity[benign-6][ss-b-card-create]: baseline captured, fresh key {longNum=mist-59451aa2ad68}
2026-07-04 02:38:09 INFO  DataIntegrityRuntime:634 - DataIntegrity[benign-6][ss-b-card-create]: acked=true X-present=true gate=OBSERVED_PRESENT polls=1 in 9ms
2026-07-04 02:38:12 INFO  DataIntegrityRuntime:351 - DataIntegrity[benign-6][ss-b-card-create]: baseline captured, fresh key {longNum=mist-0c36f4c6c49a}
2026-07-04 02:38:12 INFO  DataIntegrityRuntime:634 - DataIntegrity[benign-6][ss-b-card-create]: acked=true X-present=true gate=OBSERVED_PRESENT polls=1 in 10ms
2026-07-04 02:38:13 INFO  DataIntegrityRuntime:351 - DataIntegrity[benign-6][ss-b-card-create]: baseline captured, fresh key {longNum=mist-00827820767f}
2026-07-04 02:38:13 INFO  DataIntegrityRuntime:634 - DataIntegrity[benign-6][ss-b-card-create]: acked=true X-present=true gate=OBSERVED_PRESENT polls=1 in 10ms
2026-07-04 02:38:15 INFO  DataIntegrityRuntime:351 - DataIntegrity[benign-6][ss-b-card-create]: baseline captured, fresh key {longNum=mist-2e0ac99abdc9}
2026-07-04 02:38:15 INFO  DataIntegrityRuntime:634 - DataIntegrity[benign-6][ss-b-card-create]: acked=true X-present=true gate=OBSERVED_PRESENT polls=1 in 11ms
2026-07-04 02:38:17 INFO  DataIntegrityRuntime:351 - DataIntegrity[benign-7][ss-b-address-create]: baseline captured, fresh key {street=mist-bbc39c548d1e, number=mist-c605afc5a148}
2026-07-04 02:38:17 INFO  DataIntegrityRuntime:634 - DataIntegrity[benign-7][ss-b-address-create]: acked=true X-present=true gate=OBSERVED_PRESENT polls=1 in 14ms
2026-07-04 02:38:19 INFO  DataIntegrityRuntime:351 - DataIntegrity[benign-7][ss-b-address-create]: baseline captured, fresh key {street=mist-89d6147a2dae, number=mist-667c4915c62e}
2026-07-04 02:38:19 INFO  DataIntegrityRuntime:634 - DataIntegrity[benign-7][ss-b-address-create]: acked=true X-present=true gate=OBSERVED_PRESENT polls=1 in 13ms
2026-07-04 02:38:21 INFO  DataIntegrityRuntime:351 - DataIntegrity[benign-7][ss-b-address-create]: baseline captured, fresh key {street=mist-1c69cfa59085, number=mist-5b67ed3a174b}
2026-07-04 02:38:21 INFO  DataIntegrityRuntime:634 - DataIntegrity[benign-7][ss-b-address-create]: acked=true X-present=true gate=OBSERVED_PRESENT polls=1 in 13ms
2026-07-04 02:38:23 INFO  DataIntegrityRuntime:351 - DataIntegrity[benign-7][ss-b-address-create]: baseline captured, fresh key {street=mist-8d9881721429, number=mist-c5fa4b82b473}
2026-07-04 02:38:23 INFO  DataIntegrityRuntime:634 - DataIntegrity[benign-7][ss-b-address-create]: acked=true X-present=true gate=OBSERVED_PRESENT polls=1 in 15ms
2026-07-04 02:38:24 INFO  DataIntegrityRuntime:351 - DataIntegrity[benign-7][ss-b-address-create]: baseline captured, fresh key {street=mist-34800800eb9b, number=mist-8e586f9e2202}
2026-07-04 02:38:25 INFO  DataIntegrityRuntime:634 - DataIntegrity[benign-7][ss-b-address-create]: acked=true X-present=true gate=OBSERVED_PRESENT polls=1 in 11ms
2026-07-04 02:38:26 INFO  DataIntegrityRuntime:351 - DataIntegrity[benign-7][ss-b-address-create]: baseline captured, fresh key {street=mist-53808ed051ab, number=mist-831e314d9a37}
2026-07-04 02:38:26 INFO  DataIntegrityRuntime:634 - DataIntegrity[benign-7][ss-b-address-create]: acked=true X-present=true gate=OBSERVED_PRESENT polls=1 in 14ms
2026-07-04 02:38:29 INFO  DataIntegrityRuntime:351 - DataIntegrity[benign-7][ss-b-address-create]: baseline captured, fresh key {street=mist-c69a6a27ce4f, number=mist-23142e776d51}
2026-07-04 02:38:29 INFO  DataIntegrityRuntime:634 - DataIntegrity[benign-7][ss-b-address-create]: acked=true X-present=true gate=OBSERVED_PRESENT polls=1 in 13ms
2026-07-04 02:38:30 INFO  DataIntegrityRuntime:351 - DataIntegrity[benign-7][ss-b-address-create]: baseline captured, fresh key {street=mist-f3f2f4b8cfee, number=mist-1263c3bf78b4}
2026-07-04 02:38:30 INFO  DataIntegrityRuntime:634 - DataIntegrity[benign-7][ss-b-address-create]: acked=true X-present=true gate=OBSERVED_PRESENT polls=1 in 13ms
2026-07-04 02:38:32 INFO  DataIntegrityRuntime:351 - DataIntegrity[benign-7][ss-b-address-create]: baseline captured, fresh key {street=mist-376302300069, number=mist-89ffdb273500}
2026-07-04 02:38:32 INFO  DataIntegrityRuntime:634 - DataIntegrity[benign-7][ss-b-address-create]: acked=true X-present=true gate=OBSERVED_PRESENT polls=1 in 11ms
2026-07-04 02:38:33 INFO  DataIntegrityRuntime:351 - DataIntegrity[benign-7][ss-b-address-create]: baseline captured, fresh key {street=mist-2fdecfd55c1a, number=mist-626710a59764}
2026-07-04 02:38:33 INFO  DataIntegrityRuntime:634 - DataIntegrity[benign-7][ss-b-address-create]: acked=true X-present=true gate=OBSERVED_PRESENT polls=1 in 12ms
2026-07-04 02:38:35 INFO  DataIntegrityRuntime:351 - DataIntegrity[benign-7][ss-b-address-create]: baseline captured, fresh key {street=mist-57d6555909f4, number=mist-91a44e5690bd}
2026-07-04 02:38:35 INFO  DataIntegrityRuntime:634 - DataIntegrity[benign-7][ss-b-address-create]: acked=true X-present=true gate=OBSERVED_PRESENT polls=1 in 11ms
2026-07-04 02:38:37 INFO  DataIntegrityRuntime:351 - DataIntegrity[benign-7][ss-b-address-create]: baseline captured, fresh key {street=mist-a295f5000958, number=mist-8bef9140354a}
2026-07-04 02:38:37 INFO  DataIntegrityRuntime:634 - DataIntegrity[benign-7][ss-b-address-create]: acked=true X-present=true gate=OBSERVED_PRESENT polls=1 in 14ms
2026-07-04 02:38:38 INFO  DataIntegrityRuntime:351 - DataIntegrity[benign-7][ss-b-address-create]: baseline captured, fresh key {street=mist-c0e4ae93375d, number=mist-60506e01fab5}
2026-07-04 02:38:38 INFO  DataIntegrityRuntime:634 - DataIntegrity[benign-7][ss-b-address-create]: acked=true X-present=true gate=OBSERVED_PRESENT polls=1 in 12ms
2026-07-04 02:38:40 INFO  DataIntegrityRuntime:351 - DataIntegrity[benign-7][ss-b-address-create]: baseline captured, fresh key {street=mist-c9d8ecb86f88, number=mist-0e65580b69ca}
2026-07-04 02:38:40 INFO  DataIntegrityRuntime:634 - DataIntegrity[benign-7][ss-b-address-create]: acked=true X-present=true gate=OBSERVED_PRESENT polls=1 in 14ms
2026-07-04 02:38:41 INFO  DataIntegrityRuntime:351 - DataIntegrity[benign-7][ss-b-address-create]: baseline captured, fresh key {street=mist-22262f8462fe, number=mist-972694235bec}
2026-07-04 02:38:41 INFO  DataIntegrityRuntime:634 - DataIntegrity[benign-7][ss-b-address-create]: acked=true X-present=true gate=OBSERVED_PRESENT polls=1 in 10ms
2026-07-04 02:38:43 INFO  DataIntegrityRuntime:351 - DataIntegrity[benign-7][ss-b-address-create]: baseline captured, fresh key {street=mist-33343c1dcec8, number=mist-e4e0d48bab64}
2026-07-04 02:38:43 INFO  DataIntegrityRuntime:634 - DataIntegrity[benign-7][ss-b-address-create]: acked=true X-present=true gate=OBSERVED_PRESENT polls=1 in 13ms
2026-07-04 02:38:45 INFO  DataIntegrityRuntime:351 - DataIntegrity[benign-7][ss-b-address-create]: baseline captured, fresh key {street=mist-051f33cabd1e, number=mist-80c531cd5d45}
2026-07-04 02:38:45 INFO  DataIntegrityRuntime:634 - DataIntegrity[benign-7][ss-b-address-create]: acked=true X-present=true gate=OBSERVED_PRESENT polls=1 in 13ms
2026-07-04 02:38:46 INFO  DataIntegrityRuntime:351 - DataIntegrity[benign-7][ss-b-address-create]: baseline captured, fresh key {street=mist-e5ce9825632a, number=mist-192baa9dfdc5}
2026-07-04 02:38:46 INFO  DataIntegrityRuntime:634 - DataIntegrity[benign-7][ss-b-address-create]: acked=true X-present=true gate=OBSERVED_PRESENT polls=1 in 12ms
2026-07-04 02:38:47 INFO  DataIntegrityRuntime:351 - DataIntegrity[benign-7][ss-b-address-create]: baseline captured, fresh key {street=mist-de6295313727, number=mist-768f4a6f3c90}
2026-07-04 02:38:47 INFO  DataIntegrityRuntime:634 - DataIntegrity[benign-7][ss-b-address-create]: acked=true X-present=true gate=OBSERVED_PRESENT polls=1 in 13ms
2026-07-04 02:38:49 INFO  DataIntegrityRuntime:351 - DataIntegrity[benign-7][ss-b-address-create]: baseline captured, fresh key {street=mist-fc90143e56a0, number=mist-ec37035d4d38}
2026-07-04 02:38:50 INFO  DataIntegrityRuntime:634 - DataIntegrity[benign-7][ss-b-address-create]: acked=true X-present=true gate=OBSERVED_PRESENT polls=1 in 13ms
2026-07-04 02:38:51 INFO  DataIntegrityRuntime:351 - DataIntegrity[benign-7][ss-b-card-create]: baseline captured, fresh key {longNum=mist-59a6b38eed5e}
2026-07-04 02:38:51 INFO  DataIntegrityRuntime:634 - DataIntegrity[benign-7][ss-b-card-create]: acked=true X-present=true gate=OBSERVED_PRESENT polls=1 in 12ms
2026-07-04 02:38:52 INFO  DataIntegrityRuntime:351 - DataIntegrity[benign-7][ss-b-card-create]: baseline captured, fresh key {longNum=mist-f947ecdb3f20}
2026-07-04 02:38:52 INFO  DataIntegrityRuntime:634 - DataIntegrity[benign-7][ss-b-card-create]: acked=true X-present=true gate=OBSERVED_PRESENT polls=1 in 14ms
2026-07-04 02:38:55 INFO  DataIntegrityRuntime:351 - DataIntegrity[benign-7][ss-b-card-create]: baseline captured, fresh key {longNum=mist-f60ac8a56360}
2026-07-04 02:38:55 INFO  DataIntegrityRuntime:634 - DataIntegrity[benign-7][ss-b-card-create]: acked=true X-present=true gate=OBSERVED_PRESENT polls=1 in 11ms
2026-07-04 02:38:56 INFO  DataIntegrityRuntime:351 - DataIntegrity[benign-7][ss-b-card-create]: baseline captured, fresh key {longNum=mist-f2ddb670d934}
2026-07-04 02:38:56 INFO  DataIntegrityRuntime:634 - DataIntegrity[benign-7][ss-b-card-create]: acked=true X-present=true gate=OBSERVED_PRESENT polls=1 in 12ms
2026-07-04 02:38:58 INFO  DataIntegrityRuntime:351 - DataIntegrity[benign-7][ss-b-card-create]: baseline captured, fresh key {longNum=mist-4e4445fb3fd0}
2026-07-04 02:38:58 INFO  DataIntegrityRuntime:634 - DataIntegrity[benign-7][ss-b-card-create]: acked=true X-present=true gate=OBSERVED_PRESENT polls=1 in 13ms
2026-07-04 02:39:00 INFO  DataIntegrityRuntime:351 - DataIntegrity[benign-7][ss-b-card-create]: baseline captured, fresh key {longNum=mist-ae66d7c55f41}
2026-07-04 02:39:01 INFO  DataIntegrityRuntime:634 - DataIntegrity[benign-7][ss-b-card-create]: acked=true X-present=true gate=OBSERVED_PRESENT polls=1 in 12ms
2026-07-04 02:39:02 INFO  DataIntegrityRuntime:351 - DataIntegrity[benign-7][ss-b-card-create]: baseline captured, fresh key {longNum=mist-ad7d0d8e7556}
2026-07-04 02:39:02 INFO  DataIntegrityRuntime:634 - DataIntegrity[benign-7][ss-b-card-create]: acked=true X-present=true gate=OBSERVED_PRESENT polls=1 in 12ms
2026-07-04 02:39:05 INFO  DataIntegrityRuntime:351 - DataIntegrity[benign-7][ss-b-card-create]: baseline captured, fresh key {longNum=mist-abc26c9e8ebb}
2026-07-04 02:39:05 INFO  DataIntegrityRuntime:634 - DataIntegrity[benign-7][ss-b-card-create]: acked=true X-present=true gate=OBSERVED_PRESENT polls=1 in 11ms
2026-07-04 02:39:07 INFO  DataIntegrityRuntime:351 - DataIntegrity[benign-7][ss-b-card-create]: baseline captured, fresh key {longNum=mist-33a199819a22}
2026-07-04 02:39:07 INFO  DataIntegrityRuntime:634 - DataIntegrity[benign-7][ss-b-card-create]: acked=true X-present=true gate=OBSERVED_PRESENT polls=1 in 10ms
2026-07-04 02:39:09 INFO  DataIntegrityRuntime:351 - DataIntegrity[benign-7][ss-b-card-create]: baseline captured, fresh key {longNum=mist-7e4ef0600c10}
2026-07-04 02:39:09 INFO  DataIntegrityRuntime:634 - DataIntegrity[benign-7][ss-b-card-create]: acked=true X-present=true gate=OBSERVED_PRESENT polls=1 in 13ms
2026-07-04 02:39:10 INFO  DataIntegrityRuntime:351 - DataIntegrity[benign-7][ss-b-card-create]: baseline captured, fresh key {longNum=mist-afdd94b5891f}
2026-07-04 02:39:10 INFO  DataIntegrityRuntime:634 - DataIntegrity[benign-7][ss-b-card-create]: acked=true X-present=true gate=OBSERVED_PRESENT polls=1 in 11ms
2026-07-04 02:39:12 INFO  DataIntegrityRuntime:351 - DataIntegrity[benign-7][ss-b-card-create]: baseline captured, fresh key {longNum=mist-588da59a0ea8}
2026-07-04 02:39:12 INFO  DataIntegrityRuntime:634 - DataIntegrity[benign-7][ss-b-card-create]: acked=true X-present=true gate=OBSERVED_PRESENT polls=1 in 10ms
2026-07-04 02:39:15 INFO  DataIntegrityRuntime:351 - DataIntegrity[benign-7][ss-b-card-create]: baseline captured, fresh key {longNum=mist-f5c27c29fd8b}
2026-07-04 02:39:15 INFO  DataIntegrityRuntime:634 - DataIntegrity[benign-7][ss-b-card-create]: acked=true X-present=true gate=OBSERVED_PRESENT polls=1 in 10ms
2026-07-04 02:39:16 INFO  DataIntegrityRuntime:351 - DataIntegrity[benign-7][ss-b-card-create]: baseline captured, fresh key {longNum=mist-2358d3ab6dfb}
2026-07-04 02:39:16 INFO  DataIntegrityRuntime:634 - DataIntegrity[benign-7][ss-b-card-create]: acked=true X-present=true gate=OBSERVED_PRESENT polls=1 in 14ms
2026-07-04 02:39:18 INFO  DataIntegrityRuntime:351 - DataIntegrity[benign-7][ss-b-card-create]: baseline captured, fresh key {longNum=mist-57c658798545}
2026-07-04 02:39:18 INFO  DataIntegrityRuntime:634 - DataIntegrity[benign-7][ss-b-card-create]: acked=true X-present=true gate=OBSERVED_PRESENT polls=1 in 12ms
2026-07-04 02:39:21 INFO  DataIntegrityRuntime:351 - DataIntegrity[benign-7][ss-b-card-create]: baseline captured, fresh key {longNum=mist-33e4619ec2ef}
2026-07-04 02:39:21 INFO  DataIntegrityRuntime:634 - DataIntegrity[benign-7][ss-b-card-create]: acked=true X-present=true gate=OBSERVED_PRESENT polls=1 in 12ms
2026-07-04 02:39:22 INFO  DataIntegrityRuntime:351 - DataIntegrity[benign-7][ss-b-card-create]: baseline captured, fresh key {longNum=mist-3a7f5b13b7a3}
2026-07-04 02:39:22 INFO  DataIntegrityRuntime:634 - DataIntegrity[benign-7][ss-b-card-create]: acked=true X-present=true gate=OBSERVED_PRESENT polls=1 in 12ms
2026-07-04 02:39:24 INFO  DataIntegrityRuntime:351 - DataIntegrity[benign-7][ss-b-card-create]: baseline captured, fresh key {longNum=mist-2d76a0f9592a}
2026-07-04 02:39:24 INFO  DataIntegrityRuntime:634 - DataIntegrity[benign-7][ss-b-card-create]: acked=true X-present=true gate=OBSERVED_PRESENT polls=1 in 11ms
2026-07-04 02:39:27 INFO  DataIntegrityRuntime:351 - DataIntegrity[benign-7][ss-b-card-create]: baseline captured, fresh key {longNum=mist-34861bc70299}
2026-07-04 02:39:27 INFO  DataIntegrityRuntime:634 - DataIntegrity[benign-7][ss-b-card-create]: acked=true X-present=true gate=OBSERVED_PRESENT polls=1 in 17ms
2026-07-04 02:39:28 INFO  DataIntegrityRuntime:351 - DataIntegrity[benign-7][ss-b-card-create]: baseline captured, fresh key {longNum=mist-dd80d7aba59d}
2026-07-04 02:39:28 INFO  DataIntegrityRuntime:634 - DataIntegrity[benign-7][ss-b-card-create]: acked=true X-present=true gate=OBSERVED_PRESENT polls=1 in 13ms
2026-07-04 02:39:31 INFO  DataIntegrityRuntime:351 - DataIntegrity[benign-8][ss-b-address-create]: baseline captured, fresh key {street=mist-42ffe8cfb599, number=mist-5e9dcac9589a}
2026-07-04 02:39:31 INFO  DataIntegrityRuntime:634 - DataIntegrity[benign-8][ss-b-address-create]: acked=true X-present=true gate=OBSERVED_PRESENT polls=1 in 12ms
2026-07-04 02:39:33 INFO  DataIntegrityRuntime:351 - DataIntegrity[benign-8][ss-b-address-create]: baseline captured, fresh key {street=mist-0f89e7de690f, number=mist-530f4fe48f2b}
2026-07-04 02:39:33 INFO  DataIntegrityRuntime:634 - DataIntegrity[benign-8][ss-b-address-create]: acked=true X-present=true gate=OBSERVED_PRESENT polls=1 in 12ms
2026-07-04 02:39:34 INFO  DataIntegrityRuntime:351 - DataIntegrity[benign-8][ss-b-address-create]: baseline captured, fresh key {street=mist-f38db397bae0, number=mist-2e3a8fa89e61}
2026-07-04 02:39:34 INFO  DataIntegrityRuntime:634 - DataIntegrity[benign-8][ss-b-address-create]: acked=true X-present=true gate=OBSERVED_PRESENT polls=1 in 13ms
2026-07-04 02:39:37 INFO  DataIntegrityRuntime:351 - DataIntegrity[benign-8][ss-b-address-create]: baseline captured, fresh key {street=mist-997f99f54571, number=mist-b3309577baa0}
2026-07-04 02:39:37 INFO  DataIntegrityRuntime:634 - DataIntegrity[benign-8][ss-b-address-create]: acked=true X-present=true gate=OBSERVED_PRESENT polls=1 in 14ms
2026-07-04 02:39:38 INFO  DataIntegrityRuntime:351 - DataIntegrity[benign-8][ss-b-address-create]: baseline captured, fresh key {street=mist-b24295267c7b, number=mist-f40409ac8b44}
2026-07-04 02:39:38 INFO  DataIntegrityRuntime:634 - DataIntegrity[benign-8][ss-b-address-create]: acked=true X-present=true gate=OBSERVED_PRESENT polls=1 in 13ms
2026-07-04 02:39:40 INFO  DataIntegrityRuntime:351 - DataIntegrity[benign-8][ss-b-address-create]: baseline captured, fresh key {street=mist-a556443a80ba, number=mist-fec5838fc752}
2026-07-04 02:39:40 INFO  DataIntegrityRuntime:634 - DataIntegrity[benign-8][ss-b-address-create]: acked=true X-present=true gate=OBSERVED_PRESENT polls=1 in 13ms
2026-07-04 02:39:42 INFO  DataIntegrityRuntime:351 - DataIntegrity[benign-8][ss-b-address-create]: baseline captured, fresh key {street=mist-3ad3f8b99f12, number=mist-84977098f171}
2026-07-04 02:39:42 INFO  DataIntegrityRuntime:634 - DataIntegrity[benign-8][ss-b-address-create]: acked=true X-present=true gate=OBSERVED_PRESENT polls=1 in 14ms
2026-07-04 02:39:44 INFO  DataIntegrityRuntime:351 - DataIntegrity[benign-8][ss-b-address-create]: baseline captured, fresh key {street=mist-ac78d72aecf9, number=mist-805d740d9f9b}
2026-07-04 02:39:44 INFO  DataIntegrityRuntime:634 - DataIntegrity[benign-8][ss-b-address-create]: acked=true X-present=true gate=OBSERVED_PRESENT polls=1 in 14ms
2026-07-04 02:39:47 INFO  DataIntegrityRuntime:351 - DataIntegrity[benign-8][ss-b-address-create]: baseline captured, fresh key {street=mist-2a23d84b068f, number=mist-de4f4c916505}
2026-07-04 02:39:47 INFO  DataIntegrityRuntime:634 - DataIntegrity[benign-8][ss-b-address-create]: acked=true X-present=true gate=OBSERVED_PRESENT polls=1 in 13ms
2026-07-04 02:39:49 INFO  DataIntegrityRuntime:351 - DataIntegrity[benign-8][ss-b-address-create]: baseline captured, fresh key {street=mist-ae00a48403c5, number=mist-076b99893ab3}
2026-07-04 02:39:49 INFO  DataIntegrityRuntime:634 - DataIntegrity[benign-8][ss-b-address-create]: acked=true X-present=true gate=OBSERVED_PRESENT polls=1 in 14ms
2026-07-04 02:39:50 INFO  DataIntegrityRuntime:351 - DataIntegrity[benign-8][ss-b-address-create]: baseline captured, fresh key {street=mist-9b1489f45e27, number=mist-a40898159dc5}
2026-07-04 02:39:50 INFO  DataIntegrityRuntime:634 - DataIntegrity[benign-8][ss-b-address-create]: acked=true X-present=true gate=OBSERVED_PRESENT polls=1 in 13ms
2026-07-04 02:39:53 INFO  DataIntegrityRuntime:351 - DataIntegrity[benign-8][ss-b-address-create]: baseline captured, fresh key {street=mist-30a86767d93c, number=mist-355b79f23211}
2026-07-04 02:39:53 INFO  DataIntegrityRuntime:634 - DataIntegrity[benign-8][ss-b-address-create]: acked=true X-present=true gate=OBSERVED_PRESENT polls=1 in 12ms
2026-07-04 02:39:54 INFO  DataIntegrityRuntime:351 - DataIntegrity[benign-8][ss-b-address-create]: baseline captured, fresh key {street=mist-56afa6b54dff, number=mist-3ac8e7a5af39}
2026-07-04 02:39:54 INFO  DataIntegrityRuntime:634 - DataIntegrity[benign-8][ss-b-address-create]: acked=true X-present=true gate=OBSERVED_PRESENT polls=1 in 13ms
2026-07-04 02:39:57 INFO  DataIntegrityRuntime:351 - DataIntegrity[benign-8][ss-b-address-create]: baseline captured, fresh key {street=mist-f4df3e12d43b, number=mist-2f14a894872e}
2026-07-04 02:39:57 INFO  DataIntegrityRuntime:634 - DataIntegrity[benign-8][ss-b-address-create]: acked=true X-present=true gate=OBSERVED_PRESENT polls=1 in 14ms
2026-07-04 02:39:59 INFO  DataIntegrityRuntime:351 - DataIntegrity[benign-8][ss-b-address-create]: baseline captured, fresh key {street=mist-abfb0265008d, number=mist-d29e4d334061}
2026-07-04 02:39:59 INFO  DataIntegrityRuntime:634 - DataIntegrity[benign-8][ss-b-address-create]: acked=true X-present=true gate=OBSERVED_PRESENT polls=1 in 12ms
2026-07-04 02:40:00 INFO  DataIntegrityRuntime:351 - DataIntegrity[benign-8][ss-b-address-create]: baseline captured, fresh key {street=mist-c1f447ec3254, number=mist-b1853e84dc9f}
2026-07-04 02:40:00 INFO  DataIntegrityRuntime:634 - DataIntegrity[benign-8][ss-b-address-create]: acked=true X-present=true gate=OBSERVED_PRESENT polls=1 in 13ms
2026-07-04 02:40:03 INFO  DataIntegrityRuntime:351 - DataIntegrity[benign-8][ss-b-address-create]: baseline captured, fresh key {street=mist-edda2b46cf48, number=mist-bdf49b8d50de}
2026-07-04 02:40:03 INFO  DataIntegrityRuntime:634 - DataIntegrity[benign-8][ss-b-address-create]: acked=true X-present=true gate=OBSERVED_PRESENT polls=1 in 12ms
2026-07-04 02:40:04 INFO  DataIntegrityRuntime:351 - DataIntegrity[benign-8][ss-b-address-create]: baseline captured, fresh key {street=mist-f0c8a67155da, number=mist-cb05b57816c9}
2026-07-04 02:40:04 INFO  DataIntegrityRuntime:634 - DataIntegrity[benign-8][ss-b-address-create]: acked=true X-present=true gate=OBSERVED_PRESENT polls=1 in 13ms
2026-07-04 02:40:06 INFO  DataIntegrityRuntime:351 - DataIntegrity[benign-8][ss-b-address-create]: baseline captured, fresh key {street=mist-6b38929eb1be, number=mist-ad3a772ef5fc}
2026-07-04 02:40:06 INFO  DataIntegrityRuntime:634 - DataIntegrity[benign-8][ss-b-address-create]: acked=true X-present=true gate=OBSERVED_PRESENT polls=1 in 13ms
2026-07-04 02:40:08 INFO  DataIntegrityRuntime:351 - DataIntegrity[benign-8][ss-b-address-create]: baseline captured, fresh key {street=mist-b1a5335cf552, number=mist-7d271b0f246d}
2026-07-04 02:40:08 INFO  DataIntegrityRuntime:634 - DataIntegrity[benign-8][ss-b-address-create]: acked=true X-present=true gate=OBSERVED_PRESENT polls=1 in 14ms
2026-07-04 02:40:10 INFO  DataIntegrityRuntime:351 - DataIntegrity[benign-8][ss-b-card-create]: baseline captured, fresh key {longNum=mist-97feed15bd55}
2026-07-04 02:40:10 INFO  DataIntegrityRuntime:634 - DataIntegrity[benign-8][ss-b-card-create]: acked=true X-present=true gate=OBSERVED_PRESENT polls=1 in 11ms
2026-07-04 02:40:11 INFO  DataIntegrityRuntime:351 - DataIntegrity[benign-8][ss-b-card-create]: baseline captured, fresh key {longNum=mist-47c13f87e58f}
2026-07-04 02:40:11 INFO  DataIntegrityRuntime:634 - DataIntegrity[benign-8][ss-b-card-create]: acked=true X-present=true gate=OBSERVED_PRESENT polls=1 in 12ms
2026-07-04 02:40:14 INFO  DataIntegrityRuntime:351 - DataIntegrity[benign-8][ss-b-card-create]: baseline captured, fresh key {longNum=mist-5019788f13a4}
2026-07-04 02:40:14 INFO  DataIntegrityRuntime:634 - DataIntegrity[benign-8][ss-b-card-create]: acked=true X-present=true gate=OBSERVED_PRESENT polls=1 in 11ms
2026-07-04 02:40:15 INFO  DataIntegrityRuntime:351 - DataIntegrity[benign-8][ss-b-card-create]: baseline captured, fresh key {longNum=mist-3c46e23250c5}
2026-07-04 02:40:16 INFO  DataIntegrityRuntime:634 - DataIntegrity[benign-8][ss-b-card-create]: acked=true X-present=true gate=OBSERVED_PRESENT polls=1 in 12ms
2026-07-04 02:40:18 INFO  DataIntegrityRuntime:351 - DataIntegrity[benign-8][ss-b-card-create]: baseline captured, fresh key {longNum=mist-8e52b66a2ee5}
2026-07-04 02:40:18 INFO  DataIntegrityRuntime:634 - DataIntegrity[benign-8][ss-b-card-create]: acked=true X-present=true gate=OBSERVED_PRESENT polls=1 in 13ms
2026-07-04 02:40:21 INFO  DataIntegrityRuntime:351 - DataIntegrity[benign-8][ss-b-card-create]: baseline captured, fresh key {longNum=mist-9a156e68ea39}
2026-07-04 02:40:21 INFO  DataIntegrityRuntime:634 - DataIntegrity[benign-8][ss-b-card-create]: acked=true X-present=true gate=OBSERVED_PRESENT polls=1 in 10ms
2026-07-04 02:40:22 INFO  DataIntegrityRuntime:351 - DataIntegrity[benign-8][ss-b-card-create]: baseline captured, fresh key {longNum=mist-fef1526ba97a}
2026-07-04 02:40:22 INFO  DataIntegrityRuntime:634 - DataIntegrity[benign-8][ss-b-card-create]: acked=true X-present=true gate=OBSERVED_PRESENT polls=1 in 11ms
2026-07-04 02:40:24 INFO  DataIntegrityRuntime:351 - DataIntegrity[benign-8][ss-b-card-create]: baseline captured, fresh key {longNum=mist-2eef1894dca7}
2026-07-04 02:40:24 INFO  DataIntegrityRuntime:634 - DataIntegrity[benign-8][ss-b-card-create]: acked=true X-present=true gate=OBSERVED_PRESENT polls=1 in 12ms
2026-07-04 02:40:26 INFO  DataIntegrityRuntime:351 - DataIntegrity[benign-8][ss-b-card-create]: baseline captured, fresh key {longNum=mist-db32389d22c1}
2026-07-04 02:40:26 INFO  DataIntegrityRuntime:634 - DataIntegrity[benign-8][ss-b-card-create]: acked=true X-present=true gate=OBSERVED_PRESENT polls=1 in 11ms
2026-07-04 02:40:29 INFO  DataIntegrityRuntime:351 - DataIntegrity[benign-8][ss-b-card-create]: baseline captured, fresh key {longNum=mist-34599fc7974f}
2026-07-04 02:40:29 INFO  DataIntegrityRuntime:634 - DataIntegrity[benign-8][ss-b-card-create]: acked=true X-present=true gate=OBSERVED_PRESENT polls=1 in 13ms
2026-07-04 02:40:31 INFO  DataIntegrityRuntime:351 - DataIntegrity[benign-8][ss-b-card-create]: baseline captured, fresh key {longNum=mist-f73606a6dbc3}
2026-07-04 02:40:31 INFO  DataIntegrityRuntime:634 - DataIntegrity[benign-8][ss-b-card-create]: acked=true X-present=true gate=OBSERVED_PRESENT polls=1 in 14ms
2026-07-04 02:40:32 INFO  DataIntegrityRuntime:351 - DataIntegrity[benign-8][ss-b-card-create]: baseline captured, fresh key {longNum=mist-21c6a8075372}
2026-07-04 02:40:32 INFO  DataIntegrityRuntime:634 - DataIntegrity[benign-8][ss-b-card-create]: acked=true X-present=true gate=OBSERVED_PRESENT polls=1 in 11ms
2026-07-04 02:40:34 INFO  DataIntegrityRuntime:351 - DataIntegrity[benign-8][ss-b-card-create]: baseline captured, fresh key {longNum=mist-84100283a4bc}
2026-07-04 02:40:34 INFO  DataIntegrityRuntime:634 - DataIntegrity[benign-8][ss-b-card-create]: acked=true X-present=true gate=OBSERVED_PRESENT polls=1 in 12ms
2026-07-04 02:40:35 INFO  DataIntegrityRuntime:351 - DataIntegrity[benign-8][ss-b-card-create]: baseline captured, fresh key {longNum=mist-886066af2dda}
2026-07-04 02:40:35 INFO  DataIntegrityRuntime:634 - DataIntegrity[benign-8][ss-b-card-create]: acked=true X-present=true gate=OBSERVED_PRESENT polls=1 in 13ms
2026-07-04 02:40:37 INFO  DataIntegrityRuntime:351 - DataIntegrity[benign-8][ss-b-card-create]: baseline captured, fresh key {longNum=mist-152804e8c68d}
2026-07-04 02:40:37 INFO  DataIntegrityRuntime:634 - DataIntegrity[benign-8][ss-b-card-create]: acked=true X-present=true gate=OBSERVED_PRESENT polls=1 in 11ms
2026-07-04 02:40:39 INFO  DataIntegrityRuntime:351 - DataIntegrity[benign-8][ss-b-card-create]: baseline captured, fresh key {longNum=mist-1b41884c3bc4}
2026-07-04 02:40:40 INFO  DataIntegrityRuntime:634 - DataIntegrity[benign-8][ss-b-card-create]: acked=true X-present=true gate=OBSERVED_PRESENT polls=1 in 10ms
2026-07-04 02:40:41 INFO  DataIntegrityRuntime:351 - DataIntegrity[benign-8][ss-b-card-create]: baseline captured, fresh key {longNum=mist-2f3bf22a383f}
2026-07-04 02:40:41 INFO  DataIntegrityRuntime:634 - DataIntegrity[benign-8][ss-b-card-create]: acked=true X-present=true gate=OBSERVED_PRESENT polls=1 in 12ms
2026-07-04 02:40:43 INFO  DataIntegrityRuntime:351 - DataIntegrity[benign-8][ss-b-card-create]: baseline captured, fresh key {longNum=mist-e8a434bdc32b}
2026-07-04 02:40:43 INFO  DataIntegrityRuntime:634 - DataIntegrity[benign-8][ss-b-card-create]: acked=true X-present=true gate=OBSERVED_PRESENT polls=1 in 11ms
2026-07-04 02:40:44 INFO  DataIntegrityRuntime:351 - DataIntegrity[benign-8][ss-b-card-create]: baseline captured, fresh key {longNum=mist-8822d8eb1893}
2026-07-04 02:40:44 INFO  DataIntegrityRuntime:634 - DataIntegrity[benign-8][ss-b-card-create]: acked=true X-present=true gate=OBSERVED_PRESENT polls=1 in 12ms
2026-07-04 02:40:46 INFO  DataIntegrityRuntime:351 - DataIntegrity[benign-8][ss-b-card-create]: baseline captured, fresh key {longNum=mist-0a05e6204a12}
2026-07-04 02:40:46 INFO  DataIntegrityRuntime:634 - DataIntegrity[benign-8][ss-b-card-create]: acked=true X-present=true gate=OBSERVED_PRESENT polls=1 in 14ms
2026-07-04 02:40:49 INFO  DataIntegrityRuntime:351 - DataIntegrity[benign-9][ss-b-address-create]: baseline captured, fresh key {street=mist-f82d10327f30, number=mist-fc09573d8bcb}
2026-07-04 02:40:49 INFO  DataIntegrityRuntime:634 - DataIntegrity[benign-9][ss-b-address-create]: acked=true X-present=true gate=OBSERVED_PRESENT polls=1 in 15ms
2026-07-04 02:40:53 INFO  DataIntegrityRuntime:351 - DataIntegrity[benign-9][ss-b-address-create]: baseline captured, fresh key {street=mist-360a6d723dfa, number=mist-7c24d98e70d0}
2026-07-04 02:40:53 INFO  DataIntegrityRuntime:634 - DataIntegrity[benign-9][ss-b-address-create]: acked=true X-present=true gate=OBSERVED_PRESENT polls=1 in 13ms
2026-07-04 02:40:58 INFO  DataIntegrityRuntime:351 - DataIntegrity[benign-9][ss-b-address-create]: baseline captured, fresh key {street=mist-cf4097681266, number=mist-21f0755dadc8}
2026-07-04 02:40:58 INFO  DataIntegrityRuntime:634 - DataIntegrity[benign-9][ss-b-address-create]: acked=true X-present=true gate=OBSERVED_PRESENT polls=1 in 12ms
2026-07-04 02:41:04 INFO  DataIntegrityRuntime:351 - DataIntegrity[benign-9][ss-b-address-create]: baseline captured, fresh key {street=mist-4aaebf24e729, number=mist-d80fd718aeb6}
2026-07-04 02:41:04 INFO  DataIntegrityRuntime:634 - DataIntegrity[benign-9][ss-b-address-create]: acked=true X-present=true gate=OBSERVED_PRESENT polls=1 in 12ms
2026-07-04 02:41:09 INFO  DataIntegrityRuntime:351 - DataIntegrity[benign-9][ss-b-address-create]: baseline captured, fresh key {street=mist-6b06282a5498, number=mist-aabc1798bd82}
2026-07-04 02:41:09 INFO  DataIntegrityRuntime:634 - DataIntegrity[benign-9][ss-b-address-create]: acked=true X-present=true gate=OBSERVED_PRESENT polls=1 in 14ms
2026-07-04 02:41:14 INFO  DataIntegrityRuntime:351 - DataIntegrity[benign-9][ss-b-address-create]: baseline captured, fresh key {street=mist-5fb660c1eeb3, number=mist-e84b228cb0af}
2026-07-04 02:41:14 INFO  DataIntegrityRuntime:634 - DataIntegrity[benign-9][ss-b-address-create]: acked=true X-present=true gate=OBSERVED_PRESENT polls=1 in 14ms
2026-07-04 02:41:18 INFO  DataIntegrityRuntime:351 - DataIntegrity[benign-9][ss-b-address-create]: baseline captured, fresh key {street=mist-8e28802a87ec, number=mist-7a1006991215}
2026-07-04 02:41:18 INFO  DataIntegrityRuntime:634 - DataIntegrity[benign-9][ss-b-address-create]: acked=true X-present=true gate=OBSERVED_PRESENT polls=1 in 12ms
2026-07-04 02:41:25 INFO  DataIntegrityRuntime:351 - DataIntegrity[benign-9][ss-b-address-create]: baseline captured, fresh key {street=mist-722d4f578dff, number=mist-4b3f53beee8a}
2026-07-04 02:41:25 INFO  DataIntegrityRuntime:634 - DataIntegrity[benign-9][ss-b-address-create]: acked=true X-present=true gate=OBSERVED_PRESENT polls=1 in 13ms
2026-07-04 02:41:29 INFO  DataIntegrityRuntime:351 - DataIntegrity[benign-9][ss-b-address-create]: baseline captured, fresh key {street=mist-2a21aa8eb926, number=mist-4e91ff83a719}
2026-07-04 02:41:29 INFO  DataIntegrityRuntime:634 - DataIntegrity[benign-9][ss-b-address-create]: acked=true X-present=true gate=OBSERVED_PRESENT polls=1 in 13ms
2026-07-04 02:41:31 INFO  DataIntegrityRuntime:351 - DataIntegrity[benign-9][ss-b-address-create]: baseline captured, fresh key {street=mist-9005adb2fd58, number=mist-30e02a1bf608}
2026-07-04 02:41:31 INFO  DataIntegrityRuntime:634 - DataIntegrity[benign-9][ss-b-address-create]: acked=true X-present=true gate=OBSERVED_PRESENT polls=1 in 19ms
2026-07-04 02:41:33 INFO  DataIntegrityRuntime:351 - DataIntegrity[benign-9][ss-b-address-create]: baseline captured, fresh key {street=mist-bff185d18b95, number=mist-9a2310338086}
2026-07-04 02:41:34 INFO  DataIntegrityRuntime:634 - DataIntegrity[benign-9][ss-b-address-create]: acked=true X-present=true gate=OBSERVED_PRESENT polls=1 in 14ms
2026-07-04 02:41:35 INFO  DataIntegrityRuntime:351 - DataIntegrity[benign-9][ss-b-address-create]: baseline captured, fresh key {street=mist-a697f082d070, number=mist-04fae77737e8}
2026-07-04 02:41:35 INFO  DataIntegrityRuntime:634 - DataIntegrity[benign-9][ss-b-address-create]: acked=true X-present=true gate=OBSERVED_PRESENT polls=1 in 12ms
2026-07-04 02:41:37 INFO  DataIntegrityRuntime:351 - DataIntegrity[benign-9][ss-b-address-create]: baseline captured, fresh key {street=mist-4e320889bcbb, number=mist-71059ca23b63}
2026-07-04 02:41:37 INFO  DataIntegrityRuntime:634 - DataIntegrity[benign-9][ss-b-address-create]: acked=true X-present=true gate=OBSERVED_PRESENT polls=1 in 13ms
2026-07-04 02:41:39 INFO  DataIntegrityRuntime:351 - DataIntegrity[benign-9][ss-b-address-create]: baseline captured, fresh key {street=mist-07fdcbda8c02, number=mist-e71657647838}
2026-07-04 02:41:39 INFO  DataIntegrityRuntime:634 - DataIntegrity[benign-9][ss-b-address-create]: acked=true X-present=true gate=OBSERVED_PRESENT polls=1 in 13ms
2026-07-04 02:41:41 INFO  DataIntegrityRuntime:351 - DataIntegrity[benign-9][ss-b-address-create]: baseline captured, fresh key {street=mist-82bc2c6a977f, number=mist-e050b2d61ce9}
2026-07-04 02:41:41 INFO  DataIntegrityRuntime:634 - DataIntegrity[benign-9][ss-b-address-create]: acked=true X-present=true gate=OBSERVED_PRESENT polls=1 in 13ms
2026-07-04 02:41:42 INFO  DataIntegrityRuntime:351 - DataIntegrity[benign-9][ss-b-address-create]: baseline captured, fresh key {street=mist-5ec5b5b5e3e6, number=mist-6d212b939e11}
2026-07-04 02:41:42 INFO  DataIntegrityRuntime:634 - DataIntegrity[benign-9][ss-b-address-create]: acked=true X-present=true gate=OBSERVED_PRESENT polls=1 in 12ms
2026-07-04 02:41:45 INFO  DataIntegrityRuntime:351 - DataIntegrity[benign-9][ss-b-address-create]: baseline captured, fresh key {street=mist-051c2429ab50, number=mist-4daefb86605f}
2026-07-04 02:41:45 INFO  DataIntegrityRuntime:634 - DataIntegrity[benign-9][ss-b-address-create]: acked=true X-present=true gate=OBSERVED_PRESENT polls=1 in 14ms
2026-07-04 02:41:47 INFO  DataIntegrityRuntime:351 - DataIntegrity[benign-9][ss-b-address-create]: baseline captured, fresh key {street=mist-b6bbbe2b145a, number=mist-59dde6e84e97}
2026-07-04 02:41:47 INFO  DataIntegrityRuntime:634 - DataIntegrity[benign-9][ss-b-address-create]: acked=true X-present=true gate=OBSERVED_PRESENT polls=1 in 11ms
2026-07-04 02:41:50 INFO  DataIntegrityRuntime:351 - DataIntegrity[benign-9][ss-b-address-create]: baseline captured, fresh key {street=mist-7724b8a79a8c, number=mist-2e544a384c8b}
2026-07-04 02:41:50 INFO  DataIntegrityRuntime:634 - DataIntegrity[benign-9][ss-b-address-create]: acked=true X-present=true gate=OBSERVED_PRESENT polls=1 in 12ms
2026-07-04 02:41:51 INFO  DataIntegrityRuntime:351 - DataIntegrity[benign-9][ss-b-address-create]: baseline captured, fresh key {street=mist-34e6023752be, number=mist-a0be0faf4191}
2026-07-04 02:41:51 INFO  DataIntegrityRuntime:634 - DataIntegrity[benign-9][ss-b-address-create]: acked=true X-present=true gate=OBSERVED_PRESENT polls=1 in 13ms
2026-07-04 02:41:54 INFO  DataIntegrityRuntime:351 - DataIntegrity[benign-9][ss-b-card-create]: baseline captured, fresh key {longNum=mist-e6d31a79042f}
2026-07-04 02:41:54 INFO  DataIntegrityRuntime:634 - DataIntegrity[benign-9][ss-b-card-create]: acked=true X-present=true gate=OBSERVED_PRESENT polls=1 in 13ms
2026-07-04 02:41:56 INFO  DataIntegrityRuntime:351 - DataIntegrity[benign-9][ss-b-card-create]: baseline captured, fresh key {longNum=mist-b271c97d8f08}
2026-07-04 02:41:56 INFO  DataIntegrityRuntime:634 - DataIntegrity[benign-9][ss-b-card-create]: acked=true X-present=true gate=OBSERVED_PRESENT polls=1 in 15ms
2026-07-04 02:41:58 INFO  DataIntegrityRuntime:351 - DataIntegrity[benign-9][ss-b-card-create]: baseline captured, fresh key {longNum=mist-5101d8960ea1}
2026-07-04 02:41:58 INFO  DataIntegrityRuntime:634 - DataIntegrity[benign-9][ss-b-card-create]: acked=true X-present=true gate=OBSERVED_PRESENT polls=1 in 11ms
2026-07-04 02:42:00 INFO  DataIntegrityRuntime:351 - DataIntegrity[benign-9][ss-b-card-create]: baseline captured, fresh key {longNum=mist-93a02a725505}
2026-07-04 02:42:00 INFO  DataIntegrityRuntime:634 - DataIntegrity[benign-9][ss-b-card-create]: acked=true X-present=true gate=OBSERVED_PRESENT polls=1 in 11ms
2026-07-04 02:42:01 INFO  DataIntegrityRuntime:351 - DataIntegrity[benign-9][ss-b-card-create]: baseline captured, fresh key {longNum=mist-4e6ddabd87b3}
2026-07-04 02:42:01 INFO  DataIntegrityRuntime:634 - DataIntegrity[benign-9][ss-b-card-create]: acked=true X-present=true gate=OBSERVED_PRESENT polls=1 in 14ms
2026-07-04 02:42:04 INFO  DataIntegrityRuntime:351 - DataIntegrity[benign-9][ss-b-card-create]: baseline captured, fresh key {longNum=mist-6249bb83ff35}
2026-07-04 02:42:04 INFO  DataIntegrityRuntime:634 - DataIntegrity[benign-9][ss-b-card-create]: acked=true X-present=true gate=OBSERVED_PRESENT polls=1 in 11ms
2026-07-04 02:42:06 INFO  DataIntegrityRuntime:351 - DataIntegrity[benign-9][ss-b-card-create]: baseline captured, fresh key {longNum=mist-fd5f24b3a963}
2026-07-04 02:42:06 INFO  DataIntegrityRuntime:634 - DataIntegrity[benign-9][ss-b-card-create]: acked=true X-present=true gate=OBSERVED_PRESENT polls=1 in 13ms
2026-07-04 02:42:09 INFO  DataIntegrityRuntime:351 - DataIntegrity[benign-9][ss-b-card-create]: baseline captured, fresh key {longNum=mist-7d562b1eca14}
2026-07-04 02:42:09 INFO  DataIntegrityRuntime:634 - DataIntegrity[benign-9][ss-b-card-create]: acked=true X-present=true gate=OBSERVED_PRESENT polls=1 in 12ms
2026-07-04 02:42:11 INFO  DataIntegrityRuntime:351 - DataIntegrity[benign-9][ss-b-card-create]: baseline captured, fresh key {longNum=mist-0cc6d0540877}
2026-07-04 02:42:11 INFO  DataIntegrityRuntime:634 - DataIntegrity[benign-9][ss-b-card-create]: acked=true X-present=true gate=OBSERVED_PRESENT polls=1 in 12ms
2026-07-04 02:42:13 INFO  DataIntegrityRuntime:351 - DataIntegrity[benign-9][ss-b-card-create]: baseline captured, fresh key {longNum=mist-2e60baffca61}
2026-07-04 02:42:13 INFO  DataIntegrityRuntime:634 - DataIntegrity[benign-9][ss-b-card-create]: acked=true X-present=true gate=OBSERVED_PRESENT polls=1 in 14ms
2026-07-04 02:42:15 INFO  DataIntegrityRuntime:351 - DataIntegrity[benign-9][ss-b-card-create]: baseline captured, fresh key {longNum=mist-b242422e4221}
2026-07-04 02:42:15 INFO  DataIntegrityRuntime:634 - DataIntegrity[benign-9][ss-b-card-create]: acked=true X-present=true gate=OBSERVED_PRESENT polls=1 in 12ms
2026-07-04 02:42:16 INFO  DataIntegrityRuntime:351 - DataIntegrity[benign-9][ss-b-card-create]: baseline captured, fresh key {longNum=mist-bb92fc08a452}
2026-07-04 02:42:16 INFO  DataIntegrityRuntime:634 - DataIntegrity[benign-9][ss-b-card-create]: acked=true X-present=true gate=OBSERVED_PRESENT polls=1 in 13ms
2026-07-04 02:42:19 INFO  DataIntegrityRuntime:351 - DataIntegrity[benign-9][ss-b-card-create]: baseline captured, fresh key {longNum=mist-1efe82e0cb17}
2026-07-04 02:42:19 INFO  DataIntegrityRuntime:634 - DataIntegrity[benign-9][ss-b-card-create]: acked=true X-present=true gate=OBSERVED_PRESENT polls=1 in 13ms
2026-07-04 02:42:21 INFO  DataIntegrityRuntime:351 - DataIntegrity[benign-9][ss-b-card-create]: baseline captured, fresh key {longNum=mist-9d40f4c27a96}
2026-07-04 02:42:21 INFO  DataIntegrityRuntime:634 - DataIntegrity[benign-9][ss-b-card-create]: acked=true X-present=true gate=OBSERVED_PRESENT polls=1 in 13ms
2026-07-04 02:42:22 INFO  DataIntegrityRuntime:351 - DataIntegrity[benign-9][ss-b-card-create]: baseline captured, fresh key {longNum=mist-58c18c32739b}
2026-07-04 02:42:22 INFO  DataIntegrityRuntime:634 - DataIntegrity[benign-9][ss-b-card-create]: acked=true X-present=true gate=OBSERVED_PRESENT polls=1 in 11ms
2026-07-04 02:42:24 INFO  DataIntegrityRuntime:351 - DataIntegrity[benign-9][ss-b-card-create]: baseline captured, fresh key {longNum=mist-9046b68537b8}
2026-07-04 02:42:24 INFO  DataIntegrityRuntime:634 - DataIntegrity[benign-9][ss-b-card-create]: acked=true X-present=true gate=OBSERVED_PRESENT polls=1 in 14ms
2026-07-04 02:42:26 INFO  DataIntegrityRuntime:351 - DataIntegrity[benign-9][ss-b-card-create]: baseline captured, fresh key {longNum=mist-014b4dd6e30a}
2026-07-04 02:42:26 INFO  DataIntegrityRuntime:634 - DataIntegrity[benign-9][ss-b-card-create]: acked=true X-present=true gate=OBSERVED_PRESENT polls=1 in 13ms
2026-07-04 02:42:29 INFO  DataIntegrityRuntime:351 - DataIntegrity[benign-9][ss-b-card-create]: baseline captured, fresh key {longNum=mist-085ff3668989}
2026-07-04 02:42:29 INFO  DataIntegrityRuntime:634 - DataIntegrity[benign-9][ss-b-card-create]: acked=true X-present=true gate=OBSERVED_PRESENT polls=1 in 12ms
2026-07-04 02:42:31 INFO  DataIntegrityRuntime:351 - DataIntegrity[benign-9][ss-b-card-create]: baseline captured, fresh key {longNum=mist-690826b957ae}
2026-07-04 02:42:31 INFO  DataIntegrityRuntime:634 - DataIntegrity[benign-9][ss-b-card-create]: acked=true X-present=true gate=OBSERVED_PRESENT polls=1 in 12ms
2026-07-04 02:42:32 INFO  DataIntegrityRuntime:351 - DataIntegrity[benign-9][ss-b-card-create]: baseline captured, fresh key {longNum=mist-6956a0f3e39d}
2026-07-04 02:42:32 INFO  DataIntegrityRuntime:634 - DataIntegrity[benign-9][ss-b-card-create]: acked=true X-present=true gate=OBSERVED_PRESENT polls=1 in 13ms
2026-07-04 02:42:36 INFO  DataIntegrityRuntime:351 - DataIntegrity[benign-10][ss-b-address-create]: baseline captured, fresh key {street=mist-a47fd11b9135, number=mist-5b43ffdf0a3a}
2026-07-04 02:42:36 INFO  DataIntegrityRuntime:634 - DataIntegrity[benign-10][ss-b-address-create]: acked=true X-present=true gate=OBSERVED_PRESENT polls=1 in 14ms
2026-07-04 02:42:37 INFO  DataIntegrityRuntime:351 - DataIntegrity[benign-10][ss-b-address-create]: baseline captured, fresh key {street=mist-427ea436b730, number=mist-7a335ec7f880}
2026-07-04 02:42:37 INFO  DataIntegrityRuntime:634 - DataIntegrity[benign-10][ss-b-address-create]: acked=true X-present=true gate=OBSERVED_PRESENT polls=1 in 13ms
2026-07-04 02:42:40 INFO  DataIntegrityRuntime:351 - DataIntegrity[benign-10][ss-b-address-create]: baseline captured, fresh key {street=mist-aefa529d551b, number=mist-a29ac8872c41}
2026-07-04 02:42:40 INFO  DataIntegrityRuntime:634 - DataIntegrity[benign-10][ss-b-address-create]: acked=true X-present=true gate=OBSERVED_PRESENT polls=1 in 13ms
2026-07-04 02:42:41 INFO  DataIntegrityRuntime:351 - DataIntegrity[benign-10][ss-b-address-create]: baseline captured, fresh key {street=mist-26bf05eac81c, number=mist-31e01d8969a3}
2026-07-04 02:42:41 INFO  DataIntegrityRuntime:634 - DataIntegrity[benign-10][ss-b-address-create]: acked=true X-present=true gate=OBSERVED_PRESENT polls=1 in 15ms
2026-07-04 02:42:43 INFO  DataIntegrityRuntime:351 - DataIntegrity[benign-10][ss-b-address-create]: baseline captured, fresh key {street=mist-4584e8979c35, number=mist-c3e9496696ed}
2026-07-04 02:42:43 INFO  DataIntegrityRuntime:634 - DataIntegrity[benign-10][ss-b-address-create]: acked=true X-present=true gate=OBSERVED_PRESENT polls=1 in 13ms
2026-07-04 02:42:44 INFO  DataIntegrityRuntime:351 - DataIntegrity[benign-10][ss-b-address-create]: baseline captured, fresh key {street=mist-3aeb419b74db, number=mist-87be35e46fed}
2026-07-04 02:42:44 INFO  DataIntegrityRuntime:634 - DataIntegrity[benign-10][ss-b-address-create]: acked=true X-present=true gate=OBSERVED_PRESENT polls=1 in 13ms
2026-07-04 02:42:46 INFO  DataIntegrityRuntime:351 - DataIntegrity[benign-10][ss-b-address-create]: baseline captured, fresh key {street=mist-3dce21ec0178, number=mist-33db90d314f6}
2026-07-04 02:42:46 INFO  DataIntegrityRuntime:634 - DataIntegrity[benign-10][ss-b-address-create]: acked=true X-present=true gate=OBSERVED_PRESENT polls=1 in 14ms
2026-07-04 02:42:48 INFO  DataIntegrityRuntime:351 - DataIntegrity[benign-10][ss-b-address-create]: baseline captured, fresh key {street=mist-ea0683684852, number=mist-da82f9582d58}
2026-07-04 02:42:48 INFO  DataIntegrityRuntime:634 - DataIntegrity[benign-10][ss-b-address-create]: acked=true X-present=true gate=OBSERVED_PRESENT polls=1 in 14ms
2026-07-04 02:42:50 INFO  DataIntegrityRuntime:351 - DataIntegrity[benign-10][ss-b-address-create]: baseline captured, fresh key {street=mist-70eaf35ce164, number=mist-4768d0b17ebb}
2026-07-04 02:42:50 INFO  DataIntegrityRuntime:634 - DataIntegrity[benign-10][ss-b-address-create]: acked=true X-present=true gate=OBSERVED_PRESENT polls=1 in 14ms
2026-07-04 02:42:53 INFO  DataIntegrityRuntime:351 - DataIntegrity[benign-10][ss-b-address-create]: baseline captured, fresh key {street=mist-45dbb1f8c3b1, number=mist-88685d0f03f6}
2026-07-04 02:42:53 INFO  DataIntegrityRuntime:634 - DataIntegrity[benign-10][ss-b-address-create]: acked=true X-present=true gate=OBSERVED_PRESENT polls=1 in 12ms
2026-07-04 02:42:55 INFO  DataIntegrityRuntime:351 - DataIntegrity[benign-10][ss-b-address-create]: baseline captured, fresh key {street=mist-1438c867d9ac, number=mist-04d7ee0d9428}
2026-07-04 02:42:55 INFO  DataIntegrityRuntime:634 - DataIntegrity[benign-10][ss-b-address-create]: acked=true X-present=true gate=OBSERVED_PRESENT polls=1 in 13ms
2026-07-04 02:42:57 INFO  DataIntegrityRuntime:351 - DataIntegrity[benign-10][ss-b-address-create]: baseline captured, fresh key {street=mist-6c88be883c9c, number=mist-5a4d04a4a3fa}
2026-07-04 02:42:57 INFO  DataIntegrityRuntime:634 - DataIntegrity[benign-10][ss-b-address-create]: acked=true X-present=true gate=OBSERVED_PRESENT polls=1 in 12ms
2026-07-04 02:42:58 INFO  DataIntegrityRuntime:351 - DataIntegrity[benign-10][ss-b-address-create]: baseline captured, fresh key {street=mist-8e2b5771a23d, number=mist-16f2a40a8a6a}
2026-07-04 02:42:58 INFO  DataIntegrityRuntime:634 - DataIntegrity[benign-10][ss-b-address-create]: acked=true X-present=true gate=OBSERVED_PRESENT polls=1 in 13ms
2026-07-04 02:43:01 INFO  DataIntegrityRuntime:351 - DataIntegrity[benign-10][ss-b-address-create]: baseline captured, fresh key {street=mist-234780569dee, number=mist-fd19118706ab}
2026-07-04 02:43:01 INFO  DataIntegrityRuntime:634 - DataIntegrity[benign-10][ss-b-address-create]: acked=true X-present=true gate=OBSERVED_PRESENT polls=1 in 11ms
2026-07-04 02:43:03 INFO  DataIntegrityRuntime:351 - DataIntegrity[benign-10][ss-b-address-create]: baseline captured, fresh key {street=mist-04e16507c9a7, number=mist-ea85bc753ff7}
2026-07-04 02:43:03 INFO  DataIntegrityRuntime:634 - DataIntegrity[benign-10][ss-b-address-create]: acked=true X-present=true gate=OBSERVED_PRESENT polls=1 in 14ms
2026-07-04 02:43:04 INFO  DataIntegrityRuntime:351 - DataIntegrity[benign-10][ss-b-address-create]: baseline captured, fresh key {street=mist-dac4c20de942, number=mist-b22bfd991687}
2026-07-04 02:43:04 INFO  DataIntegrityRuntime:634 - DataIntegrity[benign-10][ss-b-address-create]: acked=true X-present=true gate=OBSERVED_PRESENT polls=1 in 13ms
2026-07-04 02:43:06 INFO  DataIntegrityRuntime:351 - DataIntegrity[benign-10][ss-b-address-create]: baseline captured, fresh key {street=mist-ae38eef19c83, number=mist-73e162ea8194}
2026-07-04 02:43:06 INFO  DataIntegrityRuntime:634 - DataIntegrity[benign-10][ss-b-address-create]: acked=true X-present=true gate=OBSERVED_PRESENT polls=1 in 14ms
2026-07-04 02:43:07 INFO  DataIntegrityRuntime:351 - DataIntegrity[benign-10][ss-b-address-create]: baseline captured, fresh key {street=mist-0e49d2707ac0, number=mist-ef074fa905fe}
2026-07-04 02:43:07 INFO  DataIntegrityRuntime:634 - DataIntegrity[benign-10][ss-b-address-create]: acked=true X-present=true gate=OBSERVED_PRESENT polls=1 in 15ms
2026-07-04 02:43:09 INFO  DataIntegrityRuntime:351 - DataIntegrity[benign-10][ss-b-address-create]: baseline captured, fresh key {street=mist-3fa28bccd711, number=mist-8ae0bc62e296}
2026-07-04 02:43:09 INFO  DataIntegrityRuntime:634 - DataIntegrity[benign-10][ss-b-address-create]: acked=true X-present=true gate=OBSERVED_PRESENT polls=1 in 13ms
2026-07-04 02:43:11 INFO  DataIntegrityRuntime:351 - DataIntegrity[benign-10][ss-b-address-create]: baseline captured, fresh key {street=mist-fd23af8457d5, number=mist-5c7b43672c51}
2026-07-04 02:43:11 INFO  DataIntegrityRuntime:634 - DataIntegrity[benign-10][ss-b-address-create]: acked=true X-present=true gate=OBSERVED_PRESENT polls=1 in 12ms
2026-07-04 02:43:13 INFO  DataIntegrityRuntime:351 - DataIntegrity[benign-10][ss-b-card-create]: baseline captured, fresh key {longNum=mist-87795d089324}
2026-07-04 02:43:14 INFO  DataIntegrityRuntime:634 - DataIntegrity[benign-10][ss-b-card-create]: acked=true X-present=true gate=OBSERVED_PRESENT polls=1 in 14ms
2026-07-04 02:43:16 INFO  DataIntegrityRuntime:351 - DataIntegrity[benign-10][ss-b-card-create]: baseline captured, fresh key {longNum=mist-c001467c2887}
2026-07-04 02:43:16 INFO  DataIntegrityRuntime:634 - DataIntegrity[benign-10][ss-b-card-create]: acked=true X-present=true gate=OBSERVED_PRESENT polls=1 in 13ms
2026-07-04 02:43:17 INFO  DataIntegrityRuntime:351 - DataIntegrity[benign-10][ss-b-card-create]: baseline captured, fresh key {longNum=mist-a1b13e3337af}
2026-07-04 02:43:17 INFO  DataIntegrityRuntime:634 - DataIntegrity[benign-10][ss-b-card-create]: acked=true X-present=true gate=OBSERVED_PRESENT polls=1 in 13ms
2026-07-04 02:43:19 INFO  DataIntegrityRuntime:351 - DataIntegrity[benign-10][ss-b-card-create]: baseline captured, fresh key {longNum=mist-6b53586ff825}
2026-07-04 02:43:19 INFO  DataIntegrityRuntime:634 - DataIntegrity[benign-10][ss-b-card-create]: acked=true X-present=true gate=OBSERVED_PRESENT polls=1 in 12ms
2026-07-04 02:43:22 INFO  DataIntegrityRuntime:351 - DataIntegrity[benign-10][ss-b-card-create]: baseline captured, fresh key {longNum=mist-af5ccfa77835}
2026-07-04 02:43:22 INFO  DataIntegrityRuntime:634 - DataIntegrity[benign-10][ss-b-card-create]: acked=true X-present=true gate=OBSERVED_PRESENT polls=1 in 12ms
2026-07-04 02:43:23 INFO  DataIntegrityRuntime:351 - DataIntegrity[benign-10][ss-b-card-create]: baseline captured, fresh key {longNum=mist-08feb0f14f36}
2026-07-04 02:43:23 INFO  DataIntegrityRuntime:634 - DataIntegrity[benign-10][ss-b-card-create]: acked=true X-present=true gate=OBSERVED_PRESENT polls=1 in 13ms
2026-07-04 02:43:25 INFO  DataIntegrityRuntime:351 - DataIntegrity[benign-10][ss-b-card-create]: baseline captured, fresh key {longNum=mist-977dbcfa468b}
2026-07-04 02:43:25 INFO  DataIntegrityRuntime:634 - DataIntegrity[benign-10][ss-b-card-create]: acked=true X-present=true gate=OBSERVED_PRESENT polls=1 in 12ms
2026-07-04 02:43:27 INFO  DataIntegrityRuntime:351 - DataIntegrity[benign-10][ss-b-card-create]: baseline captured, fresh key {longNum=mist-6ba3c4be0b6c}
2026-07-04 02:43:27 INFO  DataIntegrityRuntime:634 - DataIntegrity[benign-10][ss-b-card-create]: acked=true X-present=true gate=OBSERVED_PRESENT polls=1 in 13ms
2026-07-04 02:43:29 INFO  DataIntegrityRuntime:351 - DataIntegrity[benign-10][ss-b-card-create]: baseline captured, fresh key {longNum=mist-0fa71b630b8b}
2026-07-04 02:43:29 INFO  DataIntegrityRuntime:634 - DataIntegrity[benign-10][ss-b-card-create]: acked=true X-present=true gate=OBSERVED_PRESENT polls=1 in 12ms
2026-07-04 02:43:31 INFO  DataIntegrityRuntime:351 - DataIntegrity[benign-10][ss-b-card-create]: baseline captured, fresh key {longNum=mist-1441557d1262}
2026-07-04 02:43:31 INFO  DataIntegrityRuntime:634 - DataIntegrity[benign-10][ss-b-card-create]: acked=true X-present=true gate=OBSERVED_PRESENT polls=1 in 11ms
2026-07-04 02:43:34 INFO  DataIntegrityRuntime:351 - DataIntegrity[benign-10][ss-b-card-create]: baseline captured, fresh key {longNum=mist-85670a6a2a8c}
2026-07-04 02:43:34 INFO  DataIntegrityRuntime:634 - DataIntegrity[benign-10][ss-b-card-create]: acked=true X-present=true gate=OBSERVED_PRESENT polls=1 in 15ms
2026-07-04 02:43:36 INFO  DataIntegrityRuntime:351 - DataIntegrity[benign-10][ss-b-card-create]: baseline captured, fresh key {longNum=mist-060e23087a4b}
2026-07-04 02:43:36 INFO  DataIntegrityRuntime:634 - DataIntegrity[benign-10][ss-b-card-create]: acked=true X-present=true gate=OBSERVED_PRESENT polls=1 in 14ms
2026-07-04 02:43:38 INFO  DataIntegrityRuntime:351 - DataIntegrity[benign-10][ss-b-card-create]: baseline captured, fresh key {longNum=mist-79ac7ef52c3d}
2026-07-04 02:43:38 INFO  DataIntegrityRuntime:634 - DataIntegrity[benign-10][ss-b-card-create]: acked=true X-present=true gate=OBSERVED_PRESENT polls=1 in 13ms
2026-07-04 02:43:40 INFO  DataIntegrityRuntime:351 - DataIntegrity[benign-10][ss-b-card-create]: baseline captured, fresh key {longNum=mist-f9d61ef7449b}
2026-07-04 02:43:40 INFO  DataIntegrityRuntime:634 - DataIntegrity[benign-10][ss-b-card-create]: acked=true X-present=true gate=OBSERVED_PRESENT polls=1 in 12ms
2026-07-04 02:43:42 INFO  DataIntegrityRuntime:351 - DataIntegrity[benign-10][ss-b-card-create]: baseline captured, fresh key {longNum=mist-3b3d558e210d}
2026-07-04 02:43:43 INFO  DataIntegrityRuntime:634 - DataIntegrity[benign-10][ss-b-card-create]: acked=true X-present=true gate=OBSERVED_PRESENT polls=1 in 12ms
2026-07-04 02:43:44 INFO  DataIntegrityRuntime:351 - DataIntegrity[benign-10][ss-b-card-create]: baseline captured, fresh key {longNum=mist-234b7afe423d}
2026-07-04 02:43:44 INFO  DataIntegrityRuntime:634 - DataIntegrity[benign-10][ss-b-card-create]: acked=true X-present=true gate=OBSERVED_PRESENT polls=1 in 13ms
2026-07-04 02:43:46 INFO  DataIntegrityRuntime:351 - DataIntegrity[benign-10][ss-b-card-create]: baseline captured, fresh key {longNum=mist-72d57b1c0d6d}
2026-07-04 02:43:46 INFO  DataIntegrityRuntime:634 - DataIntegrity[benign-10][ss-b-card-create]: acked=true X-present=true gate=OBSERVED_PRESENT polls=1 in 12ms
2026-07-04 02:43:49 INFO  DataIntegrityRuntime:351 - DataIntegrity[benign-10][ss-b-card-create]: baseline captured, fresh key {longNum=mist-8a1327769ead}
2026-07-04 02:43:49 INFO  DataIntegrityRuntime:634 - DataIntegrity[benign-10][ss-b-card-create]: acked=true X-present=true gate=OBSERVED_PRESENT polls=1 in 11ms
2026-07-04 02:43:50 INFO  DataIntegrityRuntime:351 - DataIntegrity[benign-10][ss-b-card-create]: baseline captured, fresh key {longNum=mist-d54cd1ea92cd}
2026-07-04 02:43:50 INFO  DataIntegrityRuntime:634 - DataIntegrity[benign-10][ss-b-card-create]: acked=true X-present=true gate=OBSERVED_PRESENT polls=1 in 13ms
2026-07-04 02:43:52 INFO  DataIntegrityRuntime:351 - DataIntegrity[benign-10][ss-b-card-create]: baseline captured, fresh key {longNum=mist-56e4528a8b6e}
2026-07-04 02:43:52 INFO  DataIntegrityRuntime:634 - DataIntegrity[benign-10][ss-b-card-create]: acked=true X-present=true gate=OBSERVED_PRESENT polls=1 in 14ms
2026-07-04 02:43:55 INFO  DataIntegrityRuntime:351 - DataIntegrity[benign-11][ss-b-address-create]: baseline captured, fresh key {street=mist-9dcf80c0a2a6, number=mist-a6a9bb56685d}
2026-07-04 02:43:55 INFO  DataIntegrityRuntime:634 - DataIntegrity[benign-11][ss-b-address-create]: acked=true X-present=true gate=OBSERVED_PRESENT polls=1 in 16ms
2026-07-04 02:43:57 INFO  DataIntegrityRuntime:351 - DataIntegrity[benign-11][ss-b-address-create]: baseline captured, fresh key {street=mist-2ed8d3cfd1cd, number=mist-6e9e18fcda75}
2026-07-04 02:43:57 INFO  DataIntegrityRuntime:634 - DataIntegrity[benign-11][ss-b-address-create]: acked=true X-present=true gate=OBSERVED_PRESENT polls=1 in 16ms
2026-07-04 02:43:59 INFO  DataIntegrityRuntime:351 - DataIntegrity[benign-11][ss-b-address-create]: baseline captured, fresh key {street=mist-e0545006174d, number=mist-71e7f0305ba3}
2026-07-04 02:43:59 INFO  DataIntegrityRuntime:634 - DataIntegrity[benign-11][ss-b-address-create]: acked=true X-present=true gate=OBSERVED_PRESENT polls=1 in 15ms
2026-07-04 02:44:00 INFO  DataIntegrityRuntime:351 - DataIntegrity[benign-11][ss-b-address-create]: baseline captured, fresh key {street=mist-196fdf8211bd, number=mist-5e6a80861f53}
2026-07-04 02:44:00 INFO  DataIntegrityRuntime:634 - DataIntegrity[benign-11][ss-b-address-create]: acked=true X-present=true gate=OBSERVED_PRESENT polls=1 in 14ms
2026-07-04 02:44:02 INFO  DataIntegrityRuntime:351 - DataIntegrity[benign-11][ss-b-address-create]: baseline captured, fresh key {street=mist-c0b6d0b8177c, number=mist-6ab8e3fb9218}
2026-07-04 02:44:02 INFO  DataIntegrityRuntime:634 - DataIntegrity[benign-11][ss-b-address-create]: acked=true X-present=true gate=OBSERVED_PRESENT polls=1 in 13ms
2026-07-04 02:44:04 INFO  DataIntegrityRuntime:351 - DataIntegrity[benign-11][ss-b-address-create]: baseline captured, fresh key {street=mist-d7741b45023a, number=mist-e9df1bfb1dde}
2026-07-04 02:44:04 INFO  DataIntegrityRuntime:634 - DataIntegrity[benign-11][ss-b-address-create]: acked=true X-present=true gate=OBSERVED_PRESENT polls=1 in 14ms
2026-07-04 02:44:06 INFO  DataIntegrityRuntime:351 - DataIntegrity[benign-11][ss-b-address-create]: baseline captured, fresh key {street=mist-dbeec35d4f17, number=mist-54cd1ef247a9}
2026-07-04 02:44:06 INFO  DataIntegrityRuntime:634 - DataIntegrity[benign-11][ss-b-address-create]: acked=true X-present=true gate=OBSERVED_PRESENT polls=1 in 14ms
2026-07-04 02:44:07 INFO  DataIntegrityRuntime:351 - DataIntegrity[benign-11][ss-b-address-create]: baseline captured, fresh key {street=mist-4f0fd91fd999, number=mist-504ae8f1eb8b}
2026-07-04 02:44:07 INFO  DataIntegrityRuntime:634 - DataIntegrity[benign-11][ss-b-address-create]: acked=true X-present=true gate=OBSERVED_PRESENT polls=1 in 16ms
2026-07-04 02:44:10 INFO  DataIntegrityRuntime:351 - DataIntegrity[benign-11][ss-b-address-create]: baseline captured, fresh key {street=mist-5adea675aeff, number=mist-8b2b72952131}
2026-07-04 02:44:10 INFO  DataIntegrityRuntime:634 - DataIntegrity[benign-11][ss-b-address-create]: acked=true X-present=true gate=OBSERVED_PRESENT polls=1 in 15ms
2026-07-04 02:44:12 INFO  DataIntegrityRuntime:351 - DataIntegrity[benign-11][ss-b-address-create]: baseline captured, fresh key {street=mist-e098fb1755e4, number=mist-08fd4f1c800b}
2026-07-04 02:44:12 INFO  DataIntegrityRuntime:634 - DataIntegrity[benign-11][ss-b-address-create]: acked=true X-present=true gate=OBSERVED_PRESENT polls=1 in 13ms
2026-07-04 02:44:13 INFO  DataIntegrityRuntime:351 - DataIntegrity[benign-11][ss-b-address-create]: baseline captured, fresh key {street=mist-e042bb24203a, number=mist-906938f787db}
2026-07-04 02:44:13 INFO  DataIntegrityRuntime:634 - DataIntegrity[benign-11][ss-b-address-create]: acked=true X-present=true gate=OBSERVED_PRESENT polls=1 in 13ms
2026-07-04 02:44:15 INFO  DataIntegrityRuntime:351 - DataIntegrity[benign-11][ss-b-address-create]: baseline captured, fresh key {street=mist-859d76b12d5b, number=mist-0fde0518af7d}
2026-07-04 02:44:15 INFO  DataIntegrityRuntime:634 - DataIntegrity[benign-11][ss-b-address-create]: acked=true X-present=true gate=OBSERVED_PRESENT polls=1 in 13ms
2026-07-04 02:44:16 INFO  DataIntegrityRuntime:351 - DataIntegrity[benign-11][ss-b-address-create]: baseline captured, fresh key {street=mist-dc83cbb52bfd, number=mist-3af32dce81e7}
2026-07-04 02:44:16 INFO  DataIntegrityRuntime:634 - DataIntegrity[benign-11][ss-b-address-create]: acked=true X-present=true gate=OBSERVED_PRESENT polls=1 in 13ms
2026-07-04 02:44:18 INFO  DataIntegrityRuntime:351 - DataIntegrity[benign-11][ss-b-address-create]: baseline captured, fresh key {street=mist-d624e90f56cc, number=mist-fb04fe621fb9}
2026-07-04 02:44:18 INFO  DataIntegrityRuntime:634 - DataIntegrity[benign-11][ss-b-address-create]: acked=true X-present=true gate=OBSERVED_PRESENT polls=1 in 14ms
2026-07-04 02:44:20 INFO  DataIntegrityRuntime:351 - DataIntegrity[benign-11][ss-b-address-create]: baseline captured, fresh key {street=mist-ed68495b8669, number=mist-7b4886d8ed67}
2026-07-04 02:44:20 INFO  DataIntegrityRuntime:634 - DataIntegrity[benign-11][ss-b-address-create]: acked=true X-present=true gate=OBSERVED_PRESENT polls=1 in 15ms
2026-07-04 02:44:22 INFO  DataIntegrityRuntime:351 - DataIntegrity[benign-11][ss-b-address-create]: baseline captured, fresh key {street=mist-4e04ad4e16f4, number=mist-7f1d4750d864}
2026-07-04 02:44:22 INFO  DataIntegrityRuntime:634 - DataIntegrity[benign-11][ss-b-address-create]: acked=true X-present=true gate=OBSERVED_PRESENT polls=1 in 14ms
2026-07-04 02:44:24 INFO  DataIntegrityRuntime:351 - DataIntegrity[benign-11][ss-b-address-create]: baseline captured, fresh key {street=mist-3e4ce1733f1c, number=mist-4623981387d6}
2026-07-04 02:44:24 INFO  DataIntegrityRuntime:634 - DataIntegrity[benign-11][ss-b-address-create]: acked=true X-present=true gate=OBSERVED_PRESENT polls=1 in 16ms
2026-07-04 02:44:26 INFO  DataIntegrityRuntime:351 - DataIntegrity[benign-11][ss-b-address-create]: baseline captured, fresh key {street=mist-f7d2a90bb1de, number=mist-a95277eaa93b}
2026-07-04 02:44:26 INFO  DataIntegrityRuntime:634 - DataIntegrity[benign-11][ss-b-address-create]: acked=true X-present=true gate=OBSERVED_PRESENT polls=1 in 16ms
2026-07-04 02:44:27 INFO  DataIntegrityRuntime:351 - DataIntegrity[benign-11][ss-b-address-create]: baseline captured, fresh key {street=mist-3736a66d034d, number=mist-5c5b7f9397c2}
2026-07-04 02:44:27 INFO  DataIntegrityRuntime:634 - DataIntegrity[benign-11][ss-b-address-create]: acked=true X-present=true gate=OBSERVED_PRESENT polls=1 in 12ms
2026-07-04 02:44:30 INFO  DataIntegrityRuntime:351 - DataIntegrity[benign-11][ss-b-address-create]: baseline captured, fresh key {street=mist-c82ab1147eb8, number=mist-a5113924747b}
2026-07-04 02:44:30 INFO  DataIntegrityRuntime:634 - DataIntegrity[benign-11][ss-b-address-create]: acked=true X-present=true gate=OBSERVED_PRESENT polls=1 in 15ms
2026-07-04 02:44:32 INFO  DataIntegrityRuntime:351 - DataIntegrity[benign-11][ss-b-card-create]: baseline captured, fresh key {longNum=mist-32d9e3513346}
2026-07-04 02:44:32 INFO  DataIntegrityRuntime:634 - DataIntegrity[benign-11][ss-b-card-create]: acked=true X-present=true gate=OBSERVED_PRESENT polls=1 in 11ms
2026-07-04 02:44:33 INFO  DataIntegrityRuntime:351 - DataIntegrity[benign-11][ss-b-card-create]: baseline captured, fresh key {longNum=mist-2d9595caa457}
2026-07-04 02:44:33 INFO  DataIntegrityRuntime:634 - DataIntegrity[benign-11][ss-b-card-create]: acked=true X-present=true gate=OBSERVED_PRESENT polls=1 in 12ms
2026-07-04 02:44:36 INFO  DataIntegrityRuntime:351 - DataIntegrity[benign-11][ss-b-card-create]: baseline captured, fresh key {longNum=mist-97b9646ab0be}
2026-07-04 02:44:36 INFO  DataIntegrityRuntime:634 - DataIntegrity[benign-11][ss-b-card-create]: acked=true X-present=true gate=OBSERVED_PRESENT polls=1 in 12ms
2026-07-04 02:44:38 INFO  DataIntegrityRuntime:351 - DataIntegrity[benign-11][ss-b-card-create]: baseline captured, fresh key {longNum=mist-c0970303c88d}
2026-07-04 02:44:38 INFO  DataIntegrityRuntime:634 - DataIntegrity[benign-11][ss-b-card-create]: acked=true X-present=true gate=OBSERVED_PRESENT polls=1 in 13ms
2026-07-04 02:44:40 INFO  DataIntegrityRuntime:351 - DataIntegrity[benign-11][ss-b-card-create]: baseline captured, fresh key {longNum=mist-5d74ec37098d}
2026-07-04 02:44:40 INFO  DataIntegrityRuntime:634 - DataIntegrity[benign-11][ss-b-card-create]: acked=true X-present=true gate=OBSERVED_PRESENT polls=1 in 12ms
2026-07-04 02:44:42 INFO  DataIntegrityRuntime:351 - DataIntegrity[benign-11][ss-b-card-create]: baseline captured, fresh key {longNum=mist-ba5ce3ac569c}
2026-07-04 02:44:42 INFO  DataIntegrityRuntime:634 - DataIntegrity[benign-11][ss-b-card-create]: acked=true X-present=true gate=OBSERVED_PRESENT polls=1 in 14ms
2026-07-04 02:44:43 INFO  DataIntegrityRuntime:351 - DataIntegrity[benign-11][ss-b-card-create]: baseline captured, fresh key {longNum=mist-afc71844b883}
2026-07-04 02:44:43 INFO  DataIntegrityRuntime:634 - DataIntegrity[benign-11][ss-b-card-create]: acked=true X-present=true gate=OBSERVED_PRESENT polls=1 in 13ms
2026-07-04 02:44:46 INFO  DataIntegrityRuntime:351 - DataIntegrity[benign-11][ss-b-card-create]: baseline captured, fresh key {longNum=mist-9fd51ad597f2}
2026-07-04 02:44:46 INFO  DataIntegrityRuntime:634 - DataIntegrity[benign-11][ss-b-card-create]: acked=true X-present=true gate=OBSERVED_PRESENT polls=1 in 13ms
2026-07-04 02:44:48 INFO  DataIntegrityRuntime:351 - DataIntegrity[benign-11][ss-b-card-create]: baseline captured, fresh key {longNum=mist-fff87de8d377}
2026-07-04 02:44:48 INFO  DataIntegrityRuntime:634 - DataIntegrity[benign-11][ss-b-card-create]: acked=true X-present=true gate=OBSERVED_PRESENT polls=1 in 12ms
2026-07-04 02:44:49 INFO  DataIntegrityRuntime:351 - DataIntegrity[benign-11][ss-b-card-create]: baseline captured, fresh key {longNum=mist-5ad48c1f96df}
2026-07-04 02:44:49 INFO  DataIntegrityRuntime:634 - DataIntegrity[benign-11][ss-b-card-create]: acked=true X-present=true gate=OBSERVED_PRESENT polls=1 in 13ms
2026-07-04 02:44:52 INFO  DataIntegrityRuntime:351 - DataIntegrity[benign-11][ss-b-card-create]: baseline captured, fresh key {longNum=mist-6c7e71852d32}
2026-07-04 02:44:52 INFO  DataIntegrityRuntime:634 - DataIntegrity[benign-11][ss-b-card-create]: acked=true X-present=true gate=OBSERVED_PRESENT polls=1 in 13ms
2026-07-04 02:44:54 INFO  DataIntegrityRuntime:351 - DataIntegrity[benign-11][ss-b-card-create]: baseline captured, fresh key {longNum=mist-1723d6c18628}
2026-07-04 02:44:54 INFO  DataIntegrityRuntime:634 - DataIntegrity[benign-11][ss-b-card-create]: acked=true X-present=true gate=OBSERVED_PRESENT polls=1 in 12ms
2026-07-04 02:44:56 INFO  DataIntegrityRuntime:351 - DataIntegrity[benign-11][ss-b-card-create]: baseline captured, fresh key {longNum=mist-ae3abc3d8898}
2026-07-04 02:44:56 INFO  DataIntegrityRuntime:634 - DataIntegrity[benign-11][ss-b-card-create]: acked=true X-present=true gate=OBSERVED_PRESENT polls=1 in 12ms
2026-07-04 02:44:58 INFO  DataIntegrityRuntime:351 - DataIntegrity[benign-11][ss-b-card-create]: baseline captured, fresh key {longNum=mist-2d2b688abb18}
2026-07-04 02:44:58 INFO  DataIntegrityRuntime:634 - DataIntegrity[benign-11][ss-b-card-create]: acked=true X-present=true gate=OBSERVED_PRESENT polls=1 in 13ms
2026-07-04 02:44:59 INFO  DataIntegrityRuntime:351 - DataIntegrity[benign-11][ss-b-card-create]: baseline captured, fresh key {longNum=mist-9d09c3cb3ed7}
2026-07-04 02:44:59 INFO  DataIntegrityRuntime:634 - DataIntegrity[benign-11][ss-b-card-create]: acked=true X-present=true gate=OBSERVED_PRESENT polls=1 in 14ms
2026-07-04 02:45:02 INFO  DataIntegrityRuntime:351 - DataIntegrity[benign-11][ss-b-card-create]: baseline captured, fresh key {longNum=mist-c1495eb90855}
2026-07-04 02:45:02 INFO  DataIntegrityRuntime:634 - DataIntegrity[benign-11][ss-b-card-create]: acked=true X-present=true gate=OBSERVED_PRESENT polls=1 in 12ms
2026-07-04 02:45:03 INFO  DataIntegrityRuntime:351 - DataIntegrity[benign-11][ss-b-card-create]: baseline captured, fresh key {longNum=mist-183b415d1220}
2026-07-04 02:45:03 INFO  DataIntegrityRuntime:634 - DataIntegrity[benign-11][ss-b-card-create]: acked=true X-present=true gate=OBSERVED_PRESENT polls=1 in 13ms
2026-07-04 02:45:05 INFO  DataIntegrityRuntime:351 - DataIntegrity[benign-11][ss-b-card-create]: baseline captured, fresh key {longNum=mist-108383d380fe}
2026-07-04 02:45:05 INFO  DataIntegrityRuntime:634 - DataIntegrity[benign-11][ss-b-card-create]: acked=true X-present=true gate=OBSERVED_PRESENT polls=1 in 13ms
2026-07-04 02:45:07 INFO  DataIntegrityRuntime:351 - DataIntegrity[benign-11][ss-b-card-create]: baseline captured, fresh key {longNum=mist-ae136adbfb2c}
2026-07-04 02:45:07 INFO  DataIntegrityRuntime:634 - DataIntegrity[benign-11][ss-b-card-create]: acked=true X-present=true gate=OBSERVED_PRESENT polls=1 in 12ms
2026-07-04 02:45:08 INFO  DataIntegrityRuntime:351 - DataIntegrity[benign-11][ss-b-card-create]: baseline captured, fresh key {longNum=mist-8642636f84d0}
2026-07-04 02:45:08 INFO  DataIntegrityRuntime:634 - DataIntegrity[benign-11][ss-b-card-create]: acked=true X-present=true gate=OBSERVED_PRESENT polls=1 in 13ms
2026-07-04 02:45:11 INFO  DataIntegrityRuntime:351 - DataIntegrity[benign-12][ss-b-address-create]: baseline captured, fresh key {street=mist-2138550ff0b8, number=mist-faad8ecbb427}
2026-07-04 02:45:11 INFO  DataIntegrityRuntime:634 - DataIntegrity[benign-12][ss-b-address-create]: acked=true X-present=true gate=OBSERVED_PRESENT polls=1 in 19ms
2026-07-04 02:45:12 INFO  DataIntegrityRuntime:351 - DataIntegrity[benign-12][ss-b-address-create]: baseline captured, fresh key {street=mist-1f5cc3fa47f6, number=mist-325bb4c6640d}
2026-07-04 02:45:12 INFO  DataIntegrityRuntime:634 - DataIntegrity[benign-12][ss-b-address-create]: acked=true X-present=true gate=OBSERVED_PRESENT polls=1 in 14ms
2026-07-04 02:45:14 INFO  DataIntegrityRuntime:351 - DataIntegrity[benign-12][ss-b-address-create]: baseline captured, fresh key {street=mist-dbcdc25d4ab9, number=mist-b614545206a8}
2026-07-04 02:45:14 INFO  DataIntegrityRuntime:634 - DataIntegrity[benign-12][ss-b-address-create]: acked=true X-present=true gate=OBSERVED_PRESENT polls=1 in 14ms
2026-07-04 02:45:16 INFO  DataIntegrityRuntime:351 - DataIntegrity[benign-12][ss-b-address-create]: baseline captured, fresh key {street=mist-546e14323641, number=mist-4c8a06a18481}
2026-07-04 02:45:16 INFO  DataIntegrityRuntime:634 - DataIntegrity[benign-12][ss-b-address-create]: acked=true X-present=true gate=OBSERVED_PRESENT polls=1 in 16ms
2026-07-04 02:45:18 INFO  DataIntegrityRuntime:351 - DataIntegrity[benign-12][ss-b-address-create]: baseline captured, fresh key {street=mist-cdad8ccbdf7e, number=mist-516760036ccb}
2026-07-04 02:45:18 INFO  DataIntegrityRuntime:634 - DataIntegrity[benign-12][ss-b-address-create]: acked=true X-present=true gate=OBSERVED_PRESENT polls=1 in 13ms
2026-07-04 02:45:20 INFO  DataIntegrityRuntime:351 - DataIntegrity[benign-12][ss-b-address-create]: baseline captured, fresh key {street=mist-89368428d4d5, number=mist-55762ef4e182}
2026-07-04 02:45:20 INFO  DataIntegrityRuntime:634 - DataIntegrity[benign-12][ss-b-address-create]: acked=true X-present=true gate=OBSERVED_PRESENT polls=1 in 13ms
2026-07-04 02:45:22 INFO  DataIntegrityRuntime:351 - DataIntegrity[benign-12][ss-b-address-create]: baseline captured, fresh key {street=mist-1e8cf51e187c, number=mist-2dfadf4830a8}
2026-07-04 02:45:22 INFO  DataIntegrityRuntime:634 - DataIntegrity[benign-12][ss-b-address-create]: acked=true X-present=true gate=OBSERVED_PRESENT polls=1 in 14ms
2026-07-04 02:45:24 INFO  DataIntegrityRuntime:351 - DataIntegrity[benign-12][ss-b-address-create]: baseline captured, fresh key {street=mist-3d5904bde562, number=mist-0effe954888f}
2026-07-04 02:45:24 INFO  DataIntegrityRuntime:634 - DataIntegrity[benign-12][ss-b-address-create]: acked=true X-present=true gate=OBSERVED_PRESENT polls=1 in 15ms
2026-07-04 02:45:26 INFO  DataIntegrityRuntime:351 - DataIntegrity[benign-12][ss-b-address-create]: baseline captured, fresh key {street=mist-bc1c79e8819f, number=mist-929bd0750e14}
2026-07-04 02:45:26 INFO  DataIntegrityRuntime:634 - DataIntegrity[benign-12][ss-b-address-create]: acked=true X-present=true gate=OBSERVED_PRESENT polls=1 in 14ms
2026-07-04 02:45:28 INFO  DataIntegrityRuntime:351 - DataIntegrity[benign-12][ss-b-address-create]: baseline captured, fresh key {street=mist-b74e783b636c, number=mist-d64d7a9b0399}
2026-07-04 02:45:28 INFO  DataIntegrityRuntime:634 - DataIntegrity[benign-12][ss-b-address-create]: acked=true X-present=true gate=OBSERVED_PRESENT polls=1 in 13ms
2026-07-04 02:45:29 INFO  DataIntegrityRuntime:351 - DataIntegrity[benign-12][ss-b-address-create]: baseline captured, fresh key {street=mist-da99290b020d, number=mist-8b817eead624}
2026-07-04 02:45:29 INFO  DataIntegrityRuntime:634 - DataIntegrity[benign-12][ss-b-address-create]: acked=true X-present=true gate=OBSERVED_PRESENT polls=1 in 14ms
2026-07-04 02:45:31 INFO  DataIntegrityRuntime:351 - DataIntegrity[benign-12][ss-b-address-create]: baseline captured, fresh key {street=mist-0f8032787570, number=mist-2348f9d49633}
2026-07-04 02:45:31 INFO  DataIntegrityRuntime:634 - DataIntegrity[benign-12][ss-b-address-create]: acked=true X-present=true gate=OBSERVED_PRESENT polls=1 in 15ms
2026-07-04 02:45:33 INFO  DataIntegrityRuntime:351 - DataIntegrity[benign-12][ss-b-address-create]: baseline captured, fresh key {street=mist-57335dc8c488, number=mist-8d446412abbd}
2026-07-04 02:45:33 INFO  DataIntegrityRuntime:634 - DataIntegrity[benign-12][ss-b-address-create]: acked=true X-present=true gate=OBSERVED_PRESENT polls=1 in 15ms
2026-07-04 02:45:35 INFO  DataIntegrityRuntime:351 - DataIntegrity[benign-12][ss-b-address-create]: baseline captured, fresh key {street=mist-59fbdd66ce77, number=mist-a1c5ab5947f1}
2026-07-04 02:45:35 INFO  DataIntegrityRuntime:634 - DataIntegrity[benign-12][ss-b-address-create]: acked=true X-present=true gate=OBSERVED_PRESENT polls=1 in 15ms
2026-07-04 02:45:36 INFO  DataIntegrityRuntime:351 - DataIntegrity[benign-12][ss-b-address-create]: baseline captured, fresh key {street=mist-d13ffd353b6c, number=mist-9b3e31868112}
2026-07-04 02:45:36 INFO  DataIntegrityRuntime:634 - DataIntegrity[benign-12][ss-b-address-create]: acked=true X-present=true gate=OBSERVED_PRESENT polls=1 in 19ms
2026-07-04 02:45:39 INFO  DataIntegrityRuntime:351 - DataIntegrity[benign-12][ss-b-address-create]: baseline captured, fresh key {street=mist-e3c8d0730ddb, number=mist-841fa4f2456e}
2026-07-04 02:45:39 INFO  DataIntegrityRuntime:634 - DataIntegrity[benign-12][ss-b-address-create]: acked=true X-present=true gate=OBSERVED_PRESENT polls=1 in 15ms
2026-07-04 02:45:41 INFO  DataIntegrityRuntime:351 - DataIntegrity[benign-12][ss-b-address-create]: baseline captured, fresh key {street=mist-a1218b69cd61, number=mist-b92a13576c46}
2026-07-04 02:45:41 INFO  DataIntegrityRuntime:634 - DataIntegrity[benign-12][ss-b-address-create]: acked=true X-present=true gate=OBSERVED_PRESENT polls=1 in 15ms
2026-07-04 02:45:42 INFO  DataIntegrityRuntime:351 - DataIntegrity[benign-12][ss-b-address-create]: baseline captured, fresh key {street=mist-d7aea9d48d00, number=mist-ac91076284c6}
2026-07-04 02:45:42 INFO  DataIntegrityRuntime:634 - DataIntegrity[benign-12][ss-b-address-create]: acked=true X-present=true gate=OBSERVED_PRESENT polls=1 in 15ms
2026-07-04 02:45:44 INFO  DataIntegrityRuntime:351 - DataIntegrity[benign-12][ss-b-address-create]: baseline captured, fresh key {street=mist-41077221e2f4, number=mist-3df628b4488c}
2026-07-04 02:45:44 INFO  DataIntegrityRuntime:634 - DataIntegrity[benign-12][ss-b-address-create]: acked=true X-present=true gate=OBSERVED_PRESENT polls=1 in 15ms
2026-07-04 02:45:46 INFO  DataIntegrityRuntime:351 - DataIntegrity[benign-12][ss-b-address-create]: baseline captured, fresh key {street=mist-7304e4edd6db, number=mist-fa5f2a19a925}
2026-07-04 02:45:46 INFO  DataIntegrityRuntime:634 - DataIntegrity[benign-12][ss-b-address-create]: acked=true X-present=true gate=OBSERVED_PRESENT polls=1 in 15ms
2026-07-04 02:45:49 INFO  DataIntegrityRuntime:351 - DataIntegrity[benign-12][ss-b-card-create]: baseline captured, fresh key {longNum=mist-17bf48f53939}
2026-07-04 02:45:49 INFO  DataIntegrityRuntime:634 - DataIntegrity[benign-12][ss-b-card-create]: acked=true X-present=true gate=OBSERVED_PRESENT polls=1 in 11ms
2026-07-04 02:45:50 INFO  DataIntegrityRuntime:351 - DataIntegrity[benign-12][ss-b-card-create]: baseline captured, fresh key {longNum=mist-7d999e3809f0}
2026-07-04 02:45:50 INFO  DataIntegrityRuntime:634 - DataIntegrity[benign-12][ss-b-card-create]: acked=true X-present=true gate=OBSERVED_PRESENT polls=1 in 12ms
2026-07-04 02:45:51 INFO  DataIntegrityRuntime:351 - DataIntegrity[benign-12][ss-b-card-create]: baseline captured, fresh key {longNum=mist-6b781454bc71}
2026-07-04 02:45:51 INFO  DataIntegrityRuntime:634 - DataIntegrity[benign-12][ss-b-card-create]: acked=true X-present=true gate=OBSERVED_PRESENT polls=1 in 12ms
2026-07-04 02:45:54 INFO  DataIntegrityRuntime:351 - DataIntegrity[benign-12][ss-b-card-create]: baseline captured, fresh key {longNum=mist-0102318a4d26}
2026-07-04 02:45:54 INFO  DataIntegrityRuntime:634 - DataIntegrity[benign-12][ss-b-card-create]: acked=true X-present=true gate=OBSERVED_PRESENT polls=1 in 14ms
2026-07-04 02:45:56 INFO  DataIntegrityRuntime:351 - DataIntegrity[benign-12][ss-b-card-create]: baseline captured, fresh key {longNum=mist-75d16f9a31cb}
2026-07-04 02:45:56 INFO  DataIntegrityRuntime:634 - DataIntegrity[benign-12][ss-b-card-create]: acked=true X-present=true gate=OBSERVED_PRESENT polls=1 in 12ms
2026-07-04 02:45:57 INFO  DataIntegrityRuntime:351 - DataIntegrity[benign-12][ss-b-card-create]: baseline captured, fresh key {longNum=mist-17e74195a298}
2026-07-04 02:45:57 INFO  DataIntegrityRuntime:634 - DataIntegrity[benign-12][ss-b-card-create]: acked=true X-present=true gate=OBSERVED_PRESENT polls=1 in 14ms
2026-07-04 02:45:59 INFO  DataIntegrityRuntime:351 - DataIntegrity[benign-12][ss-b-card-create]: baseline captured, fresh key {longNum=mist-53ec2bc710b9}
2026-07-04 02:45:59 INFO  DataIntegrityRuntime:634 - DataIntegrity[benign-12][ss-b-card-create]: acked=true X-present=true gate=OBSERVED_PRESENT polls=1 in 11ms
2026-07-04 02:46:00 INFO  DataIntegrityRuntime:351 - DataIntegrity[benign-12][ss-b-card-create]: baseline captured, fresh key {longNum=mist-139a4e15d4d7}
2026-07-04 02:46:00 INFO  DataIntegrityRuntime:634 - DataIntegrity[benign-12][ss-b-card-create]: acked=true X-present=true gate=OBSERVED_PRESENT polls=1 in 11ms
2026-07-04 02:46:02 INFO  DataIntegrityRuntime:351 - DataIntegrity[benign-12][ss-b-card-create]: baseline captured, fresh key {longNum=mist-d25170cfd000}
2026-07-04 02:46:02 INFO  DataIntegrityRuntime:634 - DataIntegrity[benign-12][ss-b-card-create]: acked=true X-present=true gate=OBSERVED_PRESENT polls=1 in 11ms
2026-07-04 02:46:04 INFO  DataIntegrityRuntime:351 - DataIntegrity[benign-12][ss-b-card-create]: baseline captured, fresh key {longNum=mist-05035932871a}
2026-07-04 02:46:04 INFO  DataIntegrityRuntime:634 - DataIntegrity[benign-12][ss-b-card-create]: acked=true X-present=true gate=OBSERVED_PRESENT polls=1 in 12ms
2026-07-04 02:46:06 INFO  DataIntegrityRuntime:351 - DataIntegrity[benign-12][ss-b-card-create]: baseline captured, fresh key {longNum=mist-a9974cde19fc}
2026-07-04 02:46:06 INFO  DataIntegrityRuntime:634 - DataIntegrity[benign-12][ss-b-card-create]: acked=true X-present=true gate=OBSERVED_PRESENT polls=1 in 13ms
2026-07-04 02:46:08 INFO  DataIntegrityRuntime:351 - DataIntegrity[benign-12][ss-b-card-create]: baseline captured, fresh key {longNum=mist-631f27ef76a3}
2026-07-04 02:46:08 INFO  DataIntegrityRuntime:634 - DataIntegrity[benign-12][ss-b-card-create]: acked=true X-present=true gate=OBSERVED_PRESENT polls=1 in 12ms
2026-07-04 02:46:11 INFO  DataIntegrityRuntime:351 - DataIntegrity[benign-12][ss-b-card-create]: baseline captured, fresh key {longNum=mist-3a9e05113fad}
2026-07-04 02:46:11 INFO  DataIntegrityRuntime:634 - DataIntegrity[benign-12][ss-b-card-create]: acked=true X-present=true gate=OBSERVED_PRESENT polls=1 in 13ms
2026-07-04 02:46:12 INFO  DataIntegrityRuntime:351 - DataIntegrity[benign-12][ss-b-card-create]: baseline captured, fresh key {longNum=mist-d2fb8b4bc878}
2026-07-04 02:46:12 INFO  DataIntegrityRuntime:634 - DataIntegrity[benign-12][ss-b-card-create]: acked=true X-present=true gate=OBSERVED_PRESENT polls=1 in 14ms
2026-07-04 02:46:15 INFO  DataIntegrityRuntime:351 - DataIntegrity[benign-12][ss-b-card-create]: baseline captured, fresh key {longNum=mist-7763926a3099}
2026-07-04 02:46:15 INFO  DataIntegrityRuntime:634 - DataIntegrity[benign-12][ss-b-card-create]: acked=true X-present=true gate=OBSERVED_PRESENT polls=1 in 12ms
2026-07-04 02:46:17 INFO  DataIntegrityRuntime:351 - DataIntegrity[benign-12][ss-b-card-create]: baseline captured, fresh key {longNum=mist-efea65eee5b2}
2026-07-04 02:46:17 INFO  DataIntegrityRuntime:634 - DataIntegrity[benign-12][ss-b-card-create]: acked=true X-present=true gate=OBSERVED_PRESENT polls=1 in 15ms
2026-07-04 02:46:18 INFO  DataIntegrityRuntime:351 - DataIntegrity[benign-12][ss-b-card-create]: baseline captured, fresh key {longNum=mist-92aa734816c7}
2026-07-04 02:46:18 INFO  DataIntegrityRuntime:634 - DataIntegrity[benign-12][ss-b-card-create]: acked=true X-present=true gate=OBSERVED_PRESENT polls=1 in 13ms
2026-07-04 02:46:21 INFO  DataIntegrityRuntime:351 - DataIntegrity[benign-12][ss-b-card-create]: baseline captured, fresh key {longNum=mist-79c619e8c69a}
2026-07-04 02:46:21 INFO  DataIntegrityRuntime:634 - DataIntegrity[benign-12][ss-b-card-create]: acked=true X-present=true gate=OBSERVED_PRESENT polls=1 in 13ms
2026-07-04 02:46:22 INFO  DataIntegrityRuntime:351 - DataIntegrity[benign-12][ss-b-card-create]: baseline captured, fresh key {longNum=mist-17062ee20420}
2026-07-04 02:46:22 INFO  DataIntegrityRuntime:634 - DataIntegrity[benign-12][ss-b-card-create]: acked=true X-present=true gate=OBSERVED_PRESENT polls=1 in 13ms
2026-07-04 02:46:25 INFO  DataIntegrityRuntime:351 - DataIntegrity[benign-12][ss-b-card-create]: baseline captured, fresh key {longNum=mist-355b7615d31a}
2026-07-04 02:46:25 INFO  DataIntegrityRuntime:634 - DataIntegrity[benign-12][ss-b-card-create]: acked=true X-present=true gate=OBSERVED_PRESENT polls=1 in 13ms
2026-07-04 02:46:28 INFO  DataIntegrityRuntime:351 - DataIntegrity[benign-13][ss-b-address-create]: baseline captured, fresh key {street=mist-3ff9fc85a3fa, number=mist-e1637b9af387}
2026-07-04 02:46:28 INFO  DataIntegrityRuntime:634 - DataIntegrity[benign-13][ss-b-address-create]: acked=true X-present=true gate=OBSERVED_PRESENT polls=1 in 13ms
2026-07-04 02:46:35 INFO  DataIntegrityRuntime:351 - DataIntegrity[benign-13][ss-b-address-create]: baseline captured, fresh key {street=mist-b8b5313bca1c, number=mist-112d0d75996d}
2026-07-04 02:46:35 INFO  DataIntegrityRuntime:634 - DataIntegrity[benign-13][ss-b-address-create]: acked=true X-present=true gate=OBSERVED_PRESENT polls=1 in 13ms
2026-07-04 02:46:40 INFO  DataIntegrityRuntime:351 - DataIntegrity[benign-13][ss-b-address-create]: baseline captured, fresh key {street=mist-3790e5ef4781, number=mist-f6723ec5d6b2}
2026-07-04 02:46:40 INFO  DataIntegrityRuntime:634 - DataIntegrity[benign-13][ss-b-address-create]: acked=true X-present=true gate=OBSERVED_PRESENT polls=1 in 15ms
2026-07-04 02:46:41 INFO  DataIntegrityRuntime:351 - DataIntegrity[benign-13][ss-b-address-create]: baseline captured, fresh key {street=mist-0ed065a49ffa, number=mist-2bab0c925e9f}
2026-07-04 02:46:41 INFO  DataIntegrityRuntime:634 - DataIntegrity[benign-13][ss-b-address-create]: acked=true X-present=true gate=OBSERVED_PRESENT polls=1 in 14ms
2026-07-04 02:46:42 INFO  DataIntegrityRuntime:351 - DataIntegrity[benign-13][ss-b-address-create]: baseline captured, fresh key {street=mist-1a1a410e440e, number=mist-43ccb4d33b3d}
2026-07-04 02:46:42 INFO  DataIntegrityRuntime:634 - DataIntegrity[benign-13][ss-b-address-create]: acked=true X-present=true gate=OBSERVED_PRESENT polls=1 in 14ms
2026-07-04 02:46:44 INFO  DataIntegrityRuntime:351 - DataIntegrity[benign-13][ss-b-address-create]: baseline captured, fresh key {street=mist-5cc83a887bf9, number=mist-0786921abced}
2026-07-04 02:46:44 INFO  DataIntegrityRuntime:634 - DataIntegrity[benign-13][ss-b-address-create]: acked=true X-present=true gate=OBSERVED_PRESENT polls=1 in 15ms
2026-07-04 02:46:47 INFO  DataIntegrityRuntime:351 - DataIntegrity[benign-13][ss-b-address-create]: baseline captured, fresh key {street=mist-18e341e25725, number=mist-6ceb65b2b686}
2026-07-04 02:46:47 INFO  DataIntegrityRuntime:634 - DataIntegrity[benign-13][ss-b-address-create]: acked=true X-present=true gate=OBSERVED_PRESENT polls=1 in 15ms
2026-07-04 02:46:48 INFO  DataIntegrityRuntime:351 - DataIntegrity[benign-13][ss-b-address-create]: baseline captured, fresh key {street=mist-cf6ffedaacde, number=mist-234517295fe5}
2026-07-04 02:46:48 INFO  DataIntegrityRuntime:634 - DataIntegrity[benign-13][ss-b-address-create]: acked=true X-present=true gate=OBSERVED_PRESENT polls=1 in 15ms
2026-07-04 02:46:50 INFO  DataIntegrityRuntime:351 - DataIntegrity[benign-13][ss-b-address-create]: baseline captured, fresh key {street=mist-73f0f031f4bd, number=mist-db35ccfa5248}
2026-07-04 02:46:50 INFO  DataIntegrityRuntime:634 - DataIntegrity[benign-13][ss-b-address-create]: acked=true X-present=true gate=OBSERVED_PRESENT polls=1 in 15ms
2026-07-04 02:46:52 INFO  DataIntegrityRuntime:351 - DataIntegrity[benign-13][ss-b-address-create]: baseline captured, fresh key {street=mist-b1021a32b7b3, number=mist-105cf57594da}
2026-07-04 02:46:52 INFO  DataIntegrityRuntime:634 - DataIntegrity[benign-13][ss-b-address-create]: acked=true X-present=true gate=OBSERVED_PRESENT polls=1 in 15ms
2026-07-04 02:46:54 INFO  DataIntegrityRuntime:351 - DataIntegrity[benign-13][ss-b-address-create]: baseline captured, fresh key {street=mist-59d1fd0a04a5, number=mist-3bde147b068f}
2026-07-04 02:46:54 INFO  DataIntegrityRuntime:634 - DataIntegrity[benign-13][ss-b-address-create]: acked=true X-present=true gate=OBSERVED_PRESENT polls=1 in 14ms
2026-07-04 02:46:57 INFO  DataIntegrityRuntime:351 - DataIntegrity[benign-13][ss-b-address-create]: baseline captured, fresh key {street=mist-ebe7d76de611, number=mist-7679c13d236a}
2026-07-04 02:46:57 INFO  DataIntegrityRuntime:634 - DataIntegrity[benign-13][ss-b-address-create]: acked=true X-present=true gate=OBSERVED_PRESENT polls=1 in 13ms
2026-07-04 02:46:59 INFO  DataIntegrityRuntime:351 - DataIntegrity[benign-13][ss-b-address-create]: baseline captured, fresh key {street=mist-7c458b481921, number=mist-4af8a0719699}
2026-07-04 02:46:59 INFO  DataIntegrityRuntime:634 - DataIntegrity[benign-13][ss-b-address-create]: acked=true X-present=true gate=OBSERVED_PRESENT polls=1 in 15ms
2026-07-04 02:47:00 INFO  DataIntegrityRuntime:351 - DataIntegrity[benign-13][ss-b-address-create]: baseline captured, fresh key {street=mist-4eac271ff506, number=mist-dcf81e76d4be}
2026-07-04 02:47:00 INFO  DataIntegrityRuntime:634 - DataIntegrity[benign-13][ss-b-address-create]: acked=true X-present=true gate=OBSERVED_PRESENT polls=1 in 16ms
2026-07-04 02:47:03 INFO  DataIntegrityRuntime:351 - DataIntegrity[benign-13][ss-b-address-create]: baseline captured, fresh key {street=mist-2453770ec67e, number=mist-553b620fbcd1}
2026-07-04 02:47:03 INFO  DataIntegrityRuntime:634 - DataIntegrity[benign-13][ss-b-address-create]: acked=true X-present=true gate=OBSERVED_PRESENT polls=1 in 15ms
2026-07-04 02:47:05 INFO  DataIntegrityRuntime:351 - DataIntegrity[benign-13][ss-b-address-create]: baseline captured, fresh key {street=mist-25832aa1ee8d, number=mist-170489adb942}
2026-07-04 02:47:05 INFO  DataIntegrityRuntime:634 - DataIntegrity[benign-13][ss-b-address-create]: acked=true X-present=true gate=OBSERVED_PRESENT polls=1 in 15ms
2026-07-04 02:47:07 INFO  DataIntegrityRuntime:351 - DataIntegrity[benign-13][ss-b-address-create]: baseline captured, fresh key {street=mist-a6b6e7c3bab7, number=mist-61815eb9ef83}
2026-07-04 02:47:07 INFO  DataIntegrityRuntime:634 - DataIntegrity[benign-13][ss-b-address-create]: acked=true X-present=true gate=OBSERVED_PRESENT polls=1 in 21ms
2026-07-04 02:47:09 INFO  DataIntegrityRuntime:351 - DataIntegrity[benign-13][ss-b-address-create]: baseline captured, fresh key {street=mist-a4667faca96f, number=mist-6f50d85f2b66}
2026-07-04 02:47:09 INFO  DataIntegrityRuntime:634 - DataIntegrity[benign-13][ss-b-address-create]: acked=true X-present=true gate=OBSERVED_PRESENT polls=1 in 13ms
2026-07-04 02:47:10 INFO  DataIntegrityRuntime:351 - DataIntegrity[benign-13][ss-b-address-create]: baseline captured, fresh key {street=mist-1846dd5d8bdc, number=mist-ab0b48c7fb89}
2026-07-04 02:47:11 INFO  DataIntegrityRuntime:634 - DataIntegrity[benign-13][ss-b-address-create]: acked=true X-present=true gate=OBSERVED_PRESENT polls=1 in 15ms
2026-07-04 02:47:13 INFO  DataIntegrityRuntime:351 - DataIntegrity[benign-13][ss-b-address-create]: baseline captured, fresh key {street=mist-5c9b1de29fb1, number=mist-fb6efaae8881}
2026-07-04 02:47:13 INFO  DataIntegrityRuntime:634 - DataIntegrity[benign-13][ss-b-address-create]: acked=true X-present=true gate=OBSERVED_PRESENT polls=1 in 14ms
2026-07-04 02:47:15 INFO  DataIntegrityRuntime:351 - DataIntegrity[benign-13][ss-b-card-create]: baseline captured, fresh key {longNum=mist-d1dc0d5bcd23}
2026-07-04 02:47:15 INFO  DataIntegrityRuntime:634 - DataIntegrity[benign-13][ss-b-card-create]: acked=true X-present=true gate=OBSERVED_PRESENT polls=1 in 14ms
2026-07-04 02:47:17 INFO  DataIntegrityRuntime:351 - DataIntegrity[benign-13][ss-b-card-create]: baseline captured, fresh key {longNum=mist-a0001a014f7d}
2026-07-04 02:47:17 INFO  DataIntegrityRuntime:634 - DataIntegrity[benign-13][ss-b-card-create]: acked=true X-present=true gate=OBSERVED_PRESENT polls=1 in 14ms
2026-07-04 02:47:19 INFO  DataIntegrityRuntime:351 - DataIntegrity[benign-13][ss-b-card-create]: baseline captured, fresh key {longNum=mist-f8b4d2f5fc70}
2026-07-04 02:47:19 INFO  DataIntegrityRuntime:634 - DataIntegrity[benign-13][ss-b-card-create]: acked=true X-present=true gate=OBSERVED_PRESENT polls=1 in 13ms
2026-07-04 02:47:21 INFO  DataIntegrityRuntime:351 - DataIntegrity[benign-13][ss-b-card-create]: baseline captured, fresh key {longNum=mist-95f0ede0c4ec}
2026-07-04 02:47:21 INFO  DataIntegrityRuntime:634 - DataIntegrity[benign-13][ss-b-card-create]: acked=true X-present=true gate=OBSERVED_PRESENT polls=1 in 13ms
2026-07-04 02:47:24 INFO  DataIntegrityRuntime:351 - DataIntegrity[benign-13][ss-b-card-create]: baseline captured, fresh key {longNum=mist-52ce7aba18b2}
2026-07-04 02:47:24 INFO  DataIntegrityRuntime:634 - DataIntegrity[benign-13][ss-b-card-create]: acked=true X-present=true gate=OBSERVED_PRESENT polls=1 in 13ms
2026-07-04 02:47:25 INFO  DataIntegrityRuntime:351 - DataIntegrity[benign-13][ss-b-card-create]: baseline captured, fresh key {longNum=mist-157dd2944289}
2026-07-04 02:47:25 INFO  DataIntegrityRuntime:634 - DataIntegrity[benign-13][ss-b-card-create]: acked=true X-present=true gate=OBSERVED_PRESENT polls=1 in 13ms
2026-07-04 02:47:27 INFO  DataIntegrityRuntime:351 - DataIntegrity[benign-13][ss-b-card-create]: baseline captured, fresh key {longNum=mist-45b51233a527}
2026-07-04 02:47:27 INFO  DataIntegrityRuntime:634 - DataIntegrity[benign-13][ss-b-card-create]: acked=true X-present=true gate=OBSERVED_PRESENT polls=1 in 13ms
2026-07-04 02:47:30 INFO  DataIntegrityRuntime:351 - DataIntegrity[benign-13][ss-b-card-create]: baseline captured, fresh key {longNum=mist-b2d5117264f9}
2026-07-04 02:47:30 INFO  DataIntegrityRuntime:634 - DataIntegrity[benign-13][ss-b-card-create]: acked=true X-present=true gate=OBSERVED_PRESENT polls=1 in 17ms
2026-07-04 02:47:31 INFO  DataIntegrityRuntime:351 - DataIntegrity[benign-13][ss-b-card-create]: baseline captured, fresh key {longNum=mist-4f64d0970792}
2026-07-04 02:47:31 INFO  DataIntegrityRuntime:634 - DataIntegrity[benign-13][ss-b-card-create]: acked=true X-present=true gate=OBSERVED_PRESENT polls=1 in 12ms
2026-07-04 02:47:34 INFO  DataIntegrityRuntime:351 - DataIntegrity[benign-13][ss-b-card-create]: baseline captured, fresh key {longNum=mist-8324f47939a3}
2026-07-04 02:47:34 INFO  DataIntegrityRuntime:634 - DataIntegrity[benign-13][ss-b-card-create]: acked=true X-present=true gate=OBSERVED_PRESENT polls=1 in 11ms
2026-07-04 02:47:35 INFO  DataIntegrityRuntime:351 - DataIntegrity[benign-13][ss-b-card-create]: baseline captured, fresh key {longNum=mist-0fde3dd349bf}
2026-07-04 02:47:35 INFO  DataIntegrityRuntime:634 - DataIntegrity[benign-13][ss-b-card-create]: acked=true X-present=true gate=OBSERVED_PRESENT polls=1 in 13ms
2026-07-04 02:47:37 INFO  DataIntegrityRuntime:351 - DataIntegrity[benign-13][ss-b-card-create]: baseline captured, fresh key {longNum=mist-07b4c9ebfc4e}
2026-07-04 02:47:37 INFO  DataIntegrityRuntime:634 - DataIntegrity[benign-13][ss-b-card-create]: acked=true X-present=true gate=OBSERVED_PRESENT polls=1 in 11ms
2026-07-04 02:47:39 INFO  DataIntegrityRuntime:351 - DataIntegrity[benign-13][ss-b-card-create]: baseline captured, fresh key {longNum=mist-91768f6b9c82}
2026-07-04 02:47:39 INFO  DataIntegrityRuntime:634 - DataIntegrity[benign-13][ss-b-card-create]: acked=true X-present=true gate=OBSERVED_PRESENT polls=1 in 11ms
2026-07-04 02:47:41 INFO  DataIntegrityRuntime:351 - DataIntegrity[benign-13][ss-b-card-create]: baseline captured, fresh key {longNum=mist-14772b98282e}
2026-07-04 02:47:41 INFO  DataIntegrityRuntime:634 - DataIntegrity[benign-13][ss-b-card-create]: acked=true X-present=true gate=OBSERVED_PRESENT polls=1 in 12ms
2026-07-04 02:47:42 INFO  DataIntegrityRuntime:351 - DataIntegrity[benign-13][ss-b-card-create]: baseline captured, fresh key {longNum=mist-d8a62c7d89db}
2026-07-04 02:47:42 INFO  DataIntegrityRuntime:634 - DataIntegrity[benign-13][ss-b-card-create]: acked=true X-present=true gate=OBSERVED_PRESENT polls=1 in 11ms
2026-07-04 02:47:45 INFO  DataIntegrityRuntime:351 - DataIntegrity[benign-13][ss-b-card-create]: baseline captured, fresh key {longNum=mist-e0834049ead2}
2026-07-04 02:47:45 INFO  DataIntegrityRuntime:634 - DataIntegrity[benign-13][ss-b-card-create]: acked=true X-present=true gate=OBSERVED_PRESENT polls=1 in 14ms
2026-07-04 02:47:46 INFO  DataIntegrityRuntime:351 - DataIntegrity[benign-13][ss-b-card-create]: baseline captured, fresh key {longNum=mist-7b8f1f181e8f}
2026-07-04 02:47:47 INFO  DataIntegrityRuntime:634 - DataIntegrity[benign-13][ss-b-card-create]: acked=true X-present=true gate=OBSERVED_PRESENT polls=1 in 12ms
2026-07-04 02:47:49 INFO  DataIntegrityRuntime:351 - DataIntegrity[benign-13][ss-b-card-create]: baseline captured, fresh key {longNum=mist-0e9a48dca94f}
2026-07-04 02:47:49 INFO  DataIntegrityRuntime:634 - DataIntegrity[benign-13][ss-b-card-create]: acked=true X-present=true gate=OBSERVED_PRESENT polls=1 in 17ms
2026-07-04 02:47:50 INFO  DataIntegrityRuntime:351 - DataIntegrity[benign-13][ss-b-card-create]: baseline captured, fresh key {longNum=mist-df934166e388}
2026-07-04 02:47:50 INFO  DataIntegrityRuntime:634 - DataIntegrity[benign-13][ss-b-card-create]: acked=true X-present=true gate=OBSERVED_PRESENT polls=1 in 12ms
2026-07-04 02:47:52 INFO  DataIntegrityRuntime:351 - DataIntegrity[benign-13][ss-b-card-create]: baseline captured, fresh key {longNum=mist-3fe900e10f17}
2026-07-04 02:47:52 INFO  DataIntegrityRuntime:634 - DataIntegrity[benign-13][ss-b-card-create]: acked=true X-present=true gate=OBSERVED_PRESENT polls=1 in 13ms
2026-07-04 02:47:55 INFO  DataIntegrityRuntime:351 - DataIntegrity[benign-14][ss-b-address-create]: baseline captured, fresh key {street=mist-c0ba9124b3cc, number=mist-99177c23e9b8}
2026-07-04 02:47:55 INFO  DataIntegrityRuntime:634 - DataIntegrity[benign-14][ss-b-address-create]: acked=true X-present=true gate=OBSERVED_PRESENT polls=1 in 15ms
2026-07-04 02:47:57 INFO  DataIntegrityRuntime:351 - DataIntegrity[benign-14][ss-b-address-create]: baseline captured, fresh key {street=mist-8fbf0b298f7c, number=mist-0e7f1e0bf73b}
2026-07-04 02:47:57 INFO  DataIntegrityRuntime:634 - DataIntegrity[benign-14][ss-b-address-create]: acked=true X-present=true gate=OBSERVED_PRESENT polls=1 in 13ms
2026-07-04 02:47:59 INFO  DataIntegrityRuntime:351 - DataIntegrity[benign-14][ss-b-address-create]: baseline captured, fresh key {street=mist-3aecfe009fd0, number=mist-179078abc65f}
2026-07-04 02:47:59 INFO  DataIntegrityRuntime:634 - DataIntegrity[benign-14][ss-b-address-create]: acked=true X-present=true gate=OBSERVED_PRESENT polls=1 in 14ms
2026-07-04 02:48:01 INFO  DataIntegrityRuntime:351 - DataIntegrity[benign-14][ss-b-address-create]: baseline captured, fresh key {street=mist-d32cdd30b0a2, number=mist-984c9c1d953b}
2026-07-04 02:48:01 INFO  DataIntegrityRuntime:634 - DataIntegrity[benign-14][ss-b-address-create]: acked=true X-present=true gate=OBSERVED_PRESENT polls=1 in 14ms
2026-07-04 02:48:03 INFO  DataIntegrityRuntime:351 - DataIntegrity[benign-14][ss-b-address-create]: baseline captured, fresh key {street=mist-5088ea3e367f, number=mist-9c87602b9bd0}
2026-07-04 02:48:03 INFO  DataIntegrityRuntime:634 - DataIntegrity[benign-14][ss-b-address-create]: acked=true X-present=true gate=OBSERVED_PRESENT polls=1 in 13ms
2026-07-04 02:48:06 INFO  DataIntegrityRuntime:351 - DataIntegrity[benign-14][ss-b-address-create]: baseline captured, fresh key {street=mist-4adca679e86b, number=mist-9e8ab544719c}
2026-07-04 02:48:06 INFO  DataIntegrityRuntime:634 - DataIntegrity[benign-14][ss-b-address-create]: acked=true X-present=true gate=OBSERVED_PRESENT polls=1 in 15ms
2026-07-04 02:48:07 INFO  DataIntegrityRuntime:351 - DataIntegrity[benign-14][ss-b-address-create]: baseline captured, fresh key {street=mist-ffd80eb228c6, number=mist-83638a04a599}
2026-07-04 02:48:07 INFO  DataIntegrityRuntime:634 - DataIntegrity[benign-14][ss-b-address-create]: acked=true X-present=true gate=OBSERVED_PRESENT polls=1 in 14ms
2026-07-04 02:48:10 INFO  DataIntegrityRuntime:351 - DataIntegrity[benign-14][ss-b-address-create]: baseline captured, fresh key {street=mist-f9d447b33f20, number=mist-9e6fec9de38f}
2026-07-04 02:48:10 INFO  DataIntegrityRuntime:634 - DataIntegrity[benign-14][ss-b-address-create]: acked=true X-present=true gate=OBSERVED_PRESENT polls=1 in 14ms
2026-07-04 02:48:12 INFO  DataIntegrityRuntime:351 - DataIntegrity[benign-14][ss-b-address-create]: baseline captured, fresh key {street=mist-2b1b6db0a946, number=mist-6eef1cfff257}
2026-07-04 02:48:12 INFO  DataIntegrityRuntime:634 - DataIntegrity[benign-14][ss-b-address-create]: acked=true X-present=true gate=OBSERVED_PRESENT polls=1 in 14ms
2026-07-04 02:48:14 INFO  DataIntegrityRuntime:351 - DataIntegrity[benign-14][ss-b-address-create]: baseline captured, fresh key {street=mist-8701091ca207, number=mist-af983e88fc1a}
2026-07-04 02:48:14 INFO  DataIntegrityRuntime:634 - DataIntegrity[benign-14][ss-b-address-create]: acked=true X-present=true gate=OBSERVED_PRESENT polls=1 in 12ms
2026-07-04 02:48:17 INFO  DataIntegrityRuntime:351 - DataIntegrity[benign-14][ss-b-address-create]: baseline captured, fresh key {street=mist-0e63818be528, number=mist-50c2b1be12a0}
2026-07-04 02:48:17 INFO  DataIntegrityRuntime:634 - DataIntegrity[benign-14][ss-b-address-create]: acked=true X-present=true gate=OBSERVED_PRESENT polls=1 in 15ms
2026-07-04 02:48:18 INFO  DataIntegrityRuntime:351 - DataIntegrity[benign-14][ss-b-address-create]: baseline captured, fresh key {street=mist-5f8fdaad0c7f, number=mist-f283e443099c}
2026-07-04 02:48:18 INFO  DataIntegrityRuntime:634 - DataIntegrity[benign-14][ss-b-address-create]: acked=true X-present=true gate=OBSERVED_PRESENT polls=1 in 14ms
2026-07-04 02:48:21 INFO  DataIntegrityRuntime:351 - DataIntegrity[benign-14][ss-b-address-create]: baseline captured, fresh key {street=mist-11af2542225f, number=mist-0bd3d2bbeb4d}
2026-07-04 02:48:21 INFO  DataIntegrityRuntime:634 - DataIntegrity[benign-14][ss-b-address-create]: acked=true X-present=true gate=OBSERVED_PRESENT polls=1 in 15ms
2026-07-04 02:48:22 INFO  DataIntegrityRuntime:351 - DataIntegrity[benign-14][ss-b-address-create]: baseline captured, fresh key {street=mist-cea14b266bda, number=mist-9133f935d90f}
2026-07-04 02:48:22 INFO  DataIntegrityRuntime:634 - DataIntegrity[benign-14][ss-b-address-create]: acked=true X-present=true gate=OBSERVED_PRESENT polls=1 in 12ms
2026-07-04 02:48:24 INFO  DataIntegrityRuntime:351 - DataIntegrity[benign-14][ss-b-address-create]: baseline captured, fresh key {street=mist-7c837e5fdb14, number=mist-54cf3c97af9f}
2026-07-04 02:48:24 INFO  DataIntegrityRuntime:634 - DataIntegrity[benign-14][ss-b-address-create]: acked=true X-present=true gate=OBSERVED_PRESENT polls=1 in 15ms
2026-07-04 02:48:27 INFO  DataIntegrityRuntime:351 - DataIntegrity[benign-14][ss-b-address-create]: baseline captured, fresh key {street=mist-63443d4f52bf, number=mist-06dd1733c7f5}
2026-07-04 02:48:27 INFO  DataIntegrityRuntime:634 - DataIntegrity[benign-14][ss-b-address-create]: acked=true X-present=true gate=OBSERVED_PRESENT polls=1 in 26ms
2026-07-04 02:48:29 INFO  DataIntegrityRuntime:351 - DataIntegrity[benign-14][ss-b-address-create]: baseline captured, fresh key {street=mist-9440167d7dfc, number=mist-be37c3484e2c}
2026-07-04 02:48:29 INFO  DataIntegrityRuntime:634 - DataIntegrity[benign-14][ss-b-address-create]: acked=true X-present=true gate=OBSERVED_PRESENT polls=1 in 14ms
2026-07-04 02:48:31 INFO  DataIntegrityRuntime:351 - DataIntegrity[benign-14][ss-b-address-create]: baseline captured, fresh key {street=mist-e73c49c3f832, number=mist-dc9c55455ab2}
2026-07-04 02:48:31 INFO  DataIntegrityRuntime:634 - DataIntegrity[benign-14][ss-b-address-create]: acked=true X-present=true gate=OBSERVED_PRESENT polls=1 in 13ms
2026-07-04 02:48:32 INFO  DataIntegrityRuntime:351 - DataIntegrity[benign-14][ss-b-address-create]: baseline captured, fresh key {street=mist-3218cf0bca83, number=mist-70aabca95e22}
2026-07-04 02:48:32 INFO  DataIntegrityRuntime:634 - DataIntegrity[benign-14][ss-b-address-create]: acked=true X-present=true gate=OBSERVED_PRESENT polls=1 in 15ms
2026-07-04 02:48:34 INFO  DataIntegrityRuntime:351 - DataIntegrity[benign-14][ss-b-address-create]: baseline captured, fresh key {street=mist-0263a31f6269, number=mist-30f296278e63}
2026-07-04 02:48:34 INFO  DataIntegrityRuntime:634 - DataIntegrity[benign-14][ss-b-address-create]: acked=true X-present=true gate=OBSERVED_PRESENT polls=1 in 13ms
2026-07-04 02:48:36 INFO  DataIntegrityRuntime:351 - DataIntegrity[benign-14][ss-b-card-create]: baseline captured, fresh key {longNum=mist-e6229198f43a}
2026-07-04 02:48:36 INFO  DataIntegrityRuntime:634 - DataIntegrity[benign-14][ss-b-card-create]: acked=true X-present=true gate=OBSERVED_PRESENT polls=1 in 10ms
2026-07-04 02:48:38 INFO  DataIntegrityRuntime:351 - DataIntegrity[benign-14][ss-b-card-create]: baseline captured, fresh key {longNum=mist-4f484741125c}
2026-07-04 02:48:38 INFO  DataIntegrityRuntime:634 - DataIntegrity[benign-14][ss-b-card-create]: acked=true X-present=true gate=OBSERVED_PRESENT polls=1 in 12ms
2026-07-04 02:48:40 INFO  DataIntegrityRuntime:351 - DataIntegrity[benign-14][ss-b-card-create]: baseline captured, fresh key {longNum=mist-003cab0d9c02}
2026-07-04 02:48:40 INFO  DataIntegrityRuntime:634 - DataIntegrity[benign-14][ss-b-card-create]: acked=true X-present=true gate=OBSERVED_PRESENT polls=1 in 11ms
2026-07-04 02:48:41 INFO  DataIntegrityRuntime:351 - DataIntegrity[benign-14][ss-b-card-create]: baseline captured, fresh key {longNum=mist-9bbfb9665be7}
2026-07-04 02:48:41 INFO  DataIntegrityRuntime:634 - DataIntegrity[benign-14][ss-b-card-create]: acked=true X-present=true gate=OBSERVED_PRESENT polls=1 in 13ms
2026-07-04 02:48:43 INFO  DataIntegrityRuntime:351 - DataIntegrity[benign-14][ss-b-card-create]: baseline captured, fresh key {longNum=mist-00f601578a72}
2026-07-04 02:48:43 INFO  DataIntegrityRuntime:634 - DataIntegrity[benign-14][ss-b-card-create]: acked=true X-present=true gate=OBSERVED_PRESENT polls=1 in 12ms
2026-07-04 02:48:45 INFO  DataIntegrityRuntime:351 - DataIntegrity[benign-14][ss-b-card-create]: baseline captured, fresh key {longNum=mist-efc7172cfaa6}
2026-07-04 02:48:45 INFO  DataIntegrityRuntime:634 - DataIntegrity[benign-14][ss-b-card-create]: acked=true X-present=true gate=OBSERVED_PRESENT polls=1 in 10ms
2026-07-04 02:48:48 INFO  DataIntegrityRuntime:351 - DataIntegrity[benign-14][ss-b-card-create]: baseline captured, fresh key {longNum=mist-a3ad397732f8}
2026-07-04 02:48:48 INFO  DataIntegrityRuntime:634 - DataIntegrity[benign-14][ss-b-card-create]: acked=true X-present=true gate=OBSERVED_PRESENT polls=1 in 12ms
2026-07-04 02:48:50 INFO  DataIntegrityRuntime:351 - DataIntegrity[benign-14][ss-b-card-create]: baseline captured, fresh key {longNum=mist-93834aa4f689}
2026-07-04 02:48:50 INFO  DataIntegrityRuntime:634 - DataIntegrity[benign-14][ss-b-card-create]: acked=true X-present=true gate=OBSERVED_PRESENT polls=1 in 12ms
2026-07-04 02:48:52 INFO  DataIntegrityRuntime:351 - DataIntegrity[benign-14][ss-b-card-create]: baseline captured, fresh key {longNum=mist-0e1362f0911b}
2026-07-04 02:48:52 INFO  DataIntegrityRuntime:634 - DataIntegrity[benign-14][ss-b-card-create]: acked=true X-present=true gate=OBSERVED_PRESENT polls=1 in 11ms
2026-07-04 02:48:54 INFO  DataIntegrityRuntime:351 - DataIntegrity[benign-14][ss-b-card-create]: baseline captured, fresh key {longNum=mist-1ed1735c588e}
2026-07-04 02:48:55 INFO  DataIntegrityRuntime:634 - DataIntegrity[benign-14][ss-b-card-create]: acked=true X-present=true gate=OBSERVED_PRESENT polls=1 in 13ms
2026-07-04 02:48:56 INFO  DataIntegrityRuntime:351 - DataIntegrity[benign-14][ss-b-card-create]: baseline captured, fresh key {longNum=mist-4015ec96634d}
2026-07-04 02:48:56 INFO  DataIntegrityRuntime:634 - DataIntegrity[benign-14][ss-b-card-create]: acked=true X-present=true gate=OBSERVED_PRESENT polls=1 in 12ms
2026-07-04 02:48:58 INFO  DataIntegrityRuntime:351 - DataIntegrity[benign-14][ss-b-card-create]: baseline captured, fresh key {longNum=mist-3e09946ca812}
2026-07-04 02:48:58 INFO  DataIntegrityRuntime:634 - DataIntegrity[benign-14][ss-b-card-create]: acked=true X-present=true gate=OBSERVED_PRESENT polls=1 in 12ms
2026-07-04 02:48:59 INFO  DataIntegrityRuntime:351 - DataIntegrity[benign-14][ss-b-card-create]: baseline captured, fresh key {longNum=mist-716632dd930f}
2026-07-04 02:48:59 INFO  DataIntegrityRuntime:634 - DataIntegrity[benign-14][ss-b-card-create]: acked=true X-present=true gate=OBSERVED_PRESENT polls=1 in 12ms
2026-07-04 02:49:01 INFO  DataIntegrityRuntime:351 - DataIntegrity[benign-14][ss-b-card-create]: baseline captured, fresh key {longNum=mist-5e3a6fddbbfa}
2026-07-04 02:49:01 INFO  DataIntegrityRuntime:634 - DataIntegrity[benign-14][ss-b-card-create]: acked=true X-present=true gate=OBSERVED_PRESENT polls=1 in 13ms
2026-07-04 02:49:04 INFO  DataIntegrityRuntime:351 - DataIntegrity[benign-14][ss-b-card-create]: baseline captured, fresh key {longNum=mist-662b2eae73ce}
2026-07-04 02:49:04 INFO  DataIntegrityRuntime:634 - DataIntegrity[benign-14][ss-b-card-create]: acked=true X-present=true gate=OBSERVED_PRESENT polls=1 in 13ms
2026-07-04 02:49:05 INFO  DataIntegrityRuntime:351 - DataIntegrity[benign-14][ss-b-card-create]: baseline captured, fresh key {longNum=mist-144eb6da1d86}
2026-07-04 02:49:06 INFO  DataIntegrityRuntime:634 - DataIntegrity[benign-14][ss-b-card-create]: acked=true X-present=true gate=OBSERVED_PRESENT polls=1 in 19ms
2026-07-04 02:49:07 INFO  DataIntegrityRuntime:351 - DataIntegrity[benign-14][ss-b-card-create]: baseline captured, fresh key {longNum=mist-7813d6f32484}
2026-07-04 02:49:07 INFO  DataIntegrityRuntime:634 - DataIntegrity[benign-14][ss-b-card-create]: acked=true X-present=true gate=OBSERVED_PRESENT polls=1 in 15ms
2026-07-04 02:49:09 INFO  DataIntegrityRuntime:351 - DataIntegrity[benign-14][ss-b-card-create]: baseline captured, fresh key {longNum=mist-e6613b7b9efc}
2026-07-04 02:49:09 INFO  DataIntegrityRuntime:634 - DataIntegrity[benign-14][ss-b-card-create]: acked=true X-present=true gate=OBSERVED_PRESENT polls=1 in 13ms
2026-07-04 02:49:11 INFO  DataIntegrityRuntime:351 - DataIntegrity[benign-14][ss-b-card-create]: baseline captured, fresh key {longNum=mist-b9bce95d2162}
2026-07-04 02:49:11 INFO  DataIntegrityRuntime:634 - DataIntegrity[benign-14][ss-b-card-create]: acked=true X-present=true gate=OBSERVED_PRESENT polls=1 in 14ms
2026-07-04 02:49:13 INFO  DataIntegrityRuntime:351 - DataIntegrity[benign-14][ss-b-card-create]: baseline captured, fresh key {longNum=mist-d55831fb824e}
2026-07-04 02:49:13 INFO  DataIntegrityRuntime:634 - DataIntegrity[benign-14][ss-b-card-create]: acked=true X-present=true gate=OBSERVED_PRESENT polls=1 in 14ms
2026-07-04 02:49:16 INFO  DataIntegrityRuntime:351 - DataIntegrity[benign-15][ss-b-address-create]: baseline captured, fresh key {street=mist-86fea46192bb, number=mist-56b4b6619ec2}
2026-07-04 02:49:16 INFO  DataIntegrityRuntime:634 - DataIntegrity[benign-15][ss-b-address-create]: acked=true X-present=true gate=OBSERVED_PRESENT polls=1 in 14ms
2026-07-04 02:49:22 INFO  DataIntegrityRuntime:351 - DataIntegrity[benign-15][ss-b-address-create]: baseline captured, fresh key {street=mist-aa9baa220a9b, number=mist-75b7d58ecd05}
2026-07-04 02:49:22 INFO  DataIntegrityRuntime:634 - DataIntegrity[benign-15][ss-b-address-create]: acked=true X-present=true gate=OBSERVED_PRESENT polls=1 in 14ms
2026-07-04 02:49:27 INFO  DataIntegrityRuntime:351 - DataIntegrity[benign-15][ss-b-address-create]: baseline captured, fresh key {street=mist-f1294532d23f, number=mist-d826d48b6554}
2026-07-04 02:49:27 INFO  DataIntegrityRuntime:634 - DataIntegrity[benign-15][ss-b-address-create]: acked=true X-present=true gate=OBSERVED_PRESENT polls=1 in 14ms
2026-07-04 02:49:29 INFO  DataIntegrityRuntime:351 - DataIntegrity[benign-15][ss-b-address-create]: baseline captured, fresh key {street=mist-a01383bc9f0b, number=mist-2d891291e095}
2026-07-04 02:49:29 INFO  DataIntegrityRuntime:634 - DataIntegrity[benign-15][ss-b-address-create]: acked=true X-present=true gate=OBSERVED_PRESENT polls=1 in 13ms
2026-07-04 02:49:31 INFO  DataIntegrityRuntime:351 - DataIntegrity[benign-15][ss-b-address-create]: baseline captured, fresh key {street=mist-f4cf926a95d8, number=mist-f7b260eb3edb}
2026-07-04 02:49:31 INFO  DataIntegrityRuntime:634 - DataIntegrity[benign-15][ss-b-address-create]: acked=true X-present=true gate=OBSERVED_PRESENT polls=1 in 15ms
2026-07-04 02:49:33 INFO  DataIntegrityRuntime:351 - DataIntegrity[benign-15][ss-b-address-create]: baseline captured, fresh key {street=mist-604576e66eb9, number=mist-4d4f510b96df}
2026-07-04 02:49:33 INFO  DataIntegrityRuntime:634 - DataIntegrity[benign-15][ss-b-address-create]: acked=true X-present=true gate=OBSERVED_PRESENT polls=1 in 13ms
2026-07-04 02:49:35 INFO  DataIntegrityRuntime:351 - DataIntegrity[benign-15][ss-b-address-create]: baseline captured, fresh key {street=mist-c7a8d699e4f1, number=mist-2b250f86a7b1}
2026-07-04 02:49:35 INFO  DataIntegrityRuntime:634 - DataIntegrity[benign-15][ss-b-address-create]: acked=true X-present=true gate=OBSERVED_PRESENT polls=1 in 14ms
2026-07-04 02:49:37 INFO  DataIntegrityRuntime:351 - DataIntegrity[benign-15][ss-b-address-create]: baseline captured, fresh key {street=mist-62b230c4852b, number=mist-e76af5bbe238}
2026-07-04 02:49:37 INFO  DataIntegrityRuntime:634 - DataIntegrity[benign-15][ss-b-address-create]: acked=true X-present=true gate=OBSERVED_PRESENT polls=1 in 15ms
2026-07-04 02:49:39 INFO  DataIntegrityRuntime:351 - DataIntegrity[benign-15][ss-b-address-create]: baseline captured, fresh key {street=mist-aab1158a76ea, number=mist-2829724d2265}
2026-07-04 02:49:39 INFO  DataIntegrityRuntime:634 - DataIntegrity[benign-15][ss-b-address-create]: acked=true X-present=true gate=OBSERVED_PRESENT polls=1 in 17ms
2026-07-04 02:49:40 INFO  DataIntegrityRuntime:351 - DataIntegrity[benign-15][ss-b-address-create]: baseline captured, fresh key {street=mist-571ad6dc6f1b, number=mist-747c18db7851}
2026-07-04 02:49:40 INFO  DataIntegrityRuntime:634 - DataIntegrity[benign-15][ss-b-address-create]: acked=true X-present=true gate=OBSERVED_PRESENT polls=1 in 15ms
2026-07-04 02:49:42 INFO  DataIntegrityRuntime:351 - DataIntegrity[benign-15][ss-b-address-create]: baseline captured, fresh key {street=mist-c43bc03129ff, number=mist-5ffa321b8999}
2026-07-04 02:49:42 INFO  DataIntegrityRuntime:634 - DataIntegrity[benign-15][ss-b-address-create]: acked=true X-present=true gate=OBSERVED_PRESENT polls=1 in 14ms
2026-07-04 02:49:45 INFO  DataIntegrityRuntime:351 - DataIntegrity[benign-15][ss-b-address-create]: baseline captured, fresh key {street=mist-1ff5483add3e, number=mist-6e15a9f12c4d}
2026-07-04 02:49:45 INFO  DataIntegrityRuntime:634 - DataIntegrity[benign-15][ss-b-address-create]: acked=true X-present=true gate=OBSERVED_PRESENT polls=1 in 15ms
2026-07-04 02:49:47 INFO  DataIntegrityRuntime:351 - DataIntegrity[benign-15][ss-b-address-create]: baseline captured, fresh key {street=mist-d4aa27562d7c, number=mist-13ba14804793}
2026-07-04 02:49:47 INFO  DataIntegrityRuntime:634 - DataIntegrity[benign-15][ss-b-address-create]: acked=true X-present=true gate=OBSERVED_PRESENT polls=1 in 15ms
2026-07-04 02:49:50 INFO  DataIntegrityRuntime:351 - DataIntegrity[benign-15][ss-b-address-create]: baseline captured, fresh key {street=mist-aac27e75fa0a, number=mist-f126343d569c}
2026-07-04 02:49:50 INFO  DataIntegrityRuntime:634 - DataIntegrity[benign-15][ss-b-address-create]: acked=true X-present=true gate=OBSERVED_PRESENT polls=1 in 18ms
2026-07-04 02:49:51 INFO  DataIntegrityRuntime:351 - DataIntegrity[benign-15][ss-b-address-create]: baseline captured, fresh key {street=mist-8a0dddc6ffb0, number=mist-78cfe84cd72a}
2026-07-04 02:49:51 INFO  DataIntegrityRuntime:634 - DataIntegrity[benign-15][ss-b-address-create]: acked=true X-present=true gate=OBSERVED_PRESENT polls=1 in 15ms
2026-07-04 02:49:53 INFO  DataIntegrityRuntime:351 - DataIntegrity[benign-15][ss-b-address-create]: baseline captured, fresh key {street=mist-bc466653729d, number=mist-c8bd272d11f5}
2026-07-04 02:49:53 INFO  DataIntegrityRuntime:634 - DataIntegrity[benign-15][ss-b-address-create]: acked=true X-present=true gate=OBSERVED_PRESENT polls=1 in 16ms
2026-07-04 02:49:56 INFO  DataIntegrityRuntime:351 - DataIntegrity[benign-15][ss-b-address-create]: baseline captured, fresh key {street=mist-2fc77246019c, number=mist-18340fe45b88}
2026-07-04 02:49:56 INFO  DataIntegrityRuntime:634 - DataIntegrity[benign-15][ss-b-address-create]: acked=true X-present=true gate=OBSERVED_PRESENT polls=1 in 13ms
2026-07-04 02:49:58 INFO  DataIntegrityRuntime:351 - DataIntegrity[benign-15][ss-b-address-create]: baseline captured, fresh key {street=mist-a22bf0d9fe4b, number=mist-0d02535f727c}
2026-07-04 02:49:58 INFO  DataIntegrityRuntime:634 - DataIntegrity[benign-15][ss-b-address-create]: acked=true X-present=true gate=OBSERVED_PRESENT polls=1 in 15ms
2026-07-04 02:50:01 INFO  DataIntegrityRuntime:351 - DataIntegrity[benign-15][ss-b-address-create]: baseline captured, fresh key {street=mist-58d4a21942e1, number=mist-81acf1488772}
2026-07-04 02:50:01 INFO  DataIntegrityRuntime:634 - DataIntegrity[benign-15][ss-b-address-create]: acked=true X-present=true gate=OBSERVED_PRESENT polls=1 in 15ms
2026-07-04 02:50:02 INFO  DataIntegrityRuntime:351 - DataIntegrity[benign-15][ss-b-address-create]: baseline captured, fresh key {street=mist-25c1cbc45f44, number=mist-997f3f8ef9fa}
2026-07-04 02:50:02 INFO  DataIntegrityRuntime:634 - DataIntegrity[benign-15][ss-b-address-create]: acked=true X-present=true gate=OBSERVED_PRESENT polls=1 in 14ms
2026-07-04 02:50:04 INFO  DataIntegrityRuntime:351 - DataIntegrity[benign-15][ss-b-card-create]: baseline captured, fresh key {longNum=mist-548f68d86841}
2026-07-04 02:50:04 INFO  DataIntegrityRuntime:634 - DataIntegrity[benign-15][ss-b-card-create]: acked=true X-present=true gate=OBSERVED_PRESENT polls=1 in 15ms
2026-07-04 02:50:06 INFO  DataIntegrityRuntime:351 - DataIntegrity[benign-15][ss-b-card-create]: baseline captured, fresh key {longNum=mist-600e1c440840}
2026-07-04 02:50:06 INFO  DataIntegrityRuntime:634 - DataIntegrity[benign-15][ss-b-card-create]: acked=true X-present=true gate=OBSERVED_PRESENT polls=1 in 13ms
2026-07-04 02:50:08 INFO  DataIntegrityRuntime:351 - DataIntegrity[benign-15][ss-b-card-create]: baseline captured, fresh key {longNum=mist-e3efe24cbb69}
2026-07-04 02:50:08 INFO  DataIntegrityRuntime:634 - DataIntegrity[benign-15][ss-b-card-create]: acked=true X-present=true gate=OBSERVED_PRESENT polls=1 in 13ms
2026-07-04 02:50:09 INFO  DataIntegrityRuntime:351 - DataIntegrity[benign-15][ss-b-card-create]: baseline captured, fresh key {longNum=mist-fcc32da20b66}
2026-07-04 02:50:10 INFO  DataIntegrityRuntime:634 - DataIntegrity[benign-15][ss-b-card-create]: acked=true X-present=true gate=OBSERVED_PRESENT polls=1 in 12ms
2026-07-04 02:50:12 INFO  DataIntegrityRuntime:351 - DataIntegrity[benign-15][ss-b-card-create]: baseline captured, fresh key {longNum=mist-dd716d9a3200}
2026-07-04 02:50:12 INFO  DataIntegrityRuntime:634 - DataIntegrity[benign-15][ss-b-card-create]: acked=true X-present=true gate=OBSERVED_PRESENT polls=1 in 13ms
2026-07-04 02:50:14 INFO  DataIntegrityRuntime:351 - DataIntegrity[benign-15][ss-b-card-create]: baseline captured, fresh key {longNum=mist-29752132739f}
2026-07-04 02:50:14 INFO  DataIntegrityRuntime:634 - DataIntegrity[benign-15][ss-b-card-create]: acked=true X-present=true gate=OBSERVED_PRESENT polls=1 in 15ms
2026-07-04 02:50:17 INFO  DataIntegrityRuntime:351 - DataIntegrity[benign-15][ss-b-card-create]: baseline captured, fresh key {longNum=mist-e881c3a953e2}
2026-07-04 02:50:17 INFO  DataIntegrityRuntime:634 - DataIntegrity[benign-15][ss-b-card-create]: acked=true X-present=true gate=OBSERVED_PRESENT polls=1 in 16ms
2026-07-04 02:50:18 INFO  DataIntegrityRuntime:351 - DataIntegrity[benign-15][ss-b-card-create]: baseline captured, fresh key {longNum=mist-7e4c5b4c460b}
2026-07-04 02:50:18 INFO  DataIntegrityRuntime:634 - DataIntegrity[benign-15][ss-b-card-create]: acked=true X-present=true gate=OBSERVED_PRESENT polls=1 in 14ms
2026-07-04 02:50:20 INFO  DataIntegrityRuntime:351 - DataIntegrity[benign-15][ss-b-card-create]: baseline captured, fresh key {longNum=mist-f1ad04e5c23c}
2026-07-04 02:50:20 INFO  DataIntegrityRuntime:634 - DataIntegrity[benign-15][ss-b-card-create]: acked=true X-present=true gate=OBSERVED_PRESENT polls=1 in 13ms
2026-07-04 02:50:22 INFO  DataIntegrityRuntime:351 - DataIntegrity[benign-15][ss-b-card-create]: baseline captured, fresh key {longNum=mist-e29fb8c51c37}
2026-07-04 02:50:22 INFO  DataIntegrityRuntime:634 - DataIntegrity[benign-15][ss-b-card-create]: acked=true X-present=true gate=OBSERVED_PRESENT polls=1 in 13ms
2026-07-04 02:50:24 INFO  DataIntegrityRuntime:351 - DataIntegrity[benign-15][ss-b-card-create]: baseline captured, fresh key {longNum=mist-a95f621f137e}
2026-07-04 02:50:24 INFO  DataIntegrityRuntime:634 - DataIntegrity[benign-15][ss-b-card-create]: acked=true X-present=true gate=OBSERVED_PRESENT polls=1 in 13ms
2026-07-04 02:50:25 INFO  DataIntegrityRuntime:351 - DataIntegrity[benign-15][ss-b-card-create]: baseline captured, fresh key {longNum=mist-04ffd7c33cb2}
2026-07-04 02:50:25 INFO  DataIntegrityRuntime:634 - DataIntegrity[benign-15][ss-b-card-create]: acked=true X-present=true gate=OBSERVED_PRESENT polls=1 in 14ms
2026-07-04 02:50:27 INFO  DataIntegrityRuntime:351 - DataIntegrity[benign-15][ss-b-card-create]: baseline captured, fresh key {longNum=mist-0a6804d73c1f}
2026-07-04 02:50:27 INFO  DataIntegrityRuntime:634 - DataIntegrity[benign-15][ss-b-card-create]: acked=true X-present=true gate=OBSERVED_PRESENT polls=1 in 21ms
2026-07-04 02:50:29 INFO  DataIntegrityRuntime:351 - DataIntegrity[benign-15][ss-b-card-create]: baseline captured, fresh key {longNum=mist-cb1319ae707f}
2026-07-04 02:50:29 INFO  DataIntegrityRuntime:634 - DataIntegrity[benign-15][ss-b-card-create]: acked=true X-present=true gate=OBSERVED_PRESENT polls=1 in 16ms
2026-07-04 02:50:31 INFO  DataIntegrityRuntime:351 - DataIntegrity[benign-15][ss-b-card-create]: baseline captured, fresh key {longNum=mist-1155ba582d5d}
2026-07-04 02:50:31 INFO  DataIntegrityRuntime:634 - DataIntegrity[benign-15][ss-b-card-create]: acked=true X-present=true gate=OBSERVED_PRESENT polls=1 in 11ms
2026-07-04 02:50:32 INFO  DataIntegrityRuntime:351 - DataIntegrity[benign-15][ss-b-card-create]: baseline captured, fresh key {longNum=mist-558b60e5bdb4}
2026-07-04 02:50:32 INFO  DataIntegrityRuntime:634 - DataIntegrity[benign-15][ss-b-card-create]: acked=true X-present=true gate=OBSERVED_PRESENT polls=1 in 14ms
2026-07-04 02:50:34 INFO  DataIntegrityRuntime:351 - DataIntegrity[benign-15][ss-b-card-create]: baseline captured, fresh key {longNum=mist-627426b30652}
2026-07-04 02:50:34 INFO  DataIntegrityRuntime:634 - DataIntegrity[benign-15][ss-b-card-create]: acked=true X-present=true gate=OBSERVED_PRESENT polls=1 in 13ms
2026-07-04 02:50:36 INFO  DataIntegrityRuntime:351 - DataIntegrity[benign-15][ss-b-card-create]: baseline captured, fresh key {longNum=mist-ee5ae3e11430}
2026-07-04 02:50:36 INFO  DataIntegrityRuntime:634 - DataIntegrity[benign-15][ss-b-card-create]: acked=true X-present=true gate=OBSERVED_PRESENT polls=1 in 13ms
2026-07-04 02:50:37 INFO  DataIntegrityRuntime:351 - DataIntegrity[benign-15][ss-b-card-create]: baseline captured, fresh key {longNum=mist-7fb22bfb2ce9}
2026-07-04 02:50:37 INFO  DataIntegrityRuntime:634 - DataIntegrity[benign-15][ss-b-card-create]: acked=true X-present=true gate=OBSERVED_PRESENT polls=1 in 12ms
2026-07-04 02:50:39 INFO  DataIntegrityRuntime:351 - DataIntegrity[benign-15][ss-b-card-create]: baseline captured, fresh key {longNum=mist-5c875673ecc2}
2026-07-04 02:50:39 INFO  DataIntegrityRuntime:634 - DataIntegrity[benign-15][ss-b-card-create]: acked=true X-present=true gate=OBSERVED_PRESENT polls=1 in 13ms
2026-07-04 02:50:43 INFO  DataIntegrityRuntime:351 - DataIntegrity[benign-16][ss-b-address-create]: baseline captured, fresh key {street=mist-5f143294e660, number=mist-ea6b3512d247}
2026-07-04 02:50:43 INFO  DataIntegrityRuntime:634 - DataIntegrity[benign-16][ss-b-address-create]: acked=true X-present=true gate=OBSERVED_PRESENT polls=1 in 14ms
2026-07-04 02:50:45 INFO  DataIntegrityRuntime:351 - DataIntegrity[benign-16][ss-b-address-create]: baseline captured, fresh key {street=mist-2128210cd057, number=mist-7dc0e6041126}
2026-07-04 02:50:45 INFO  DataIntegrityRuntime:634 - DataIntegrity[benign-16][ss-b-address-create]: acked=true X-present=true gate=OBSERVED_PRESENT polls=1 in 16ms
2026-07-04 02:50:48 INFO  DataIntegrityRuntime:351 - DataIntegrity[benign-16][ss-b-address-create]: baseline captured, fresh key {street=mist-12968fd681a8, number=mist-d6215a0e3783}
2026-07-04 02:50:48 INFO  DataIntegrityRuntime:634 - DataIntegrity[benign-16][ss-b-address-create]: acked=true X-present=true gate=OBSERVED_PRESENT polls=1 in 15ms
2026-07-04 02:50:50 INFO  DataIntegrityRuntime:351 - DataIntegrity[benign-16][ss-b-address-create]: baseline captured, fresh key {street=mist-c9a283ee95cc, number=mist-d8c292c22df1}
2026-07-04 02:50:50 INFO  DataIntegrityRuntime:634 - DataIntegrity[benign-16][ss-b-address-create]: acked=true X-present=true gate=OBSERVED_PRESENT polls=1 in 14ms
2026-07-04 02:50:52 INFO  DataIntegrityRuntime:351 - DataIntegrity[benign-16][ss-b-address-create]: baseline captured, fresh key {street=mist-700000821266, number=mist-73d29a84717b}
2026-07-04 02:50:52 INFO  DataIntegrityRuntime:634 - DataIntegrity[benign-16][ss-b-address-create]: acked=true X-present=true gate=OBSERVED_PRESENT polls=1 in 15ms
2026-07-04 02:50:54 INFO  DataIntegrityRuntime:351 - DataIntegrity[benign-16][ss-b-address-create]: baseline captured, fresh key {street=mist-3c28cd1254fb, number=mist-cf05f5c3caef}
2026-07-04 02:50:54 INFO  DataIntegrityRuntime:634 - DataIntegrity[benign-16][ss-b-address-create]: acked=true X-present=true gate=OBSERVED_PRESENT polls=1 in 14ms
2026-07-04 02:50:55 INFO  DataIntegrityRuntime:351 - DataIntegrity[benign-16][ss-b-address-create]: baseline captured, fresh key {street=mist-334604f785bb, number=mist-7577555c4a4f}
2026-07-04 02:50:55 INFO  DataIntegrityRuntime:634 - DataIntegrity[benign-16][ss-b-address-create]: acked=true X-present=true gate=OBSERVED_PRESENT polls=1 in 14ms
2026-07-04 02:50:57 INFO  DataIntegrityRuntime:351 - DataIntegrity[benign-16][ss-b-address-create]: baseline captured, fresh key {street=mist-2de033959998, number=mist-96ff2ee2079f}
2026-07-04 02:50:57 INFO  DataIntegrityRuntime:634 - DataIntegrity[benign-16][ss-b-address-create]: acked=true X-present=true gate=OBSERVED_PRESENT polls=1 in 15ms
2026-07-04 02:51:00 INFO  DataIntegrityRuntime:351 - DataIntegrity[benign-16][ss-b-address-create]: baseline captured, fresh key {street=mist-4b77f55406d6, number=mist-cc3630875806}
2026-07-04 02:51:00 INFO  DataIntegrityRuntime:634 - DataIntegrity[benign-16][ss-b-address-create]: acked=true X-present=true gate=OBSERVED_PRESENT polls=1 in 14ms
2026-07-04 02:51:02 INFO  DataIntegrityRuntime:351 - DataIntegrity[benign-16][ss-b-address-create]: baseline captured, fresh key {street=mist-8b797d21d09a, number=mist-525a6791ac50}
2026-07-04 02:51:02 INFO  DataIntegrityRuntime:634 - DataIntegrity[benign-16][ss-b-address-create]: acked=true X-present=true gate=OBSERVED_PRESENT polls=1 in 13ms
2026-07-04 02:51:04 INFO  DataIntegrityRuntime:351 - DataIntegrity[benign-16][ss-b-address-create]: baseline captured, fresh key {street=mist-bdc789368a6c, number=mist-e5676b5bc089}
2026-07-04 02:51:04 INFO  DataIntegrityRuntime:634 - DataIntegrity[benign-16][ss-b-address-create]: acked=true X-present=true gate=OBSERVED_PRESENT polls=1 in 15ms
2026-07-04 02:51:06 INFO  DataIntegrityRuntime:351 - DataIntegrity[benign-16][ss-b-address-create]: baseline captured, fresh key {street=mist-22ec0bea61c7, number=mist-e9a6fccb843d}
2026-07-04 02:51:06 INFO  DataIntegrityRuntime:634 - DataIntegrity[benign-16][ss-b-address-create]: acked=true X-present=true gate=OBSERVED_PRESENT polls=1 in 14ms
2026-07-04 02:51:09 INFO  DataIntegrityRuntime:351 - DataIntegrity[benign-16][ss-b-address-create]: baseline captured, fresh key {street=mist-2916b1c77970, number=mist-b3c86eed87d3}
2026-07-04 02:51:09 INFO  DataIntegrityRuntime:634 - DataIntegrity[benign-16][ss-b-address-create]: acked=true X-present=true gate=OBSERVED_PRESENT polls=1 in 13ms
2026-07-04 02:51:10 INFO  DataIntegrityRuntime:351 - DataIntegrity[benign-16][ss-b-address-create]: baseline captured, fresh key {street=mist-05fbbe674282, number=mist-b3a147568d4b}
2026-07-04 02:51:10 INFO  DataIntegrityRuntime:634 - DataIntegrity[benign-16][ss-b-address-create]: acked=true X-present=true gate=OBSERVED_PRESENT polls=1 in 15ms
2026-07-04 02:51:13 INFO  DataIntegrityRuntime:351 - DataIntegrity[benign-16][ss-b-address-create]: baseline captured, fresh key {street=mist-a1e1935e0df5, number=mist-46cd397ab330}
2026-07-04 02:51:13 INFO  DataIntegrityRuntime:634 - DataIntegrity[benign-16][ss-b-address-create]: acked=true X-present=true gate=OBSERVED_PRESENT polls=1 in 15ms
2026-07-04 02:51:16 INFO  DataIntegrityRuntime:351 - DataIntegrity[benign-16][ss-b-address-create]: baseline captured, fresh key {street=mist-86021ac02306, number=mist-3d19632858a9}
2026-07-04 02:51:16 INFO  DataIntegrityRuntime:634 - DataIntegrity[benign-16][ss-b-address-create]: acked=true X-present=true gate=OBSERVED_PRESENT polls=1 in 12ms
2026-07-04 02:51:17 INFO  DataIntegrityRuntime:351 - DataIntegrity[benign-16][ss-b-address-create]: baseline captured, fresh key {street=mist-7762f7dce48f, number=mist-e58b811c6f6e}
2026-07-04 02:51:17 INFO  DataIntegrityRuntime:634 - DataIntegrity[benign-16][ss-b-address-create]: acked=true X-present=true gate=OBSERVED_PRESENT polls=1 in 13ms
2026-07-04 02:51:20 INFO  DataIntegrityRuntime:351 - DataIntegrity[benign-16][ss-b-address-create]: baseline captured, fresh key {street=mist-33352cb02ea9, number=mist-95b57c951841}
2026-07-04 02:51:20 INFO  DataIntegrityRuntime:634 - DataIntegrity[benign-16][ss-b-address-create]: acked=true X-present=true gate=OBSERVED_PRESENT polls=1 in 13ms
2026-07-04 02:51:22 INFO  DataIntegrityRuntime:351 - DataIntegrity[benign-16][ss-b-address-create]: baseline captured, fresh key {street=mist-06b4d1a296e1, number=mist-3366a268569a}
2026-07-04 02:51:22 INFO  DataIntegrityRuntime:634 - DataIntegrity[benign-16][ss-b-address-create]: acked=true X-present=true gate=OBSERVED_PRESENT polls=1 in 16ms
2026-07-04 02:51:24 INFO  DataIntegrityRuntime:351 - DataIntegrity[benign-16][ss-b-address-create]: baseline captured, fresh key {street=mist-7699a03cf415, number=mist-7307bdd852b6}
2026-07-04 02:51:24 INFO  DataIntegrityRuntime:634 - DataIntegrity[benign-16][ss-b-address-create]: acked=true X-present=true gate=OBSERVED_PRESENT polls=1 in 16ms
2026-07-04 02:51:27 INFO  DataIntegrityRuntime:351 - DataIntegrity[benign-16][ss-b-card-create]: baseline captured, fresh key {longNum=mist-382e3b078e2d}
2026-07-04 02:51:27 INFO  DataIntegrityRuntime:634 - DataIntegrity[benign-16][ss-b-card-create]: acked=true X-present=true gate=OBSERVED_PRESENT polls=1 in 13ms
2026-07-04 02:51:28 INFO  DataIntegrityRuntime:351 - DataIntegrity[benign-16][ss-b-card-create]: baseline captured, fresh key {longNum=mist-f1b30aaf43cb}
2026-07-04 02:51:28 INFO  DataIntegrityRuntime:634 - DataIntegrity[benign-16][ss-b-card-create]: acked=true X-present=true gate=OBSERVED_PRESENT polls=1 in 12ms
2026-07-04 02:51:31 INFO  DataIntegrityRuntime:351 - DataIntegrity[benign-16][ss-b-card-create]: baseline captured, fresh key {longNum=mist-aa4b0e28fac6}
2026-07-04 02:51:31 INFO  DataIntegrityRuntime:634 - DataIntegrity[benign-16][ss-b-card-create]: acked=true X-present=true gate=OBSERVED_PRESENT polls=1 in 13ms
2026-07-04 02:51:33 INFO  DataIntegrityRuntime:351 - DataIntegrity[benign-16][ss-b-card-create]: baseline captured, fresh key {longNum=mist-446cbf7c74d4}
2026-07-04 02:51:33 INFO  DataIntegrityRuntime:634 - DataIntegrity[benign-16][ss-b-card-create]: acked=true X-present=true gate=OBSERVED_PRESENT polls=1 in 12ms
2026-07-04 02:51:34 INFO  DataIntegrityRuntime:351 - DataIntegrity[benign-16][ss-b-card-create]: baseline captured, fresh key {longNum=mist-214447152c3f}
2026-07-04 02:51:34 INFO  DataIntegrityRuntime:634 - DataIntegrity[benign-16][ss-b-card-create]: acked=true X-present=true gate=OBSERVED_PRESENT polls=1 in 14ms
2026-07-04 02:51:36 INFO  DataIntegrityRuntime:351 - DataIntegrity[benign-16][ss-b-card-create]: baseline captured, fresh key {longNum=mist-ff0a6d387c2d}
2026-07-04 02:51:36 INFO  DataIntegrityRuntime:634 - DataIntegrity[benign-16][ss-b-card-create]: acked=true X-present=true gate=OBSERVED_PRESENT polls=1 in 15ms
2026-07-04 02:51:38 INFO  DataIntegrityRuntime:351 - DataIntegrity[benign-16][ss-b-card-create]: baseline captured, fresh key {longNum=mist-ca8a31d1635c}
2026-07-04 02:51:38 INFO  DataIntegrityRuntime:634 - DataIntegrity[benign-16][ss-b-card-create]: acked=true X-present=true gate=OBSERVED_PRESENT polls=1 in 14ms
2026-07-04 02:51:41 INFO  DataIntegrityRuntime:351 - DataIntegrity[benign-16][ss-b-card-create]: baseline captured, fresh key {longNum=mist-a70d62d2a2b2}
2026-07-04 02:51:41 INFO  DataIntegrityRuntime:634 - DataIntegrity[benign-16][ss-b-card-create]: acked=true X-present=true gate=OBSERVED_PRESENT polls=1 in 13ms
2026-07-04 02:51:43 INFO  DataIntegrityRuntime:351 - DataIntegrity[benign-16][ss-b-card-create]: baseline captured, fresh key {longNum=mist-8c8538d73d58}
2026-07-04 02:51:43 INFO  DataIntegrityRuntime:634 - DataIntegrity[benign-16][ss-b-card-create]: acked=true X-present=true gate=OBSERVED_PRESENT polls=1 in 13ms
2026-07-04 02:51:46 INFO  DataIntegrityRuntime:351 - DataIntegrity[benign-16][ss-b-card-create]: baseline captured, fresh key {longNum=mist-6fa2c2d7c28b}
2026-07-04 02:51:46 INFO  DataIntegrityRuntime:634 - DataIntegrity[benign-16][ss-b-card-create]: acked=true X-present=true gate=OBSERVED_PRESENT polls=1 in 14ms
2026-07-04 02:51:48 INFO  DataIntegrityRuntime:351 - DataIntegrity[benign-16][ss-b-card-create]: baseline captured, fresh key {longNum=mist-265c749f35a3}
2026-07-04 02:51:48 INFO  DataIntegrityRuntime:634 - DataIntegrity[benign-16][ss-b-card-create]: acked=true X-present=true gate=OBSERVED_PRESENT polls=1 in 15ms
2026-07-04 02:51:50 INFO  DataIntegrityRuntime:351 - DataIntegrity[benign-16][ss-b-card-create]: baseline captured, fresh key {longNum=mist-ab4ab6777630}
2026-07-04 02:51:50 INFO  DataIntegrityRuntime:634 - DataIntegrity[benign-16][ss-b-card-create]: acked=true X-present=true gate=OBSERVED_PRESENT polls=1 in 14ms
2026-07-04 02:51:52 INFO  DataIntegrityRuntime:351 - DataIntegrity[benign-16][ss-b-card-create]: baseline captured, fresh key {longNum=mist-52bde8a1f6eb}
2026-07-04 02:51:52 INFO  DataIntegrityRuntime:634 - DataIntegrity[benign-16][ss-b-card-create]: acked=true X-present=true gate=OBSERVED_PRESENT polls=1 in 13ms
2026-07-04 02:51:53 INFO  DataIntegrityRuntime:351 - DataIntegrity[benign-16][ss-b-card-create]: baseline captured, fresh key {longNum=mist-2f3e31f2c028}
2026-07-04 02:51:53 INFO  DataIntegrityRuntime:634 - DataIntegrity[benign-16][ss-b-card-create]: acked=true X-present=true gate=OBSERVED_PRESENT polls=1 in 14ms
2026-07-04 02:51:56 INFO  DataIntegrityRuntime:351 - DataIntegrity[benign-16][ss-b-card-create]: baseline captured, fresh key {longNum=mist-20f6fdd8202a}
2026-07-04 02:51:56 INFO  DataIntegrityRuntime:634 - DataIntegrity[benign-16][ss-b-card-create]: acked=true X-present=true gate=OBSERVED_PRESENT polls=1 in 12ms
2026-07-04 02:51:58 INFO  DataIntegrityRuntime:351 - DataIntegrity[benign-16][ss-b-card-create]: baseline captured, fresh key {longNum=mist-78f46134c936}
2026-07-04 02:51:58 INFO  DataIntegrityRuntime:634 - DataIntegrity[benign-16][ss-b-card-create]: acked=true X-present=true gate=OBSERVED_PRESENT polls=1 in 13ms
2026-07-04 02:52:01 INFO  DataIntegrityRuntime:351 - DataIntegrity[benign-16][ss-b-card-create]: baseline captured, fresh key {longNum=mist-fc3137646d63}
2026-07-04 02:52:01 INFO  DataIntegrityRuntime:634 - DataIntegrity[benign-16][ss-b-card-create]: acked=true X-present=true gate=OBSERVED_PRESENT polls=1 in 12ms
2026-07-04 02:52:04 INFO  DataIntegrityRuntime:351 - DataIntegrity[benign-16][ss-b-card-create]: baseline captured, fresh key {longNum=mist-ca1ed0e96d50}
2026-07-04 02:52:04 INFO  DataIntegrityRuntime:634 - DataIntegrity[benign-16][ss-b-card-create]: acked=true X-present=true gate=OBSERVED_PRESENT polls=1 in 12ms
2026-07-04 02:52:06 INFO  DataIntegrityRuntime:351 - DataIntegrity[benign-16][ss-b-card-create]: baseline captured, fresh key {longNum=mist-d43d52658bcc}
2026-07-04 02:52:06 INFO  DataIntegrityRuntime:634 - DataIntegrity[benign-16][ss-b-card-create]: acked=true X-present=true gate=OBSERVED_PRESENT polls=1 in 14ms
2026-07-04 02:52:09 INFO  DataIntegrityRuntime:351 - DataIntegrity[benign-16][ss-b-card-create]: baseline captured, fresh key {longNum=mist-58d3aa7b669f}
2026-07-04 02:52:09 INFO  DataIntegrityRuntime:634 - DataIntegrity[benign-16][ss-b-card-create]: acked=true X-present=true gate=OBSERVED_PRESENT polls=1 in 13ms
2026-07-04 02:52:11 INFO  DataIntegrityRuntime:351 - DataIntegrity[benign-17][ss-b-address-create]: baseline captured, fresh key {street=mist-53d37c2a8aa7, number=mist-c0447e917a3f}
2026-07-04 02:52:11 INFO  DataIntegrityRuntime:634 - DataIntegrity[benign-17][ss-b-address-create]: acked=true X-present=true gate=OBSERVED_PRESENT polls=1 in 15ms
2026-07-04 02:52:13 INFO  DataIntegrityRuntime:351 - DataIntegrity[benign-17][ss-b-address-create]: baseline captured, fresh key {street=mist-bc271556663f, number=mist-ecf8d98badc2}
2026-07-04 02:52:13 INFO  DataIntegrityRuntime:634 - DataIntegrity[benign-17][ss-b-address-create]: acked=true X-present=true gate=OBSERVED_PRESENT polls=1 in 16ms
2026-07-04 02:52:15 INFO  DataIntegrityRuntime:351 - DataIntegrity[benign-17][ss-b-address-create]: baseline captured, fresh key {street=mist-a1d990581bb9, number=mist-81b07bc5c253}
2026-07-04 02:52:15 INFO  DataIntegrityRuntime:634 - DataIntegrity[benign-17][ss-b-address-create]: acked=true X-present=true gate=OBSERVED_PRESENT polls=1 in 15ms
2026-07-04 02:52:18 INFO  DataIntegrityRuntime:351 - DataIntegrity[benign-17][ss-b-address-create]: baseline captured, fresh key {street=mist-f58c5330f16a, number=mist-aa3b406854b8}
2026-07-04 02:52:18 INFO  DataIntegrityRuntime:634 - DataIntegrity[benign-17][ss-b-address-create]: acked=true X-present=true gate=OBSERVED_PRESENT polls=1 in 15ms
2026-07-04 02:52:20 INFO  DataIntegrityRuntime:351 - DataIntegrity[benign-17][ss-b-address-create]: baseline captured, fresh key {street=mist-2eeef060c949, number=mist-eeb76034144d}
2026-07-04 02:52:20 INFO  DataIntegrityRuntime:634 - DataIntegrity[benign-17][ss-b-address-create]: acked=true X-present=true gate=OBSERVED_PRESENT polls=1 in 14ms
2026-07-04 02:52:22 INFO  DataIntegrityRuntime:351 - DataIntegrity[benign-17][ss-b-address-create]: baseline captured, fresh key {street=mist-3f845361b45c, number=mist-13c1ad443adf}
2026-07-04 02:52:22 INFO  DataIntegrityRuntime:634 - DataIntegrity[benign-17][ss-b-address-create]: acked=true X-present=true gate=OBSERVED_PRESENT polls=1 in 23ms
2026-07-04 02:52:23 INFO  DataIntegrityRuntime:351 - DataIntegrity[benign-17][ss-b-address-create]: baseline captured, fresh key {street=mist-8fe9fc050f52, number=mist-604d4417bb7a}
2026-07-04 02:52:23 INFO  DataIntegrityRuntime:634 - DataIntegrity[benign-17][ss-b-address-create]: acked=true X-present=true gate=OBSERVED_PRESENT polls=1 in 19ms
2026-07-04 02:52:25 INFO  DataIntegrityRuntime:351 - DataIntegrity[benign-17][ss-b-address-create]: baseline captured, fresh key {street=mist-6dd8e22f141c, number=mist-7bac5c2cfc08}
2026-07-04 02:52:25 INFO  DataIntegrityRuntime:634 - DataIntegrity[benign-17][ss-b-address-create]: acked=true X-present=true gate=OBSERVED_PRESENT polls=1 in 16ms
2026-07-04 02:52:28 INFO  DataIntegrityRuntime:351 - DataIntegrity[benign-17][ss-b-address-create]: baseline captured, fresh key {street=mist-280cc3abcd58, number=mist-3417f7aa9c35}
2026-07-04 02:52:28 INFO  DataIntegrityRuntime:634 - DataIntegrity[benign-17][ss-b-address-create]: acked=true X-present=true gate=OBSERVED_PRESENT polls=1 in 15ms
2026-07-04 02:52:29 INFO  DataIntegrityRuntime:351 - DataIntegrity[benign-17][ss-b-address-create]: baseline captured, fresh key {street=mist-cbc9044e1ba3, number=mist-2ff147c6ac84}
2026-07-04 02:52:29 INFO  DataIntegrityRuntime:634 - DataIntegrity[benign-17][ss-b-address-create]: acked=true X-present=true gate=OBSERVED_PRESENT polls=1 in 15ms
2026-07-04 02:52:30 INFO  DataIntegrityRuntime:351 - DataIntegrity[benign-17][ss-b-address-create]: baseline captured, fresh key {street=mist-163d7471a60b, number=mist-05033a12072e}
2026-07-04 02:52:31 INFO  DataIntegrityRuntime:634 - DataIntegrity[benign-17][ss-b-address-create]: acked=true X-present=true gate=OBSERVED_PRESENT polls=1 in 17ms
2026-07-04 02:52:33 INFO  DataIntegrityRuntime:351 - DataIntegrity[benign-17][ss-b-address-create]: baseline captured, fresh key {street=mist-62e6a4de21b0, number=mist-2172b4fa5475}
2026-07-04 02:52:33 INFO  DataIntegrityRuntime:634 - DataIntegrity[benign-17][ss-b-address-create]: acked=true X-present=true gate=OBSERVED_PRESENT polls=1 in 14ms
2026-07-04 02:52:35 INFO  DataIntegrityRuntime:351 - DataIntegrity[benign-17][ss-b-address-create]: baseline captured, fresh key {street=mist-c13f3b0897b5, number=mist-685e6657163e}
2026-07-04 02:52:35 INFO  DataIntegrityRuntime:634 - DataIntegrity[benign-17][ss-b-address-create]: acked=true X-present=true gate=OBSERVED_PRESENT polls=1 in 14ms
2026-07-04 02:52:37 INFO  DataIntegrityRuntime:351 - DataIntegrity[benign-17][ss-b-address-create]: baseline captured, fresh key {street=mist-17a9ea0cc85e, number=mist-112dbc38b2ed}
2026-07-04 02:52:37 INFO  DataIntegrityRuntime:634 - DataIntegrity[benign-17][ss-b-address-create]: acked=true X-present=true gate=OBSERVED_PRESENT polls=1 in 16ms
2026-07-04 02:52:39 INFO  DataIntegrityRuntime:351 - DataIntegrity[benign-17][ss-b-address-create]: baseline captured, fresh key {street=mist-583974ec7bd3, number=mist-485490ffc9b3}
2026-07-04 02:52:39 INFO  DataIntegrityRuntime:634 - DataIntegrity[benign-17][ss-b-address-create]: acked=true X-present=true gate=OBSERVED_PRESENT polls=1 in 14ms
2026-07-04 02:52:41 INFO  DataIntegrityRuntime:351 - DataIntegrity[benign-17][ss-b-address-create]: baseline captured, fresh key {street=mist-52af15a02d11, number=mist-8e1be78910f0}
2026-07-04 02:52:41 INFO  DataIntegrityRuntime:634 - DataIntegrity[benign-17][ss-b-address-create]: acked=true X-present=true gate=OBSERVED_PRESENT polls=1 in 14ms
2026-07-04 02:52:42 INFO  DataIntegrityRuntime:351 - DataIntegrity[benign-17][ss-b-address-create]: baseline captured, fresh key {street=mist-0c49702aeb28, number=mist-84c040defc85}
2026-07-04 02:52:42 INFO  DataIntegrityRuntime:634 - DataIntegrity[benign-17][ss-b-address-create]: acked=true X-present=true gate=OBSERVED_PRESENT polls=1 in 14ms
2026-07-04 02:52:45 INFO  DataIntegrityRuntime:351 - DataIntegrity[benign-17][ss-b-address-create]: baseline captured, fresh key {street=mist-464b99e54617, number=mist-8545b5274237}
2026-07-04 02:52:45 INFO  DataIntegrityRuntime:634 - DataIntegrity[benign-17][ss-b-address-create]: acked=true X-present=true gate=OBSERVED_PRESENT polls=1 in 14ms
2026-07-04 02:52:46 INFO  DataIntegrityRuntime:351 - DataIntegrity[benign-17][ss-b-address-create]: baseline captured, fresh key {street=mist-cc3e1a0dbe78, number=mist-bdff6a2c6f7f}
2026-07-04 02:52:46 INFO  DataIntegrityRuntime:634 - DataIntegrity[benign-17][ss-b-address-create]: acked=true X-present=true gate=OBSERVED_PRESENT polls=1 in 19ms
2026-07-04 02:52:48 INFO  DataIntegrityRuntime:351 - DataIntegrity[benign-17][ss-b-address-create]: baseline captured, fresh key {street=mist-d009f1cca7a1, number=mist-ae1f65f53716}
2026-07-04 02:52:48 INFO  DataIntegrityRuntime:634 - DataIntegrity[benign-17][ss-b-address-create]: acked=true X-present=true gate=OBSERVED_PRESENT polls=1 in 15ms
2026-07-04 02:52:51 INFO  DataIntegrityRuntime:351 - DataIntegrity[benign-17][ss-b-card-create]: baseline captured, fresh key {longNum=mist-c9fe9bb48e2b}
2026-07-04 02:52:51 INFO  DataIntegrityRuntime:634 - DataIntegrity[benign-17][ss-b-card-create]: acked=true X-present=true gate=OBSERVED_PRESENT polls=1 in 14ms
2026-07-04 02:52:58 INFO  DataIntegrityRuntime:351 - DataIntegrity[benign-17][ss-b-card-create]: baseline captured, fresh key {longNum=mist-ad34ff516fa6}
2026-07-04 02:52:58 INFO  DataIntegrityRuntime:634 - DataIntegrity[benign-17][ss-b-card-create]: acked=true X-present=true gate=OBSERVED_PRESENT polls=1 in 14ms
2026-07-04 02:52:59 INFO  DataIntegrityRuntime:351 - DataIntegrity[benign-17][ss-b-card-create]: baseline captured, fresh key {longNum=mist-e6ca5d89c2d2}
2026-07-04 02:52:59 INFO  DataIntegrityRuntime:634 - DataIntegrity[benign-17][ss-b-card-create]: acked=true X-present=true gate=OBSERVED_PRESENT polls=1 in 16ms
2026-07-04 02:53:01 INFO  DataIntegrityRuntime:351 - DataIntegrity[benign-17][ss-b-card-create]: baseline captured, fresh key {longNum=mist-fa2ca51d9f05}
2026-07-04 02:53:01 INFO  DataIntegrityRuntime:634 - DataIntegrity[benign-17][ss-b-card-create]: acked=true X-present=true gate=OBSERVED_PRESENT polls=1 in 14ms
2026-07-04 02:53:03 INFO  DataIntegrityRuntime:351 - DataIntegrity[benign-17][ss-b-card-create]: baseline captured, fresh key {longNum=mist-ee4aa3216e71}
2026-07-04 02:53:03 INFO  DataIntegrityRuntime:634 - DataIntegrity[benign-17][ss-b-card-create]: acked=true X-present=true gate=OBSERVED_PRESENT polls=1 in 14ms
2026-07-04 02:53:04 INFO  DataIntegrityRuntime:351 - DataIntegrity[benign-17][ss-b-card-create]: baseline captured, fresh key {longNum=mist-9c090298c9f1}
2026-07-04 02:53:04 INFO  DataIntegrityRuntime:634 - DataIntegrity[benign-17][ss-b-card-create]: acked=true X-present=true gate=OBSERVED_PRESENT polls=1 in 15ms
2026-07-04 02:53:06 INFO  DataIntegrityRuntime:351 - DataIntegrity[benign-17][ss-b-card-create]: baseline captured, fresh key {longNum=mist-2ebd9f630c70}
2026-07-04 02:53:06 INFO  DataIntegrityRuntime:634 - DataIntegrity[benign-17][ss-b-card-create]: acked=true X-present=true gate=OBSERVED_PRESENT polls=1 in 14ms
2026-07-04 02:53:08 INFO  DataIntegrityRuntime:351 - DataIntegrity[benign-17][ss-b-card-create]: baseline captured, fresh key {longNum=mist-30b7426edc09}
2026-07-04 02:53:08 INFO  DataIntegrityRuntime:634 - DataIntegrity[benign-17][ss-b-card-create]: acked=true X-present=true gate=OBSERVED_PRESENT polls=1 in 14ms
2026-07-04 02:53:10 INFO  DataIntegrityRuntime:351 - DataIntegrity[benign-17][ss-b-card-create]: baseline captured, fresh key {longNum=mist-5f6b26d79a90}
2026-07-04 02:53:10 INFO  DataIntegrityRuntime:634 - DataIntegrity[benign-17][ss-b-card-create]: acked=true X-present=true gate=OBSERVED_PRESENT polls=1 in 12ms
2026-07-04 02:53:11 INFO  DataIntegrityRuntime:351 - DataIntegrity[benign-17][ss-b-card-create]: baseline captured, fresh key {longNum=mist-da6dcd5777b2}
2026-07-04 02:53:12 INFO  DataIntegrityRuntime:634 - DataIntegrity[benign-17][ss-b-card-create]: acked=true X-present=true gate=OBSERVED_PRESENT polls=1 in 12ms
2026-07-04 02:53:13 INFO  DataIntegrityRuntime:351 - DataIntegrity[benign-17][ss-b-card-create]: baseline captured, fresh key {longNum=mist-a06d0fd2d5b9}
2026-07-04 02:53:13 INFO  DataIntegrityRuntime:634 - DataIntegrity[benign-17][ss-b-card-create]: acked=true X-present=true gate=OBSERVED_PRESENT polls=1 in 12ms
2026-07-04 02:53:16 INFO  DataIntegrityRuntime:351 - DataIntegrity[benign-17][ss-b-card-create]: baseline captured, fresh key {longNum=mist-11690d85998c}
2026-07-04 02:53:16 INFO  DataIntegrityRuntime:634 - DataIntegrity[benign-17][ss-b-card-create]: acked=true X-present=true gate=OBSERVED_PRESENT polls=1 in 12ms
2026-07-04 02:53:18 INFO  DataIntegrityRuntime:351 - DataIntegrity[benign-17][ss-b-card-create]: baseline captured, fresh key {longNum=mist-a20d2b9b536a}
2026-07-04 02:53:18 INFO  DataIntegrityRuntime:634 - DataIntegrity[benign-17][ss-b-card-create]: acked=true X-present=true gate=OBSERVED_PRESENT polls=1 in 12ms
2026-07-04 02:53:19 INFO  DataIntegrityRuntime:351 - DataIntegrity[benign-17][ss-b-card-create]: baseline captured, fresh key {longNum=mist-2a025fc6f173}
2026-07-04 02:53:19 INFO  DataIntegrityRuntime:634 - DataIntegrity[benign-17][ss-b-card-create]: acked=true X-present=true gate=OBSERVED_PRESENT polls=1 in 18ms
2026-07-04 02:53:21 INFO  DataIntegrityRuntime:351 - DataIntegrity[benign-17][ss-b-card-create]: baseline captured, fresh key {longNum=mist-6736714fa251}
2026-07-04 02:53:21 INFO  DataIntegrityRuntime:634 - DataIntegrity[benign-17][ss-b-card-create]: acked=true X-present=true gate=OBSERVED_PRESENT polls=1 in 15ms
2026-07-04 02:53:23 INFO  DataIntegrityRuntime:351 - DataIntegrity[benign-17][ss-b-card-create]: baseline captured, fresh key {longNum=mist-326184e3b081}
2026-07-04 02:53:23 INFO  DataIntegrityRuntime:634 - DataIntegrity[benign-17][ss-b-card-create]: acked=true X-present=true gate=OBSERVED_PRESENT polls=1 in 14ms
2026-07-04 02:53:25 INFO  DataIntegrityRuntime:351 - DataIntegrity[benign-17][ss-b-card-create]: baseline captured, fresh key {longNum=mist-ff1ce42a6065}
2026-07-04 02:53:25 INFO  DataIntegrityRuntime:634 - DataIntegrity[benign-17][ss-b-card-create]: acked=true X-present=true gate=OBSERVED_PRESENT polls=1 in 15ms
2026-07-04 02:53:27 INFO  DataIntegrityRuntime:351 - DataIntegrity[benign-17][ss-b-card-create]: baseline captured, fresh key {longNum=mist-b225e2ea2d32}
2026-07-04 02:53:27 INFO  DataIntegrityRuntime:634 - DataIntegrity[benign-17][ss-b-card-create]: acked=true X-present=true gate=OBSERVED_PRESENT polls=1 in 12ms
2026-07-04 02:53:29 INFO  DataIntegrityRuntime:351 - DataIntegrity[benign-17][ss-b-card-create]: baseline captured, fresh key {longNum=mist-83fa7a58745e}
2026-07-04 02:53:29 INFO  DataIntegrityRuntime:634 - DataIntegrity[benign-17][ss-b-card-create]: acked=true X-present=true gate=OBSERVED_PRESENT polls=1 in 13ms
2026-07-04 02:53:31 INFO  DataIntegrityRuntime:351 - DataIntegrity[benign-17][ss-b-card-create]: baseline captured, fresh key {longNum=mist-5269ce22a754}
2026-07-04 02:53:31 INFO  DataIntegrityRuntime:634 - DataIntegrity[benign-17][ss-b-card-create]: acked=true X-present=true gate=OBSERVED_PRESENT polls=1 in 14ms
2026-07-04 02:53:34 INFO  DataIntegrityRuntime:351 - DataIntegrity[benign-18][ss-b-address-create]: baseline captured, fresh key {street=mist-39876ed78fea, number=mist-c5236d5a1dc9}
2026-07-04 02:53:34 INFO  DataIntegrityRuntime:634 - DataIntegrity[benign-18][ss-b-address-create]: acked=true X-present=true gate=OBSERVED_PRESENT polls=1 in 16ms
2026-07-04 02:53:39 INFO  DataIntegrityRuntime:351 - DataIntegrity[benign-18][ss-b-address-create]: baseline captured, fresh key {street=mist-283614194a7b, number=mist-9e543cff4092}
2026-07-04 02:53:39 INFO  DataIntegrityRuntime:634 - DataIntegrity[benign-18][ss-b-address-create]: acked=true X-present=true gate=OBSERVED_PRESENT polls=1 in 16ms
2026-07-04 02:53:44 INFO  DataIntegrityRuntime:351 - DataIntegrity[benign-18][ss-b-address-create]: baseline captured, fresh key {street=mist-00a9419db291, number=mist-269df1c78887}
2026-07-04 02:53:44 INFO  DataIntegrityRuntime:634 - DataIntegrity[benign-18][ss-b-address-create]: acked=true X-present=true gate=OBSERVED_PRESENT polls=1 in 14ms
2026-07-04 02:53:51 INFO  DataIntegrityRuntime:351 - DataIntegrity[benign-18][ss-b-address-create]: baseline captured, fresh key {street=mist-5c31ae539d8b, number=mist-7d190352ae84}
2026-07-04 02:53:51 INFO  DataIntegrityRuntime:634 - DataIntegrity[benign-18][ss-b-address-create]: acked=true X-present=true gate=OBSERVED_PRESENT polls=1 in 14ms
2026-07-04 02:53:55 INFO  DataIntegrityRuntime:351 - DataIntegrity[benign-18][ss-b-address-create]: baseline captured, fresh key {street=mist-fad3cf5d0f7a, number=mist-4190ff9264c6}
2026-07-04 02:53:55 INFO  DataIntegrityRuntime:634 - DataIntegrity[benign-18][ss-b-address-create]: acked=true X-present=true gate=OBSERVED_PRESENT polls=1 in 15ms
2026-07-04 02:53:57 INFO  DataIntegrityRuntime:351 - DataIntegrity[benign-18][ss-b-address-create]: baseline captured, fresh key {street=mist-8c55fbf10835, number=mist-2a093f8b5ed4}
2026-07-04 02:53:57 INFO  DataIntegrityRuntime:634 - DataIntegrity[benign-18][ss-b-address-create]: acked=true X-present=true gate=OBSERVED_PRESENT polls=1 in 15ms
2026-07-04 02:53:59 INFO  DataIntegrityRuntime:351 - DataIntegrity[benign-18][ss-b-address-create]: baseline captured, fresh key {street=mist-750bd4bf9155, number=mist-e21259d13814}
2026-07-04 02:53:59 INFO  DataIntegrityRuntime:634 - DataIntegrity[benign-18][ss-b-address-create]: acked=true X-present=true gate=OBSERVED_PRESENT polls=1 in 17ms
2026-07-04 02:54:01 INFO  DataIntegrityRuntime:351 - DataIntegrity[benign-18][ss-b-address-create]: baseline captured, fresh key {street=mist-2d65790b4d12, number=mist-643719a75780}
2026-07-04 02:54:01 INFO  DataIntegrityRuntime:634 - DataIntegrity[benign-18][ss-b-address-create]: acked=true X-present=true gate=OBSERVED_PRESENT polls=1 in 15ms
2026-07-04 02:54:03 INFO  DataIntegrityRuntime:351 - DataIntegrity[benign-18][ss-b-address-create]: baseline captured, fresh key {street=mist-fb8fd49e3e13, number=mist-38d05649ba4e}
2026-07-04 02:54:03 INFO  DataIntegrityRuntime:634 - DataIntegrity[benign-18][ss-b-address-create]: acked=true X-present=true gate=OBSERVED_PRESENT polls=1 in 15ms
2026-07-04 02:54:05 INFO  DataIntegrityRuntime:351 - DataIntegrity[benign-18][ss-b-address-create]: baseline captured, fresh key {street=mist-9911ac06f011, number=mist-aa829c379551}
2026-07-04 02:54:05 INFO  DataIntegrityRuntime:634 - DataIntegrity[benign-18][ss-b-address-create]: acked=true X-present=true gate=OBSERVED_PRESENT polls=1 in 14ms
2026-07-04 02:54:07 INFO  DataIntegrityRuntime:351 - DataIntegrity[benign-18][ss-b-address-create]: baseline captured, fresh key {street=mist-6a34975bcbd9, number=mist-ecc1dd995444}
2026-07-04 02:54:07 INFO  DataIntegrityRuntime:634 - DataIntegrity[benign-18][ss-b-address-create]: acked=true X-present=true gate=OBSERVED_PRESENT polls=1 in 15ms
2026-07-04 02:54:09 INFO  DataIntegrityRuntime:351 - DataIntegrity[benign-18][ss-b-address-create]: baseline captured, fresh key {street=mist-1d5c184868ec, number=mist-8058d85b2dd1}
2026-07-04 02:54:09 INFO  DataIntegrityRuntime:634 - DataIntegrity[benign-18][ss-b-address-create]: acked=true X-present=true gate=OBSERVED_PRESENT polls=1 in 21ms
2026-07-04 02:54:10 INFO  DataIntegrityRuntime:351 - DataIntegrity[benign-18][ss-b-address-create]: baseline captured, fresh key {street=mist-1d5188bd9a1e, number=mist-36c754f7c118}
2026-07-04 02:54:10 INFO  DataIntegrityRuntime:634 - DataIntegrity[benign-18][ss-b-address-create]: acked=true X-present=true gate=OBSERVED_PRESENT polls=1 in 14ms
2026-07-04 02:54:13 INFO  DataIntegrityRuntime:351 - DataIntegrity[benign-18][ss-b-address-create]: baseline captured, fresh key {street=mist-bb621f9ead9c, number=mist-bc1942ed2661}
2026-07-04 02:54:13 INFO  DataIntegrityRuntime:634 - DataIntegrity[benign-18][ss-b-address-create]: acked=true X-present=true gate=OBSERVED_PRESENT polls=1 in 16ms
2026-07-04 02:54:15 INFO  DataIntegrityRuntime:351 - DataIntegrity[benign-18][ss-b-address-create]: baseline captured, fresh key {street=mist-cf46cc49a245, number=mist-426066422fd7}
2026-07-04 02:54:15 INFO  DataIntegrityRuntime:634 - DataIntegrity[benign-18][ss-b-address-create]: acked=true X-present=true gate=OBSERVED_PRESENT polls=1 in 15ms
2026-07-04 02:54:18 INFO  DataIntegrityRuntime:351 - DataIntegrity[benign-18][ss-b-address-create]: baseline captured, fresh key {street=mist-a5364c999c82, number=mist-38803d57ea0f}
2026-07-04 02:54:18 INFO  DataIntegrityRuntime:634 - DataIntegrity[benign-18][ss-b-address-create]: acked=true X-present=true gate=OBSERVED_PRESENT polls=1 in 18ms
2026-07-04 02:54:20 INFO  DataIntegrityRuntime:351 - DataIntegrity[benign-18][ss-b-address-create]: baseline captured, fresh key {street=mist-ca0ce6516146, number=mist-db16613566bc}
2026-07-04 02:54:20 INFO  DataIntegrityRuntime:634 - DataIntegrity[benign-18][ss-b-address-create]: acked=true X-present=true gate=OBSERVED_PRESENT polls=1 in 15ms
2026-07-04 02:54:22 INFO  DataIntegrityRuntime:351 - DataIntegrity[benign-18][ss-b-address-create]: baseline captured, fresh key {street=mist-b432d38863e8, number=mist-5fda286cd1b3}
2026-07-04 02:54:22 INFO  DataIntegrityRuntime:634 - DataIntegrity[benign-18][ss-b-address-create]: acked=true X-present=true gate=OBSERVED_PRESENT polls=1 in 14ms
2026-07-04 02:54:25 INFO  DataIntegrityRuntime:351 - DataIntegrity[benign-18][ss-b-address-create]: baseline captured, fresh key {street=mist-cfba7c1e492d, number=mist-2220649485e7}
2026-07-04 02:54:25 INFO  DataIntegrityRuntime:634 - DataIntegrity[benign-18][ss-b-address-create]: acked=true X-present=true gate=OBSERVED_PRESENT polls=1 in 15ms
2026-07-04 02:54:26 INFO  DataIntegrityRuntime:351 - DataIntegrity[benign-18][ss-b-address-create]: baseline captured, fresh key {street=mist-f0b954a69f46, number=mist-a00813a24eb6}
2026-07-04 02:54:26 INFO  DataIntegrityRuntime:634 - DataIntegrity[benign-18][ss-b-address-create]: acked=true X-present=true gate=OBSERVED_PRESENT polls=1 in 15ms
2026-07-04 02:54:28 INFO  DataIntegrityRuntime:351 - DataIntegrity[benign-18][ss-b-card-create]: baseline captured, fresh key {longNum=mist-8383fa8928bb}
2026-07-04 02:54:28 INFO  DataIntegrityRuntime:634 - DataIntegrity[benign-18][ss-b-card-create]: acked=true X-present=true gate=OBSERVED_PRESENT polls=1 in 12ms
2026-07-04 02:54:30 INFO  DataIntegrityRuntime:351 - DataIntegrity[benign-18][ss-b-card-create]: baseline captured, fresh key {longNum=mist-77fc964f2e86}
2026-07-04 02:54:30 INFO  DataIntegrityRuntime:634 - DataIntegrity[benign-18][ss-b-card-create]: acked=true X-present=true gate=OBSERVED_PRESENT polls=1 in 14ms
2026-07-04 02:54:32 INFO  DataIntegrityRuntime:351 - DataIntegrity[benign-18][ss-b-card-create]: baseline captured, fresh key {longNum=mist-4a90ff1303fc}
2026-07-04 02:54:32 INFO  DataIntegrityRuntime:634 - DataIntegrity[benign-18][ss-b-card-create]: acked=true X-present=true gate=OBSERVED_PRESENT polls=1 in 16ms
2026-07-04 02:54:33 INFO  DataIntegrityRuntime:351 - DataIntegrity[benign-18][ss-b-card-create]: baseline captured, fresh key {longNum=mist-e2107b16c77c}
2026-07-04 02:54:33 INFO  DataIntegrityRuntime:634 - DataIntegrity[benign-18][ss-b-card-create]: acked=true X-present=true gate=OBSERVED_PRESENT polls=1 in 13ms
2026-07-04 02:54:35 INFO  DataIntegrityRuntime:351 - DataIntegrity[benign-18][ss-b-card-create]: baseline captured, fresh key {longNum=mist-1c554c38e701}
2026-07-04 02:54:35 INFO  DataIntegrityRuntime:634 - DataIntegrity[benign-18][ss-b-card-create]: acked=true X-present=true gate=OBSERVED_PRESENT polls=1 in 15ms
2026-07-04 02:54:36 INFO  DataIntegrityRuntime:351 - DataIntegrity[benign-18][ss-b-card-create]: baseline captured, fresh key {longNum=mist-3e3e255db642}
2026-07-04 02:54:37 INFO  DataIntegrityRuntime:634 - DataIntegrity[benign-18][ss-b-card-create]: acked=true X-present=true gate=OBSERVED_PRESENT polls=1 in 13ms
2026-07-04 02:54:39 INFO  DataIntegrityRuntime:351 - DataIntegrity[benign-18][ss-b-card-create]: baseline captured, fresh key {longNum=mist-0343467d8869}
2026-07-04 02:54:39 INFO  DataIntegrityRuntime:634 - DataIntegrity[benign-18][ss-b-card-create]: acked=true X-present=true gate=OBSERVED_PRESENT polls=1 in 12ms
2026-07-04 02:54:41 INFO  DataIntegrityRuntime:351 - DataIntegrity[benign-18][ss-b-card-create]: baseline captured, fresh key {longNum=mist-893a30d9abd8}
2026-07-04 02:54:41 INFO  DataIntegrityRuntime:634 - DataIntegrity[benign-18][ss-b-card-create]: acked=true X-present=true gate=OBSERVED_PRESENT polls=1 in 15ms
2026-07-04 02:54:44 INFO  DataIntegrityRuntime:351 - DataIntegrity[benign-18][ss-b-card-create]: baseline captured, fresh key {longNum=mist-8e1eb0748066}
2026-07-04 02:54:44 INFO  DataIntegrityRuntime:634 - DataIntegrity[benign-18][ss-b-card-create]: acked=true X-present=true gate=OBSERVED_PRESENT polls=1 in 18ms
2026-07-04 02:54:45 INFO  DataIntegrityRuntime:351 - DataIntegrity[benign-18][ss-b-card-create]: baseline captured, fresh key {longNum=mist-15863d26fe27}
2026-07-04 02:54:46 INFO  DataIntegrityRuntime:634 - DataIntegrity[benign-18][ss-b-card-create]: acked=true X-present=true gate=OBSERVED_PRESENT polls=1 in 12ms
2026-07-04 02:54:47 INFO  DataIntegrityRuntime:351 - DataIntegrity[benign-18][ss-b-card-create]: baseline captured, fresh key {longNum=mist-3af64337c25f}
2026-07-04 02:54:47 INFO  DataIntegrityRuntime:634 - DataIntegrity[benign-18][ss-b-card-create]: acked=true X-present=true gate=OBSERVED_PRESENT polls=1 in 13ms
2026-07-04 02:54:50 INFO  DataIntegrityRuntime:351 - DataIntegrity[benign-18][ss-b-card-create]: baseline captured, fresh key {longNum=mist-6cf45e75461a}
2026-07-04 02:54:50 INFO  DataIntegrityRuntime:634 - DataIntegrity[benign-18][ss-b-card-create]: acked=true X-present=true gate=OBSERVED_PRESENT polls=1 in 15ms
2026-07-04 02:54:52 INFO  DataIntegrityRuntime:351 - DataIntegrity[benign-18][ss-b-card-create]: baseline captured, fresh key {longNum=mist-0044c779c255}
2026-07-04 02:54:52 INFO  DataIntegrityRuntime:634 - DataIntegrity[benign-18][ss-b-card-create]: acked=true X-present=true gate=OBSERVED_PRESENT polls=1 in 12ms
2026-07-04 02:54:54 INFO  DataIntegrityRuntime:351 - DataIntegrity[benign-18][ss-b-card-create]: baseline captured, fresh key {longNum=mist-a0539455daa1}
2026-07-04 02:54:54 INFO  DataIntegrityRuntime:634 - DataIntegrity[benign-18][ss-b-card-create]: acked=true X-present=true gate=OBSERVED_PRESENT polls=1 in 14ms
2026-07-04 02:54:56 INFO  DataIntegrityRuntime:351 - DataIntegrity[benign-18][ss-b-card-create]: baseline captured, fresh key {longNum=mist-dbd30620b617}
2026-07-04 02:54:56 INFO  DataIntegrityRuntime:634 - DataIntegrity[benign-18][ss-b-card-create]: acked=true X-present=true gate=OBSERVED_PRESENT polls=1 in 14ms
2026-07-04 02:54:58 INFO  DataIntegrityRuntime:351 - DataIntegrity[benign-18][ss-b-card-create]: baseline captured, fresh key {longNum=mist-979daef81edd}
2026-07-04 02:54:58 INFO  DataIntegrityRuntime:634 - DataIntegrity[benign-18][ss-b-card-create]: acked=true X-present=true gate=OBSERVED_PRESENT polls=1 in 12ms
2026-07-04 02:55:00 INFO  DataIntegrityRuntime:351 - DataIntegrity[benign-18][ss-b-card-create]: baseline captured, fresh key {longNum=mist-b34e2a4ca7d9}
2026-07-04 02:55:00 INFO  DataIntegrityRuntime:634 - DataIntegrity[benign-18][ss-b-card-create]: acked=true X-present=true gate=OBSERVED_PRESENT polls=1 in 13ms
2026-07-04 02:55:02 INFO  DataIntegrityRuntime:351 - DataIntegrity[benign-18][ss-b-card-create]: baseline captured, fresh key {longNum=mist-06bfac038412}
2026-07-04 02:55:02 INFO  DataIntegrityRuntime:634 - DataIntegrity[benign-18][ss-b-card-create]: acked=true X-present=true gate=OBSERVED_PRESENT polls=1 in 14ms
2026-07-04 02:55:05 INFO  DataIntegrityRuntime:351 - DataIntegrity[benign-18][ss-b-card-create]: baseline captured, fresh key {longNum=mist-9f1c2a4f80aa}
2026-07-04 02:55:05 INFO  DataIntegrityRuntime:634 - DataIntegrity[benign-18][ss-b-card-create]: acked=true X-present=true gate=OBSERVED_PRESENT polls=1 in 16ms
2026-07-04 02:55:06 INFO  DataIntegrityRuntime:351 - DataIntegrity[benign-18][ss-b-card-create]: baseline captured, fresh key {longNum=mist-86e249fd9962}
2026-07-04 02:55:06 INFO  DataIntegrityRuntime:634 - DataIntegrity[benign-18][ss-b-card-create]: acked=true X-present=true gate=OBSERVED_PRESENT polls=1 in 13ms
2026-07-04 02:55:08 INFO  DataIntegrityRuntime:351 - DataIntegrity[benign-19][ss-b-address-create]: baseline captured, fresh key {street=mist-52c6576f1591, number=mist-c816bd405f15}
2026-07-04 02:55:08 INFO  DataIntegrityRuntime:634 - DataIntegrity[benign-19][ss-b-address-create]: acked=true X-present=true gate=OBSERVED_PRESENT polls=1 in 18ms
2026-07-04 02:55:13 INFO  DataIntegrityRuntime:351 - DataIntegrity[benign-19][ss-b-address-create]: baseline captured, fresh key {street=mist-68f4c7df2cc3, number=mist-4c17fc560e00}
2026-07-04 02:55:13 INFO  DataIntegrityRuntime:634 - DataIntegrity[benign-19][ss-b-address-create]: acked=true X-present=true gate=OBSERVED_PRESENT polls=1 in 16ms
2026-07-04 02:55:18 INFO  DataIntegrityRuntime:351 - DataIntegrity[benign-19][ss-b-address-create]: baseline captured, fresh key {street=mist-4636ea3cad0a, number=mist-6943b9474692}
2026-07-04 02:55:18 INFO  DataIntegrityRuntime:634 - DataIntegrity[benign-19][ss-b-address-create]: acked=true X-present=true gate=OBSERVED_PRESENT polls=1 in 19ms
2026-07-04 02:55:23 INFO  DataIntegrityRuntime:351 - DataIntegrity[benign-19][ss-b-address-create]: baseline captured, fresh key {street=mist-aa54428c72e4, number=mist-7f7f3a626537}
2026-07-04 02:55:23 INFO  DataIntegrityRuntime:634 - DataIntegrity[benign-19][ss-b-address-create]: acked=true X-present=true gate=OBSERVED_PRESENT polls=1 in 18ms
2026-07-04 02:55:30 INFO  DataIntegrityRuntime:351 - DataIntegrity[benign-19][ss-b-address-create]: baseline captured, fresh key {street=mist-140d4813bfbd, number=mist-389dc0e8eb73}
2026-07-04 02:55:30 INFO  DataIntegrityRuntime:634 - DataIntegrity[benign-19][ss-b-address-create]: acked=true X-present=true gate=OBSERVED_PRESENT polls=1 in 14ms
2026-07-04 02:55:35 INFO  DataIntegrityRuntime:351 - DataIntegrity[benign-19][ss-b-address-create]: baseline captured, fresh key {street=mist-8f0f3403654b, number=mist-4e8a4363cca5}
2026-07-04 02:55:35 INFO  DataIntegrityRuntime:634 - DataIntegrity[benign-19][ss-b-address-create]: acked=true X-present=true gate=OBSERVED_PRESENT polls=1 in 16ms
2026-07-04 02:55:40 INFO  DataIntegrityRuntime:351 - DataIntegrity[benign-19][ss-b-address-create]: baseline captured, fresh key {street=mist-a0405763a5be, number=mist-c23ede2d015a}
2026-07-04 02:55:40 INFO  DataIntegrityRuntime:634 - DataIntegrity[benign-19][ss-b-address-create]: acked=true X-present=true gate=OBSERVED_PRESENT polls=1 in 15ms
2026-07-04 02:55:45 INFO  DataIntegrityRuntime:351 - DataIntegrity[benign-19][ss-b-address-create]: baseline captured, fresh key {street=mist-b53f402818b9, number=mist-1ce7c4044091}
2026-07-04 02:55:45 INFO  DataIntegrityRuntime:634 - DataIntegrity[benign-19][ss-b-address-create]: acked=true X-present=true gate=OBSERVED_PRESENT polls=1 in 14ms
2026-07-04 02:55:47 INFO  DataIntegrityRuntime:351 - DataIntegrity[benign-19][ss-b-address-create]: baseline captured, fresh key {street=mist-18e872a08a51, number=mist-10658832bb68}
2026-07-04 02:55:47 INFO  DataIntegrityRuntime:634 - DataIntegrity[benign-19][ss-b-address-create]: acked=true X-present=true gate=OBSERVED_PRESENT polls=1 in 15ms
2026-07-04 02:55:48 INFO  DataIntegrityRuntime:351 - DataIntegrity[benign-19][ss-b-address-create]: baseline captured, fresh key {street=mist-fee50da19261, number=mist-4668b8fc404c}
2026-07-04 02:55:48 INFO  DataIntegrityRuntime:634 - DataIntegrity[benign-19][ss-b-address-create]: acked=true X-present=true gate=OBSERVED_PRESENT polls=1 in 15ms
2026-07-04 02:55:50 INFO  DataIntegrityRuntime:351 - DataIntegrity[benign-19][ss-b-address-create]: baseline captured, fresh key {street=mist-595434854775, number=mist-8df5da45d93d}
2026-07-04 02:55:50 INFO  DataIntegrityRuntime:634 - DataIntegrity[benign-19][ss-b-address-create]: acked=true X-present=true gate=OBSERVED_PRESENT polls=1 in 13ms
2026-07-04 02:55:52 INFO  DataIntegrityRuntime:351 - DataIntegrity[benign-19][ss-b-address-create]: baseline captured, fresh key {street=mist-6edcf77e5e67, number=mist-4fa6cf4d52a4}
2026-07-04 02:55:52 INFO  DataIntegrityRuntime:634 - DataIntegrity[benign-19][ss-b-address-create]: acked=true X-present=true gate=OBSERVED_PRESENT polls=1 in 16ms
2026-07-04 02:55:54 INFO  DataIntegrityRuntime:351 - DataIntegrity[benign-19][ss-b-address-create]: baseline captured, fresh key {street=mist-f94270b14e9b, number=mist-ea26cf7fd1a8}
2026-07-04 02:55:54 INFO  DataIntegrityRuntime:634 - DataIntegrity[benign-19][ss-b-address-create]: acked=true X-present=true gate=OBSERVED_PRESENT polls=1 in 16ms
2026-07-04 02:55:56 INFO  DataIntegrityRuntime:351 - DataIntegrity[benign-19][ss-b-address-create]: baseline captured, fresh key {street=mist-a9c5c8dd123b, number=mist-563dae7b7a95}
2026-07-04 02:55:56 INFO  DataIntegrityRuntime:634 - DataIntegrity[benign-19][ss-b-address-create]: acked=true X-present=true gate=OBSERVED_PRESENT polls=1 in 15ms
2026-07-04 02:55:57 INFO  DataIntegrityRuntime:351 - DataIntegrity[benign-19][ss-b-address-create]: baseline captured, fresh key {street=mist-8371baae4941, number=mist-b4ea657b78fa}
2026-07-04 02:55:57 INFO  DataIntegrityRuntime:634 - DataIntegrity[benign-19][ss-b-address-create]: acked=true X-present=true gate=OBSERVED_PRESENT polls=1 in 13ms
2026-07-04 02:55:59 INFO  DataIntegrityRuntime:351 - DataIntegrity[benign-19][ss-b-address-create]: baseline captured, fresh key {street=mist-29f663be5c59, number=mist-97387f889deb}
2026-07-04 02:55:59 INFO  DataIntegrityRuntime:634 - DataIntegrity[benign-19][ss-b-address-create]: acked=true X-present=true gate=OBSERVED_PRESENT polls=1 in 16ms
2026-07-04 02:56:01 INFO  DataIntegrityRuntime:351 - DataIntegrity[benign-19][ss-b-address-create]: baseline captured, fresh key {street=mist-34a21a3e3edc, number=mist-b618679c8789}
2026-07-04 02:56:01 INFO  DataIntegrityRuntime:634 - DataIntegrity[benign-19][ss-b-address-create]: acked=true X-present=true gate=OBSERVED_PRESENT polls=1 in 16ms
2026-07-04 02:56:04 INFO  DataIntegrityRuntime:351 - DataIntegrity[benign-19][ss-b-address-create]: baseline captured, fresh key {street=mist-874161740efb, number=mist-fd1cbc5c93d6}
2026-07-04 02:56:04 INFO  DataIntegrityRuntime:634 - DataIntegrity[benign-19][ss-b-address-create]: acked=true X-present=true gate=OBSERVED_PRESENT polls=1 in 14ms
2026-07-04 02:56:06 INFO  DataIntegrityRuntime:351 - DataIntegrity[benign-19][ss-b-address-create]: baseline captured, fresh key {street=mist-e65f72fab1f9, number=mist-638345c41f5e}
2026-07-04 02:56:06 INFO  DataIntegrityRuntime:634 - DataIntegrity[benign-19][ss-b-address-create]: acked=true X-present=true gate=OBSERVED_PRESENT polls=1 in 14ms
2026-07-04 02:56:08 INFO  DataIntegrityRuntime:351 - DataIntegrity[benign-19][ss-b-address-create]: baseline captured, fresh key {street=mist-f7f3272b7160, number=mist-11a2cbd1152c}
2026-07-04 02:56:08 INFO  DataIntegrityRuntime:634 - DataIntegrity[benign-19][ss-b-address-create]: acked=true X-present=true gate=OBSERVED_PRESENT polls=1 in 16ms
2026-07-04 02:56:10 INFO  DataIntegrityRuntime:351 - DataIntegrity[benign-19][ss-b-card-create]: baseline captured, fresh key {longNum=mist-4bf15bbf223a}
2026-07-04 02:56:10 INFO  DataIntegrityRuntime:634 - DataIntegrity[benign-19][ss-b-card-create]: acked=true X-present=true gate=OBSERVED_PRESENT polls=1 in 13ms
2026-07-04 02:56:17 INFO  DataIntegrityRuntime:351 - DataIntegrity[benign-19][ss-b-card-create]: baseline captured, fresh key {longNum=mist-1e2a2765663b}
2026-07-04 02:56:17 INFO  DataIntegrityRuntime:634 - DataIntegrity[benign-19][ss-b-card-create]: acked=true X-present=true gate=OBSERVED_PRESENT polls=1 in 13ms
2026-07-04 02:56:22 INFO  DataIntegrityRuntime:351 - DataIntegrity[benign-19][ss-b-card-create]: baseline captured, fresh key {longNum=mist-449f4aee57c1}
2026-07-04 02:56:22 INFO  DataIntegrityRuntime:634 - DataIntegrity[benign-19][ss-b-card-create]: acked=true X-present=true gate=OBSERVED_PRESENT polls=1 in 14ms
2026-07-04 02:56:23 INFO  DataIntegrityRuntime:351 - DataIntegrity[benign-19][ss-b-card-create]: baseline captured, fresh key {longNum=mist-ec1414399792}
2026-07-04 02:56:23 INFO  DataIntegrityRuntime:634 - DataIntegrity[benign-19][ss-b-card-create]: acked=true X-present=true gate=OBSERVED_PRESENT polls=1 in 13ms
2026-07-04 02:56:26 INFO  DataIntegrityRuntime:351 - DataIntegrity[benign-19][ss-b-card-create]: baseline captured, fresh key {longNum=mist-bf9558827c4b}
2026-07-04 02:56:26 INFO  DataIntegrityRuntime:634 - DataIntegrity[benign-19][ss-b-card-create]: acked=true X-present=true gate=OBSERVED_PRESENT polls=1 in 13ms
2026-07-04 02:56:27 INFO  DataIntegrityRuntime:351 - DataIntegrity[benign-19][ss-b-card-create]: baseline captured, fresh key {longNum=mist-c6baf9d3f8df}
2026-07-04 02:56:27 INFO  DataIntegrityRuntime:634 - DataIntegrity[benign-19][ss-b-card-create]: acked=true X-present=true gate=OBSERVED_PRESENT polls=1 in 15ms
2026-07-04 02:56:29 INFO  DataIntegrityRuntime:351 - DataIntegrity[benign-19][ss-b-card-create]: baseline captured, fresh key {longNum=mist-3205e0e74609}
2026-07-04 02:56:29 INFO  DataIntegrityRuntime:634 - DataIntegrity[benign-19][ss-b-card-create]: acked=true X-present=true gate=OBSERVED_PRESENT polls=1 in 15ms
2026-07-04 02:56:31 INFO  DataIntegrityRuntime:351 - DataIntegrity[benign-19][ss-b-card-create]: baseline captured, fresh key {longNum=mist-fc34e9a9cf4d}
2026-07-04 02:56:31 INFO  DataIntegrityRuntime:634 - DataIntegrity[benign-19][ss-b-card-create]: acked=true X-present=true gate=OBSERVED_PRESENT polls=1 in 12ms
2026-07-04 02:56:34 INFO  DataIntegrityRuntime:351 - DataIntegrity[benign-19][ss-b-card-create]: baseline captured, fresh key {longNum=mist-29082ed223ad}
2026-07-04 02:56:34 INFO  DataIntegrityRuntime:634 - DataIntegrity[benign-19][ss-b-card-create]: acked=true X-present=true gate=OBSERVED_PRESENT polls=1 in 14ms
2026-07-04 02:56:36 INFO  DataIntegrityRuntime:351 - DataIntegrity[benign-19][ss-b-card-create]: baseline captured, fresh key {longNum=mist-ac0718f6005f}
2026-07-04 02:56:36 INFO  DataIntegrityRuntime:634 - DataIntegrity[benign-19][ss-b-card-create]: acked=true X-present=true gate=OBSERVED_PRESENT polls=1 in 13ms
2026-07-04 02:56:37 INFO  DataIntegrityRuntime:351 - DataIntegrity[benign-19][ss-b-card-create]: baseline captured, fresh key {longNum=mist-7c6d82a9265b}
2026-07-04 02:56:37 INFO  DataIntegrityRuntime:634 - DataIntegrity[benign-19][ss-b-card-create]: acked=true X-present=true gate=OBSERVED_PRESENT polls=1 in 12ms
2026-07-04 02:56:40 INFO  DataIntegrityRuntime:351 - DataIntegrity[benign-19][ss-b-card-create]: baseline captured, fresh key {longNum=mist-e0dd8fe7224f}
2026-07-04 02:56:40 INFO  DataIntegrityRuntime:634 - DataIntegrity[benign-19][ss-b-card-create]: acked=true X-present=true gate=OBSERVED_PRESENT polls=1 in 13ms
2026-07-04 02:56:41 INFO  DataIntegrityRuntime:351 - DataIntegrity[benign-19][ss-b-card-create]: baseline captured, fresh key {longNum=mist-a80cec76eea7}
2026-07-04 02:56:41 INFO  DataIntegrityRuntime:634 - DataIntegrity[benign-19][ss-b-card-create]: acked=true X-present=true gate=OBSERVED_PRESENT polls=1 in 19ms
2026-07-04 02:56:42 INFO  DataIntegrityRuntime:351 - DataIntegrity[benign-19][ss-b-card-create]: baseline captured, fresh key {longNum=mist-209e362970b4}
2026-07-04 02:56:42 INFO  DataIntegrityRuntime:634 - DataIntegrity[benign-19][ss-b-card-create]: acked=true X-present=true gate=OBSERVED_PRESENT polls=1 in 14ms
2026-07-04 02:56:45 INFO  DataIntegrityRuntime:351 - DataIntegrity[benign-19][ss-b-card-create]: baseline captured, fresh key {longNum=mist-425208f5f0d9}
2026-07-04 02:56:45 INFO  DataIntegrityRuntime:634 - DataIntegrity[benign-19][ss-b-card-create]: acked=true X-present=true gate=OBSERVED_PRESENT polls=1 in 12ms
2026-07-04 02:56:47 INFO  DataIntegrityRuntime:351 - DataIntegrity[benign-19][ss-b-card-create]: baseline captured, fresh key {longNum=mist-bb4722aa6c23}
2026-07-04 02:56:47 INFO  DataIntegrityRuntime:634 - DataIntegrity[benign-19][ss-b-card-create]: acked=true X-present=true gate=OBSERVED_PRESENT polls=1 in 13ms
2026-07-04 02:56:50 INFO  DataIntegrityRuntime:351 - DataIntegrity[benign-19][ss-b-card-create]: baseline captured, fresh key {longNum=mist-ce78f52466b6}
2026-07-04 02:56:50 INFO  DataIntegrityRuntime:634 - DataIntegrity[benign-19][ss-b-card-create]: acked=true X-present=true gate=OBSERVED_PRESENT polls=1 in 15ms
2026-07-04 02:56:52 INFO  DataIntegrityRuntime:351 - DataIntegrity[benign-19][ss-b-card-create]: baseline captured, fresh key {longNum=mist-c7487cbc1349}
2026-07-04 02:56:52 INFO  DataIntegrityRuntime:634 - DataIntegrity[benign-19][ss-b-card-create]: acked=true X-present=true gate=OBSERVED_PRESENT polls=1 in 13ms
2026-07-04 02:56:53 INFO  DataIntegrityRuntime:351 - DataIntegrity[benign-19][ss-b-card-create]: baseline captured, fresh key {longNum=mist-4011e00d3067}
2026-07-04 02:56:53 INFO  DataIntegrityRuntime:634 - DataIntegrity[benign-19][ss-b-card-create]: acked=true X-present=true gate=OBSERVED_PRESENT polls=1 in 14ms
2026-07-04 02:56:55 INFO  DataIntegrityRuntime:351 - DataIntegrity[benign-19][ss-b-card-create]: baseline captured, fresh key {longNum=mist-79f624b5aaa3}
2026-07-04 02:56:55 INFO  DataIntegrityRuntime:634 - DataIntegrity[benign-19][ss-b-card-create]: acked=true X-present=true gate=OBSERVED_PRESENT polls=1 in 15ms
2026-07-04 02:56:57 INFO  DataIntegrityRuntime:351 - DataIntegrity[benign-20][ss-b-address-create]: baseline captured, fresh key {street=mist-2050c5adbce7, number=mist-f1984b436c7f}
2026-07-04 02:56:57 INFO  DataIntegrityRuntime:634 - DataIntegrity[benign-20][ss-b-address-create]: acked=true X-present=true gate=OBSERVED_PRESENT polls=1 in 16ms
2026-07-04 02:56:59 INFO  DataIntegrityRuntime:351 - DataIntegrity[benign-20][ss-b-address-create]: baseline captured, fresh key {street=mist-6e8dc4e66085, number=mist-f7caa406e731}
2026-07-04 02:56:59 INFO  DataIntegrityRuntime:634 - DataIntegrity[benign-20][ss-b-address-create]: acked=true X-present=true gate=OBSERVED_PRESENT polls=1 in 15ms
2026-07-04 02:57:01 INFO  DataIntegrityRuntime:351 - DataIntegrity[benign-20][ss-b-address-create]: baseline captured, fresh key {street=mist-161cda664b0d, number=mist-2869a91a8361}
2026-07-04 02:57:01 INFO  DataIntegrityRuntime:634 - DataIntegrity[benign-20][ss-b-address-create]: acked=true X-present=true gate=OBSERVED_PRESENT polls=1 in 15ms
2026-07-04 02:57:03 INFO  DataIntegrityRuntime:351 - DataIntegrity[benign-20][ss-b-address-create]: baseline captured, fresh key {street=mist-2b269fba486b, number=mist-2ff6ab847cb0}
2026-07-04 02:57:03 INFO  DataIntegrityRuntime:634 - DataIntegrity[benign-20][ss-b-address-create]: acked=true X-present=true gate=OBSERVED_PRESENT polls=1 in 16ms
2026-07-04 02:57:06 INFO  DataIntegrityRuntime:351 - DataIntegrity[benign-20][ss-b-address-create]: baseline captured, fresh key {street=mist-fedc70fe525a, number=mist-8a4b588cadae}
2026-07-04 02:57:06 INFO  DataIntegrityRuntime:634 - DataIntegrity[benign-20][ss-b-address-create]: acked=true X-present=true gate=OBSERVED_PRESENT polls=1 in 14ms
2026-07-04 02:57:08 INFO  DataIntegrityRuntime:351 - DataIntegrity[benign-20][ss-b-address-create]: baseline captured, fresh key {street=mist-45a9babc0db0, number=mist-7fd4b760abea}
2026-07-04 02:57:08 INFO  DataIntegrityRuntime:634 - DataIntegrity[benign-20][ss-b-address-create]: acked=true X-present=true gate=OBSERVED_PRESENT polls=1 in 16ms
2026-07-04 02:57:09 INFO  DataIntegrityRuntime:351 - DataIntegrity[benign-20][ss-b-address-create]: baseline captured, fresh key {street=mist-8aa3641c1a87, number=mist-6ae319dba25e}
2026-07-04 02:57:09 INFO  DataIntegrityRuntime:634 - DataIntegrity[benign-20][ss-b-address-create]: acked=true X-present=true gate=OBSERVED_PRESENT polls=1 in 16ms
2026-07-04 02:57:12 INFO  DataIntegrityRuntime:351 - DataIntegrity[benign-20][ss-b-address-create]: baseline captured, fresh key {street=mist-334b8a7f6b95, number=mist-0e8d1ce2199b}
2026-07-04 02:57:12 INFO  DataIntegrityRuntime:634 - DataIntegrity[benign-20][ss-b-address-create]: acked=true X-present=true gate=OBSERVED_PRESENT polls=1 in 16ms
2026-07-04 02:57:14 INFO  DataIntegrityRuntime:351 - DataIntegrity[benign-20][ss-b-address-create]: baseline captured, fresh key {street=mist-0685b9245213, number=mist-244935e4ac34}
2026-07-04 02:57:14 INFO  DataIntegrityRuntime:634 - DataIntegrity[benign-20][ss-b-address-create]: acked=true X-present=true gate=OBSERVED_PRESENT polls=1 in 24ms
2026-07-04 02:57:17 INFO  DataIntegrityRuntime:351 - DataIntegrity[benign-20][ss-b-address-create]: baseline captured, fresh key {street=mist-75340bf25ba8, number=mist-820c3219b008}
2026-07-04 02:57:17 INFO  DataIntegrityRuntime:634 - DataIntegrity[benign-20][ss-b-address-create]: acked=true X-present=true gate=OBSERVED_PRESENT polls=1 in 17ms
2026-07-04 02:57:19 INFO  DataIntegrityRuntime:351 - DataIntegrity[benign-20][ss-b-address-create]: baseline captured, fresh key {street=mist-c8f3f5cbef9a, number=mist-3ac392badbc8}
2026-07-04 02:57:19 INFO  DataIntegrityRuntime:634 - DataIntegrity[benign-20][ss-b-address-create]: acked=true X-present=true gate=OBSERVED_PRESENT polls=1 in 15ms
2026-07-04 02:57:21 INFO  DataIntegrityRuntime:351 - DataIntegrity[benign-20][ss-b-address-create]: baseline captured, fresh key {street=mist-e40bdc09b167, number=mist-a3862bf6986f}
2026-07-04 02:57:21 INFO  DataIntegrityRuntime:634 - DataIntegrity[benign-20][ss-b-address-create]: acked=true X-present=true gate=OBSERVED_PRESENT polls=1 in 17ms
2026-07-04 02:57:23 INFO  DataIntegrityRuntime:351 - DataIntegrity[benign-20][ss-b-address-create]: baseline captured, fresh key {street=mist-fe9a81887d82, number=mist-fa7ea3038f1f}
2026-07-04 02:57:23 INFO  DataIntegrityRuntime:634 - DataIntegrity[benign-20][ss-b-address-create]: acked=true X-present=true gate=OBSERVED_PRESENT polls=1 in 17ms
2026-07-04 02:57:24 INFO  DataIntegrityRuntime:351 - DataIntegrity[benign-20][ss-b-address-create]: baseline captured, fresh key {street=mist-fb7388c075dc, number=mist-08e7dd5e769f}
2026-07-04 02:57:24 INFO  DataIntegrityRuntime:634 - DataIntegrity[benign-20][ss-b-address-create]: acked=true X-present=true gate=OBSERVED_PRESENT polls=1 in 14ms
2026-07-04 02:57:27 INFO  DataIntegrityRuntime:351 - DataIntegrity[benign-20][ss-b-address-create]: baseline captured, fresh key {street=mist-29a664a9de4a, number=mist-37f6a5718154}
2026-07-04 02:57:27 INFO  DataIntegrityRuntime:634 - DataIntegrity[benign-20][ss-b-address-create]: acked=true X-present=true gate=OBSERVED_PRESENT polls=1 in 15ms
2026-07-04 02:57:29 INFO  DataIntegrityRuntime:351 - DataIntegrity[benign-20][ss-b-address-create]: baseline captured, fresh key {street=mist-dd8299093c3a, number=mist-d41596069c5d}
2026-07-04 02:57:29 INFO  DataIntegrityRuntime:634 - DataIntegrity[benign-20][ss-b-address-create]: acked=true X-present=true gate=OBSERVED_PRESENT polls=1 in 12ms
2026-07-04 02:57:30 INFO  DataIntegrityRuntime:351 - DataIntegrity[benign-20][ss-b-address-create]: baseline captured, fresh key {street=mist-691bfd9b4930, number=mist-40cce3834d14}
2026-07-04 02:57:30 INFO  DataIntegrityRuntime:634 - DataIntegrity[benign-20][ss-b-address-create]: acked=true X-present=true gate=OBSERVED_PRESENT polls=1 in 21ms
2026-07-04 02:57:32 INFO  DataIntegrityRuntime:351 - DataIntegrity[benign-20][ss-b-address-create]: baseline captured, fresh key {street=mist-37450cd8d0d6, number=mist-4b28f8476b71}
2026-07-04 02:57:32 INFO  DataIntegrityRuntime:634 - DataIntegrity[benign-20][ss-b-address-create]: acked=true X-present=true gate=OBSERVED_PRESENT polls=1 in 15ms
2026-07-04 02:57:34 INFO  DataIntegrityRuntime:351 - DataIntegrity[benign-20][ss-b-address-create]: baseline captured, fresh key {street=mist-ed9e942e6202, number=mist-7f553893b0c6}
2026-07-04 02:57:34 INFO  DataIntegrityRuntime:634 - DataIntegrity[benign-20][ss-b-address-create]: acked=true X-present=true gate=OBSERVED_PRESENT polls=1 in 16ms
2026-07-04 02:57:36 INFO  DataIntegrityRuntime:351 - DataIntegrity[benign-20][ss-b-address-create]: baseline captured, fresh key {street=mist-7957c9446701, number=mist-703b796a90df}
2026-07-04 02:57:36 INFO  DataIntegrityRuntime:634 - DataIntegrity[benign-20][ss-b-address-create]: acked=true X-present=true gate=OBSERVED_PRESENT polls=1 in 25ms
2026-07-04 02:57:38 INFO  DataIntegrityRuntime:351 - DataIntegrity[benign-20][ss-b-card-create]: baseline captured, fresh key {longNum=mist-0b30008e544e}
2026-07-04 02:57:38 INFO  DataIntegrityRuntime:634 - DataIntegrity[benign-20][ss-b-card-create]: acked=true X-present=true gate=OBSERVED_PRESENT polls=1 in 15ms
2026-07-04 02:57:39 INFO  DataIntegrityRuntime:351 - DataIntegrity[benign-20][ss-b-card-create]: baseline captured, fresh key {longNum=mist-22103231e0f9}
2026-07-04 02:57:39 INFO  DataIntegrityRuntime:634 - DataIntegrity[benign-20][ss-b-card-create]: acked=true X-present=true gate=OBSERVED_PRESENT polls=1 in 13ms
2026-07-04 02:57:41 INFO  DataIntegrityRuntime:351 - DataIntegrity[benign-20][ss-b-card-create]: baseline captured, fresh key {longNum=mist-01c9f80a22e4}
2026-07-04 02:57:41 INFO  DataIntegrityRuntime:634 - DataIntegrity[benign-20][ss-b-card-create]: acked=true X-present=true gate=OBSERVED_PRESENT polls=1 in 14ms
2026-07-04 02:57:43 INFO  DataIntegrityRuntime:351 - DataIntegrity[benign-20][ss-b-card-create]: baseline captured, fresh key {longNum=mist-991f42495d9d}
2026-07-04 02:57:43 INFO  DataIntegrityRuntime:634 - DataIntegrity[benign-20][ss-b-card-create]: acked=true X-present=true gate=OBSERVED_PRESENT polls=1 in 13ms
2026-07-04 02:57:45 INFO  DataIntegrityRuntime:351 - DataIntegrity[benign-20][ss-b-card-create]: baseline captured, fresh key {longNum=mist-09a9dd3f5798}
2026-07-04 02:57:45 INFO  DataIntegrityRuntime:634 - DataIntegrity[benign-20][ss-b-card-create]: acked=true X-present=true gate=OBSERVED_PRESENT polls=1 in 13ms
2026-07-04 02:57:48 INFO  DataIntegrityRuntime:351 - DataIntegrity[benign-20][ss-b-card-create]: baseline captured, fresh key {longNum=mist-5ba86d9c3ffa}
2026-07-04 02:57:48 INFO  DataIntegrityRuntime:634 - DataIntegrity[benign-20][ss-b-card-create]: acked=true X-present=true gate=OBSERVED_PRESENT polls=1 in 15ms
2026-07-04 02:57:50 INFO  DataIntegrityRuntime:351 - DataIntegrity[benign-20][ss-b-card-create]: baseline captured, fresh key {longNum=mist-e08e5045ee86}
2026-07-04 02:57:50 INFO  DataIntegrityRuntime:634 - DataIntegrity[benign-20][ss-b-card-create]: acked=true X-present=true gate=OBSERVED_PRESENT polls=1 in 14ms
2026-07-04 02:57:51 INFO  DataIntegrityRuntime:351 - DataIntegrity[benign-20][ss-b-card-create]: baseline captured, fresh key {longNum=mist-1b9e51d178f9}
2026-07-04 02:57:51 INFO  DataIntegrityRuntime:634 - DataIntegrity[benign-20][ss-b-card-create]: acked=true X-present=true gate=OBSERVED_PRESENT polls=1 in 14ms
2026-07-04 02:57:54 INFO  DataIntegrityRuntime:351 - DataIntegrity[benign-20][ss-b-card-create]: baseline captured, fresh key {longNum=mist-25798423c6b3}
2026-07-04 02:57:54 INFO  DataIntegrityRuntime:634 - DataIntegrity[benign-20][ss-b-card-create]: acked=true X-present=true gate=OBSERVED_PRESENT polls=1 in 12ms
2026-07-04 02:57:55 INFO  DataIntegrityRuntime:351 - DataIntegrity[benign-20][ss-b-card-create]: baseline captured, fresh key {longNum=mist-d7d957c363fa}
2026-07-04 02:57:55 INFO  DataIntegrityRuntime:634 - DataIntegrity[benign-20][ss-b-card-create]: acked=true X-present=true gate=OBSERVED_PRESENT polls=1 in 14ms
2026-07-04 02:57:58 INFO  DataIntegrityRuntime:351 - DataIntegrity[benign-20][ss-b-card-create]: baseline captured, fresh key {longNum=mist-e89ece072536}
2026-07-04 02:57:58 INFO  DataIntegrityRuntime:634 - DataIntegrity[benign-20][ss-b-card-create]: acked=true X-present=true gate=OBSERVED_PRESENT polls=1 in 15ms
2026-07-04 02:58:00 INFO  DataIntegrityRuntime:351 - DataIntegrity[benign-20][ss-b-card-create]: baseline captured, fresh key {longNum=mist-779dc6d9b548}
2026-07-04 02:58:00 INFO  DataIntegrityRuntime:634 - DataIntegrity[benign-20][ss-b-card-create]: acked=true X-present=true gate=OBSERVED_PRESENT polls=1 in 12ms
2026-07-04 02:58:02 INFO  DataIntegrityRuntime:351 - DataIntegrity[benign-20][ss-b-card-create]: baseline captured, fresh key {longNum=mist-0fad9da105dd}
2026-07-04 02:58:02 INFO  DataIntegrityRuntime:634 - DataIntegrity[benign-20][ss-b-card-create]: acked=true X-present=true gate=OBSERVED_PRESENT polls=1 in 15ms
2026-07-04 02:58:03 INFO  DataIntegrityRuntime:351 - DataIntegrity[benign-20][ss-b-card-create]: baseline captured, fresh key {longNum=mist-e8480e2332ca}
2026-07-04 02:58:03 INFO  DataIntegrityRuntime:634 - DataIntegrity[benign-20][ss-b-card-create]: acked=true X-present=true gate=OBSERVED_PRESENT polls=1 in 14ms
2026-07-04 02:58:05 INFO  DataIntegrityRuntime:351 - DataIntegrity[benign-20][ss-b-card-create]: baseline captured, fresh key {longNum=mist-7d4fba4d2ccd}
2026-07-04 02:58:05 INFO  DataIntegrityRuntime:634 - DataIntegrity[benign-20][ss-b-card-create]: acked=true X-present=true gate=OBSERVED_PRESENT polls=1 in 14ms
2026-07-04 02:58:07 INFO  DataIntegrityRuntime:351 - DataIntegrity[benign-20][ss-b-card-create]: baseline captured, fresh key {longNum=mist-367144442495}
2026-07-04 02:58:07 INFO  DataIntegrityRuntime:634 - DataIntegrity[benign-20][ss-b-card-create]: acked=true X-present=true gate=OBSERVED_PRESENT polls=1 in 16ms
2026-07-04 02:58:10 INFO  DataIntegrityRuntime:351 - DataIntegrity[benign-20][ss-b-card-create]: baseline captured, fresh key {longNum=mist-93c540544075}
2026-07-04 02:58:10 INFO  DataIntegrityRuntime:634 - DataIntegrity[benign-20][ss-b-card-create]: acked=true X-present=true gate=OBSERVED_PRESENT polls=1 in 12ms
2026-07-04 02:58:11 INFO  DataIntegrityRuntime:351 - DataIntegrity[benign-20][ss-b-card-create]: baseline captured, fresh key {longNum=mist-52c759a9592b}
2026-07-04 02:58:11 INFO  DataIntegrityRuntime:634 - DataIntegrity[benign-20][ss-b-card-create]: acked=true X-present=true gate=OBSERVED_PRESENT polls=1 in 14ms
2026-07-04 02:58:14 INFO  DataIntegrityRuntime:351 - DataIntegrity[benign-20][ss-b-card-create]: baseline captured, fresh key {longNum=mist-6cb75cac7583}
2026-07-04 02:58:14 INFO  DataIntegrityRuntime:634 - DataIntegrity[benign-20][ss-b-card-create]: acked=true X-present=true gate=OBSERVED_PRESENT polls=1 in 14ms
2026-07-04 02:58:16 INFO  DataIntegrityRuntime:351 - DataIntegrity[benign-20][ss-b-card-create]: baseline captured, fresh key {longNum=mist-acfec658514d}
2026-07-04 02:58:16 INFO  DataIntegrityRuntime:634 - DataIntegrity[benign-20][ss-b-card-create]: acked=true X-present=true gate=OBSERVED_PRESENT polls=1 in 14ms
2026-07-04 02:58:19 INFO  DataIntegrityRuntime:351 - DataIntegrity[benign-21][ss-b-address-create]: baseline captured, fresh key {street=mist-614c3a25e9f0, number=mist-2aea52d2acc1}
2026-07-04 02:58:19 INFO  DataIntegrityRuntime:634 - DataIntegrity[benign-21][ss-b-address-create]: acked=true X-present=true gate=OBSERVED_PRESENT polls=1 in 15ms
2026-07-04 02:58:20 INFO  DataIntegrityRuntime:351 - DataIntegrity[benign-21][ss-b-address-create]: baseline captured, fresh key {street=mist-9213e22d9fbe, number=mist-37a65d63d4ec}
2026-07-04 02:58:20 INFO  DataIntegrityRuntime:634 - DataIntegrity[benign-21][ss-b-address-create]: acked=true X-present=true gate=OBSERVED_PRESENT polls=1 in 15ms
2026-07-04 02:58:22 INFO  DataIntegrityRuntime:351 - DataIntegrity[benign-21][ss-b-address-create]: baseline captured, fresh key {street=mist-a789d68b44f3, number=mist-33dbf278c3c1}
2026-07-04 02:58:22 INFO  DataIntegrityRuntime:634 - DataIntegrity[benign-21][ss-b-address-create]: acked=true X-present=true gate=OBSERVED_PRESENT polls=1 in 15ms
2026-07-04 02:58:25 INFO  DataIntegrityRuntime:351 - DataIntegrity[benign-21][ss-b-address-create]: baseline captured, fresh key {street=mist-50acb4f5b2d6, number=mist-a3d6497a8897}
2026-07-04 02:58:25 INFO  DataIntegrityRuntime:634 - DataIntegrity[benign-21][ss-b-address-create]: acked=true X-present=true gate=OBSERVED_PRESENT polls=1 in 14ms
2026-07-04 02:58:27 INFO  DataIntegrityRuntime:351 - DataIntegrity[benign-21][ss-b-address-create]: baseline captured, fresh key {street=mist-a181e6eb5733, number=mist-4dcc5b31be3e}
2026-07-04 02:58:27 INFO  DataIntegrityRuntime:634 - DataIntegrity[benign-21][ss-b-address-create]: acked=true X-present=true gate=OBSERVED_PRESENT polls=1 in 16ms
2026-07-04 02:58:29 INFO  DataIntegrityRuntime:351 - DataIntegrity[benign-21][ss-b-address-create]: baseline captured, fresh key {street=mist-189bc507220f, number=mist-62b8375ec0c5}
2026-07-04 02:58:29 INFO  DataIntegrityRuntime:634 - DataIntegrity[benign-21][ss-b-address-create]: acked=true X-present=true gate=OBSERVED_PRESENT polls=1 in 17ms
2026-07-04 02:58:31 INFO  DataIntegrityRuntime:351 - DataIntegrity[benign-21][ss-b-address-create]: baseline captured, fresh key {street=mist-06e4f44496ab, number=mist-73976761f128}
2026-07-04 02:58:31 INFO  DataIntegrityRuntime:634 - DataIntegrity[benign-21][ss-b-address-create]: acked=true X-present=true gate=OBSERVED_PRESENT polls=1 in 15ms
2026-07-04 02:58:33 INFO  DataIntegrityRuntime:351 - DataIntegrity[benign-21][ss-b-address-create]: baseline captured, fresh key {street=mist-7d8469616c60, number=mist-33da06665a70}
2026-07-04 02:58:33 INFO  DataIntegrityRuntime:634 - DataIntegrity[benign-21][ss-b-address-create]: acked=true X-present=true gate=OBSERVED_PRESENT polls=1 in 14ms
2026-07-04 02:58:36 INFO  DataIntegrityRuntime:351 - DataIntegrity[benign-21][ss-b-address-create]: baseline captured, fresh key {street=mist-e3ff7bdb71ca, number=mist-9679237d4a17}
2026-07-04 02:58:36 INFO  DataIntegrityRuntime:634 - DataIntegrity[benign-21][ss-b-address-create]: acked=true X-present=true gate=OBSERVED_PRESENT polls=1 in 16ms
2026-07-04 02:58:37 INFO  DataIntegrityRuntime:351 - DataIntegrity[benign-21][ss-b-address-create]: baseline captured, fresh key {street=mist-5c72ba8610e4, number=mist-b46818a05a1e}
2026-07-04 02:58:37 INFO  DataIntegrityRuntime:634 - DataIntegrity[benign-21][ss-b-address-create]: acked=true X-present=true gate=OBSERVED_PRESENT polls=1 in 14ms
2026-07-04 02:58:40 INFO  DataIntegrityRuntime:351 - DataIntegrity[benign-21][ss-b-address-create]: baseline captured, fresh key {street=mist-115de7c4c3df, number=mist-85f75d066077}
2026-07-04 02:58:40 INFO  DataIntegrityRuntime:634 - DataIntegrity[benign-21][ss-b-address-create]: acked=true X-present=true gate=OBSERVED_PRESENT polls=1 in 17ms
2026-07-04 02:58:42 INFO  DataIntegrityRuntime:351 - DataIntegrity[benign-21][ss-b-address-create]: baseline captured, fresh key {street=mist-97cb5f7ec2e7, number=mist-57c109c09817}
2026-07-04 02:58:42 INFO  DataIntegrityRuntime:634 - DataIntegrity[benign-21][ss-b-address-create]: acked=true X-present=true gate=OBSERVED_PRESENT polls=1 in 15ms
2026-07-04 02:58:44 INFO  DataIntegrityRuntime:351 - DataIntegrity[benign-21][ss-b-address-create]: baseline captured, fresh key {street=mist-b9e8b1ebe462, number=mist-8af9561980af}
2026-07-04 02:58:44 INFO  DataIntegrityRuntime:634 - DataIntegrity[benign-21][ss-b-address-create]: acked=true X-present=true gate=OBSERVED_PRESENT polls=1 in 14ms
2026-07-04 02:58:46 INFO  DataIntegrityRuntime:351 - DataIntegrity[benign-21][ss-b-address-create]: baseline captured, fresh key {street=mist-b3c2b9b27d61, number=mist-14a7023abb77}
2026-07-04 02:58:46 INFO  DataIntegrityRuntime:634 - DataIntegrity[benign-21][ss-b-address-create]: acked=true X-present=true gate=OBSERVED_PRESENT polls=1 in 15ms
2026-07-04 02:58:48 INFO  DataIntegrityRuntime:351 - DataIntegrity[benign-21][ss-b-address-create]: baseline captured, fresh key {street=mist-4c883b65f24e, number=mist-75233542fc68}
2026-07-04 02:58:48 INFO  DataIntegrityRuntime:634 - DataIntegrity[benign-21][ss-b-address-create]: acked=true X-present=true gate=OBSERVED_PRESENT polls=1 in 16ms
2026-07-04 02:58:50 INFO  DataIntegrityRuntime:351 - DataIntegrity[benign-21][ss-b-address-create]: baseline captured, fresh key {street=mist-01bcd87200f3, number=mist-e2cb635be27f}
2026-07-04 02:58:50 INFO  DataIntegrityRuntime:634 - DataIntegrity[benign-21][ss-b-address-create]: acked=true X-present=true gate=OBSERVED_PRESENT polls=1 in 17ms
2026-07-04 02:58:52 INFO  DataIntegrityRuntime:351 - DataIntegrity[benign-21][ss-b-address-create]: baseline captured, fresh key {street=mist-99f713e47e02, number=mist-3e159bc38439}
2026-07-04 02:58:52 INFO  DataIntegrityRuntime:634 - DataIntegrity[benign-21][ss-b-address-create]: acked=true X-present=true gate=OBSERVED_PRESENT polls=1 in 17ms
2026-07-04 02:58:54 INFO  DataIntegrityRuntime:351 - DataIntegrity[benign-21][ss-b-address-create]: baseline captured, fresh key {street=mist-e1f54019ea1a, number=mist-fd0d098a641d}
2026-07-04 02:58:54 INFO  DataIntegrityRuntime:634 - DataIntegrity[benign-21][ss-b-address-create]: acked=true X-present=true gate=OBSERVED_PRESENT polls=1 in 15ms
2026-07-04 02:58:56 INFO  DataIntegrityRuntime:351 - DataIntegrity[benign-21][ss-b-address-create]: baseline captured, fresh key {street=mist-49728d41b450, number=mist-85ec7e8345dc}
2026-07-04 02:58:56 INFO  DataIntegrityRuntime:634 - DataIntegrity[benign-21][ss-b-address-create]: acked=true X-present=true gate=OBSERVED_PRESENT polls=1 in 15ms
2026-07-04 02:58:58 INFO  DataIntegrityRuntime:351 - DataIntegrity[benign-21][ss-b-address-create]: baseline captured, fresh key {street=mist-e556b551d08a, number=mist-9207226881da}
2026-07-04 02:58:58 INFO  DataIntegrityRuntime:634 - DataIntegrity[benign-21][ss-b-address-create]: acked=true X-present=true gate=OBSERVED_PRESENT polls=1 in 14ms
2026-07-04 02:59:01 INFO  DataIntegrityRuntime:351 - DataIntegrity[benign-21][ss-b-card-create]: baseline captured, fresh key {longNum=mist-273febecc163}
2026-07-04 02:59:01 INFO  DataIntegrityRuntime:634 - DataIntegrity[benign-21][ss-b-card-create]: acked=true X-present=true gate=OBSERVED_PRESENT polls=1 in 15ms
2026-07-04 02:59:02 INFO  DataIntegrityRuntime:351 - DataIntegrity[benign-21][ss-b-card-create]: baseline captured, fresh key {longNum=mist-585774974895}
2026-07-04 02:59:03 INFO  DataIntegrityRuntime:634 - DataIntegrity[benign-21][ss-b-card-create]: acked=true X-present=true gate=OBSERVED_PRESENT polls=1 in 12ms
2026-07-04 02:59:04 INFO  DataIntegrityRuntime:351 - DataIntegrity[benign-21][ss-b-card-create]: baseline captured, fresh key {longNum=mist-9932e5f8116f}
2026-07-04 02:59:04 INFO  DataIntegrityRuntime:634 - DataIntegrity[benign-21][ss-b-card-create]: acked=true X-present=true gate=OBSERVED_PRESENT polls=1 in 16ms
2026-07-04 02:59:07 INFO  DataIntegrityRuntime:351 - DataIntegrity[benign-21][ss-b-card-create]: baseline captured, fresh key {longNum=mist-511c0a00a550}
2026-07-04 02:59:07 INFO  DataIntegrityRuntime:634 - DataIntegrity[benign-21][ss-b-card-create]: acked=true X-present=true gate=OBSERVED_PRESENT polls=1 in 12ms
2026-07-04 02:59:08 INFO  DataIntegrityRuntime:351 - DataIntegrity[benign-21][ss-b-card-create]: baseline captured, fresh key {longNum=mist-9e297392f40c}
2026-07-04 02:59:08 INFO  DataIntegrityRuntime:634 - DataIntegrity[benign-21][ss-b-card-create]: acked=true X-present=true gate=OBSERVED_PRESENT polls=1 in 11ms
2026-07-04 02:59:10 INFO  DataIntegrityRuntime:351 - DataIntegrity[benign-21][ss-b-card-create]: baseline captured, fresh key {longNum=mist-6831720823ee}
2026-07-04 02:59:10 INFO  DataIntegrityRuntime:634 - DataIntegrity[benign-21][ss-b-card-create]: acked=true X-present=true gate=OBSERVED_PRESENT polls=1 in 13ms
2026-07-04 02:59:13 INFO  DataIntegrityRuntime:351 - DataIntegrity[benign-21][ss-b-card-create]: baseline captured, fresh key {longNum=mist-9a997ff475f3}
2026-07-04 02:59:13 INFO  DataIntegrityRuntime:634 - DataIntegrity[benign-21][ss-b-card-create]: acked=true X-present=true gate=OBSERVED_PRESENT polls=1 in 14ms
2026-07-04 02:59:14 INFO  DataIntegrityRuntime:351 - DataIntegrity[benign-21][ss-b-card-create]: baseline captured, fresh key {longNum=mist-63341642eea8}
2026-07-04 02:59:14 INFO  DataIntegrityRuntime:634 - DataIntegrity[benign-21][ss-b-card-create]: acked=true X-present=true gate=OBSERVED_PRESENT polls=1 in 14ms
2026-07-04 02:59:17 INFO  DataIntegrityRuntime:351 - DataIntegrity[benign-21][ss-b-card-create]: baseline captured, fresh key {longNum=mist-333d4ab3923f}
2026-07-04 02:59:17 INFO  DataIntegrityRuntime:634 - DataIntegrity[benign-21][ss-b-card-create]: acked=true X-present=true gate=OBSERVED_PRESENT polls=1 in 13ms
2026-07-04 02:59:19 INFO  DataIntegrityRuntime:351 - DataIntegrity[benign-21][ss-b-card-create]: baseline captured, fresh key {longNum=mist-63f25f49918d}
2026-07-04 02:59:19 INFO  DataIntegrityRuntime:634 - DataIntegrity[benign-21][ss-b-card-create]: acked=true X-present=true gate=OBSERVED_PRESENT polls=1 in 14ms
2026-07-04 02:59:22 INFO  DataIntegrityRuntime:351 - DataIntegrity[benign-21][ss-b-card-create]: baseline captured, fresh key {longNum=mist-9b026d0e25ca}
2026-07-04 02:59:22 INFO  DataIntegrityRuntime:634 - DataIntegrity[benign-21][ss-b-card-create]: acked=true X-present=true gate=OBSERVED_PRESENT polls=1 in 13ms
2026-07-04 02:59:23 INFO  DataIntegrityRuntime:351 - DataIntegrity[benign-21][ss-b-card-create]: baseline captured, fresh key {longNum=mist-dcc6459cdb8c}
2026-07-04 02:59:23 INFO  DataIntegrityRuntime:634 - DataIntegrity[benign-21][ss-b-card-create]: acked=true X-present=true gate=OBSERVED_PRESENT polls=1 in 16ms
2026-07-04 02:59:25 INFO  DataIntegrityRuntime:351 - DataIntegrity[benign-21][ss-b-card-create]: baseline captured, fresh key {longNum=mist-3d12b95f62ca}
2026-07-04 02:59:25 INFO  DataIntegrityRuntime:634 - DataIntegrity[benign-21][ss-b-card-create]: acked=true X-present=true gate=OBSERVED_PRESENT polls=1 in 13ms
2026-07-04 02:59:27 INFO  DataIntegrityRuntime:351 - DataIntegrity[benign-21][ss-b-card-create]: baseline captured, fresh key {longNum=mist-8b16c9a11a32}
2026-07-04 02:59:27 INFO  DataIntegrityRuntime:634 - DataIntegrity[benign-21][ss-b-card-create]: acked=true X-present=true gate=OBSERVED_PRESENT polls=1 in 15ms
2026-07-04 02:59:29 INFO  DataIntegrityRuntime:351 - DataIntegrity[benign-21][ss-b-card-create]: baseline captured, fresh key {longNum=mist-7d1feb828ffa}
2026-07-04 02:59:29 INFO  DataIntegrityRuntime:634 - DataIntegrity[benign-21][ss-b-card-create]: acked=true X-present=true gate=OBSERVED_PRESENT polls=1 in 15ms
2026-07-04 02:59:31 INFO  DataIntegrityRuntime:351 - DataIntegrity[benign-21][ss-b-card-create]: baseline captured, fresh key {longNum=mist-e008a8dc2651}
2026-07-04 02:59:31 INFO  DataIntegrityRuntime:634 - DataIntegrity[benign-21][ss-b-card-create]: acked=true X-present=true gate=OBSERVED_PRESENT polls=1 in 20ms
2026-07-04 02:59:32 INFO  DataIntegrityRuntime:351 - DataIntegrity[benign-21][ss-b-card-create]: baseline captured, fresh key {longNum=mist-764ba01397f9}
2026-07-04 02:59:32 INFO  DataIntegrityRuntime:634 - DataIntegrity[benign-21][ss-b-card-create]: acked=true X-present=true gate=OBSERVED_PRESENT polls=1 in 15ms
2026-07-04 02:59:34 INFO  DataIntegrityRuntime:351 - DataIntegrity[benign-21][ss-b-card-create]: baseline captured, fresh key {longNum=mist-825d04592c20}
2026-07-04 02:59:34 INFO  DataIntegrityRuntime:634 - DataIntegrity[benign-21][ss-b-card-create]: acked=true X-present=true gate=OBSERVED_PRESENT polls=1 in 16ms
2026-07-04 02:59:36 INFO  DataIntegrityRuntime:351 - DataIntegrity[benign-21][ss-b-card-create]: baseline captured, fresh key {longNum=mist-57438df2c2eb}
2026-07-04 02:59:36 INFO  DataIntegrityRuntime:634 - DataIntegrity[benign-21][ss-b-card-create]: acked=true X-present=true gate=OBSERVED_PRESENT polls=1 in 15ms
2026-07-04 02:59:38 INFO  DataIntegrityRuntime:351 - DataIntegrity[benign-21][ss-b-card-create]: baseline captured, fresh key {longNum=mist-c194c676d534}
2026-07-04 02:59:38 INFO  DataIntegrityRuntime:634 - DataIntegrity[benign-21][ss-b-card-create]: acked=true X-present=true gate=OBSERVED_PRESENT polls=1 in 13ms
2026-07-04 02:59:41 INFO  DataIntegrityRuntime:351 - DataIntegrity[benign-22][ss-b-address-create]: baseline captured, fresh key {street=mist-0476649202e3, number=mist-7320576d21df}
2026-07-04 02:59:41 INFO  DataIntegrityRuntime:634 - DataIntegrity[benign-22][ss-b-address-create]: acked=true X-present=true gate=OBSERVED_PRESENT polls=1 in 17ms
2026-07-04 02:59:43 INFO  DataIntegrityRuntime:351 - DataIntegrity[benign-22][ss-b-address-create]: baseline captured, fresh key {street=mist-eeed6fee812c, number=mist-6aee9fb8f49a}
2026-07-04 02:59:43 INFO  DataIntegrityRuntime:634 - DataIntegrity[benign-22][ss-b-address-create]: acked=true X-present=true gate=OBSERVED_PRESENT polls=1 in 14ms
2026-07-04 02:59:45 INFO  DataIntegrityRuntime:351 - DataIntegrity[benign-22][ss-b-address-create]: baseline captured, fresh key {street=mist-4ab8a8abb212, number=mist-91325a95f5e5}
2026-07-04 02:59:45 INFO  DataIntegrityRuntime:634 - DataIntegrity[benign-22][ss-b-address-create]: acked=true X-present=true gate=OBSERVED_PRESENT polls=1 in 15ms
2026-07-04 02:59:46 INFO  DataIntegrityRuntime:351 - DataIntegrity[benign-22][ss-b-address-create]: baseline captured, fresh key {street=mist-af6091a59c06, number=mist-72f0e23f957e}
2026-07-04 02:59:46 INFO  DataIntegrityRuntime:634 - DataIntegrity[benign-22][ss-b-address-create]: acked=true X-present=true gate=OBSERVED_PRESENT polls=1 in 12ms
2026-07-04 02:59:49 INFO  DataIntegrityRuntime:351 - DataIntegrity[benign-22][ss-b-address-create]: baseline captured, fresh key {street=mist-2bea59fdad7d, number=mist-cd7ed948d56e}
2026-07-04 02:59:49 INFO  DataIntegrityRuntime:634 - DataIntegrity[benign-22][ss-b-address-create]: acked=true X-present=true gate=OBSERVED_PRESENT polls=1 in 17ms
2026-07-04 02:59:50 INFO  DataIntegrityRuntime:351 - DataIntegrity[benign-22][ss-b-address-create]: baseline captured, fresh key {street=mist-14de242766c3, number=mist-1350b8cb9b82}
2026-07-04 02:59:50 INFO  DataIntegrityRuntime:634 - DataIntegrity[benign-22][ss-b-address-create]: acked=true X-present=true gate=OBSERVED_PRESENT polls=1 in 14ms
2026-07-04 02:59:52 INFO  DataIntegrityRuntime:351 - DataIntegrity[benign-22][ss-b-address-create]: baseline captured, fresh key {street=mist-57630a5a562a, number=mist-eac130bbe433}
2026-07-04 02:59:52 INFO  DataIntegrityRuntime:634 - DataIntegrity[benign-22][ss-b-address-create]: acked=true X-present=true gate=OBSERVED_PRESENT polls=1 in 15ms
2026-07-04 02:59:55 INFO  DataIntegrityRuntime:351 - DataIntegrity[benign-22][ss-b-address-create]: baseline captured, fresh key {street=mist-8d51fee163ef, number=mist-805afc9c05d3}
2026-07-04 02:59:55 INFO  DataIntegrityRuntime:634 - DataIntegrity[benign-22][ss-b-address-create]: acked=true X-present=true gate=OBSERVED_PRESENT polls=1 in 15ms
2026-07-04 02:59:56 INFO  DataIntegrityRuntime:351 - DataIntegrity[benign-22][ss-b-address-create]: baseline captured, fresh key {street=mist-9534269a433b, number=mist-9008e276181b}
2026-07-04 02:59:56 INFO  DataIntegrityRuntime:634 - DataIntegrity[benign-22][ss-b-address-create]: acked=true X-present=true gate=OBSERVED_PRESENT polls=1 in 13ms
2026-07-04 02:59:58 INFO  DataIntegrityRuntime:351 - DataIntegrity[benign-22][ss-b-address-create]: baseline captured, fresh key {street=mist-a3c0c7f3ce35, number=mist-e7a130775b7b}
2026-07-04 02:59:58 INFO  DataIntegrityRuntime:634 - DataIntegrity[benign-22][ss-b-address-create]: acked=true X-present=true gate=OBSERVED_PRESENT polls=1 in 15ms
2026-07-04 03:00:00 INFO  DataIntegrityRuntime:351 - DataIntegrity[benign-22][ss-b-address-create]: baseline captured, fresh key {street=mist-52b2b7e996b5, number=mist-31562e5ce12e}
2026-07-04 03:00:00 INFO  DataIntegrityRuntime:634 - DataIntegrity[benign-22][ss-b-address-create]: acked=true X-present=true gate=OBSERVED_PRESENT polls=1 in 14ms
2026-07-04 03:00:01 INFO  DataIntegrityRuntime:351 - DataIntegrity[benign-22][ss-b-address-create]: baseline captured, fresh key {street=mist-8a9ee81ef6f7, number=mist-95959850214e}
2026-07-04 03:00:01 INFO  DataIntegrityRuntime:634 - DataIntegrity[benign-22][ss-b-address-create]: acked=true X-present=true gate=OBSERVED_PRESENT polls=1 in 15ms
2026-07-04 03:00:04 INFO  DataIntegrityRuntime:351 - DataIntegrity[benign-22][ss-b-address-create]: baseline captured, fresh key {street=mist-532714c8ed0c, number=mist-fb94dfd15bef}
2026-07-04 03:00:04 INFO  DataIntegrityRuntime:634 - DataIntegrity[benign-22][ss-b-address-create]: acked=true X-present=true gate=OBSERVED_PRESENT polls=1 in 15ms
2026-07-04 03:00:06 INFO  DataIntegrityRuntime:351 - DataIntegrity[benign-22][ss-b-address-create]: baseline captured, fresh key {street=mist-b35cfd20795f, number=mist-abdae5f3f914}
2026-07-04 03:00:06 INFO  DataIntegrityRuntime:634 - DataIntegrity[benign-22][ss-b-address-create]: acked=true X-present=true gate=OBSERVED_PRESENT polls=1 in 14ms
2026-07-04 03:00:08 INFO  DataIntegrityRuntime:351 - DataIntegrity[benign-22][ss-b-address-create]: baseline captured, fresh key {street=mist-1733f1edf0b9, number=mist-b5aae7a0c5c7}
2026-07-04 03:00:08 INFO  DataIntegrityRuntime:634 - DataIntegrity[benign-22][ss-b-address-create]: acked=true X-present=true gate=OBSERVED_PRESENT polls=1 in 18ms
2026-07-04 03:00:11 INFO  DataIntegrityRuntime:351 - DataIntegrity[benign-22][ss-b-address-create]: baseline captured, fresh key {street=mist-96c95dc51cc7, number=mist-b80236595c39}
2026-07-04 03:00:11 INFO  DataIntegrityRuntime:634 - DataIntegrity[benign-22][ss-b-address-create]: acked=true X-present=true gate=OBSERVED_PRESENT polls=1 in 15ms
2026-07-04 03:00:13 INFO  DataIntegrityRuntime:351 - DataIntegrity[benign-22][ss-b-address-create]: baseline captured, fresh key {street=mist-6ab7f0cab1e0, number=mist-d14d48101a3b}
2026-07-04 03:00:13 INFO  DataIntegrityRuntime:634 - DataIntegrity[benign-22][ss-b-address-create]: acked=true X-present=true gate=OBSERVED_PRESENT polls=1 in 14ms
2026-07-04 03:00:16 INFO  DataIntegrityRuntime:351 - DataIntegrity[benign-22][ss-b-address-create]: baseline captured, fresh key {street=mist-5ec0ec8f2147, number=mist-991aa6d016ee}
2026-07-04 03:00:16 INFO  DataIntegrityRuntime:634 - DataIntegrity[benign-22][ss-b-address-create]: acked=true X-present=true gate=OBSERVED_PRESENT polls=1 in 17ms
2026-07-04 03:00:18 INFO  DataIntegrityRuntime:351 - DataIntegrity[benign-22][ss-b-address-create]: baseline captured, fresh key {street=mist-3e6700312182, number=mist-981e3ae14b42}
2026-07-04 03:00:18 INFO  DataIntegrityRuntime:634 - DataIntegrity[benign-22][ss-b-address-create]: acked=true X-present=true gate=OBSERVED_PRESENT polls=1 in 14ms
2026-07-04 03:00:21 INFO  DataIntegrityRuntime:351 - DataIntegrity[benign-22][ss-b-address-create]: baseline captured, fresh key {street=mist-f6f455151e8f, number=mist-e13934265b58}
2026-07-04 03:00:21 INFO  DataIntegrityRuntime:634 - DataIntegrity[benign-22][ss-b-address-create]: acked=true X-present=true gate=OBSERVED_PRESENT polls=1 in 16ms
2026-07-04 03:00:22 INFO  DataIntegrityRuntime:351 - DataIntegrity[benign-22][ss-b-card-create]: baseline captured, fresh key {longNum=mist-c627b483053b}
2026-07-04 03:00:22 INFO  DataIntegrityRuntime:634 - DataIntegrity[benign-22][ss-b-card-create]: acked=true X-present=true gate=OBSERVED_PRESENT polls=1 in 13ms
2026-07-04 03:00:24 INFO  DataIntegrityRuntime:351 - DataIntegrity[benign-22][ss-b-card-create]: baseline captured, fresh key {longNum=mist-5987061b1f9d}
2026-07-04 03:00:24 INFO  DataIntegrityRuntime:634 - DataIntegrity[benign-22][ss-b-card-create]: acked=true X-present=true gate=OBSERVED_PRESENT polls=1 in 13ms
2026-07-04 03:00:27 INFO  DataIntegrityRuntime:351 - DataIntegrity[benign-22][ss-b-card-create]: baseline captured, fresh key {longNum=mist-b2c23c00dd30}
2026-07-04 03:00:27 INFO  DataIntegrityRuntime:634 - DataIntegrity[benign-22][ss-b-card-create]: acked=true X-present=true gate=OBSERVED_PRESENT polls=1 in 13ms
2026-07-04 03:00:29 INFO  DataIntegrityRuntime:351 - DataIntegrity[benign-22][ss-b-card-create]: baseline captured, fresh key {longNum=mist-529a57dca562}
2026-07-04 03:00:29 INFO  DataIntegrityRuntime:634 - DataIntegrity[benign-22][ss-b-card-create]: acked=true X-present=true gate=OBSERVED_PRESENT polls=1 in 13ms
2026-07-04 03:00:31 INFO  DataIntegrityRuntime:351 - DataIntegrity[benign-22][ss-b-card-create]: baseline captured, fresh key {longNum=mist-88fc4073ef4f}
2026-07-04 03:00:31 INFO  DataIntegrityRuntime:634 - DataIntegrity[benign-22][ss-b-card-create]: acked=true X-present=true gate=OBSERVED_PRESENT polls=1 in 17ms
2026-07-04 03:00:33 INFO  DataIntegrityRuntime:351 - DataIntegrity[benign-22][ss-b-card-create]: baseline captured, fresh key {longNum=mist-845dc70e5666}
2026-07-04 03:00:33 INFO  DataIntegrityRuntime:634 - DataIntegrity[benign-22][ss-b-card-create]: acked=true X-present=true gate=OBSERVED_PRESENT polls=1 in 14ms
2026-07-04 03:00:36 INFO  DataIntegrityRuntime:351 - DataIntegrity[benign-22][ss-b-card-create]: baseline captured, fresh key {longNum=mist-15936f132c6c}
2026-07-04 03:00:36 INFO  DataIntegrityRuntime:634 - DataIntegrity[benign-22][ss-b-card-create]: acked=true X-present=true gate=OBSERVED_PRESENT polls=1 in 15ms
2026-07-04 03:00:38 INFO  DataIntegrityRuntime:351 - DataIntegrity[benign-22][ss-b-card-create]: baseline captured, fresh key {longNum=mist-087c465d4635}
2026-07-04 03:00:38 INFO  DataIntegrityRuntime:634 - DataIntegrity[benign-22][ss-b-card-create]: acked=true X-present=true gate=OBSERVED_PRESENT polls=1 in 15ms
2026-07-04 03:00:39 INFO  DataIntegrityRuntime:351 - DataIntegrity[benign-22][ss-b-card-create]: baseline captured, fresh key {longNum=mist-0969bbbbd7d9}
2026-07-04 03:00:39 INFO  DataIntegrityRuntime:634 - DataIntegrity[benign-22][ss-b-card-create]: acked=true X-present=true gate=OBSERVED_PRESENT polls=1 in 14ms
2026-07-04 03:00:42 INFO  DataIntegrityRuntime:351 - DataIntegrity[benign-22][ss-b-card-create]: baseline captured, fresh key {longNum=mist-e279c93b37b1}
2026-07-04 03:00:42 INFO  DataIntegrityRuntime:634 - DataIntegrity[benign-22][ss-b-card-create]: acked=true X-present=true gate=OBSERVED_PRESENT polls=1 in 12ms
2026-07-04 03:00:44 INFO  DataIntegrityRuntime:351 - DataIntegrity[benign-22][ss-b-card-create]: baseline captured, fresh key {longNum=mist-068cb86f50fb}
2026-07-04 03:00:44 INFO  DataIntegrityRuntime:634 - DataIntegrity[benign-22][ss-b-card-create]: acked=true X-present=true gate=OBSERVED_PRESENT polls=1 in 15ms
2026-07-04 03:00:47 INFO  DataIntegrityRuntime:351 - DataIntegrity[benign-22][ss-b-card-create]: baseline captured, fresh key {longNum=mist-30aa8b7fd2c9}
2026-07-04 03:00:47 INFO  DataIntegrityRuntime:634 - DataIntegrity[benign-22][ss-b-card-create]: acked=true X-present=true gate=OBSERVED_PRESENT polls=1 in 12ms
2026-07-04 03:00:48 INFO  DataIntegrityRuntime:351 - DataIntegrity[benign-22][ss-b-card-create]: baseline captured, fresh key {longNum=mist-b45d6ad170c7}
2026-07-04 03:00:49 INFO  DataIntegrityRuntime:634 - DataIntegrity[benign-22][ss-b-card-create]: acked=true X-present=true gate=OBSERVED_PRESENT polls=1 in 20ms
2026-07-04 03:00:50 INFO  DataIntegrityRuntime:351 - DataIntegrity[benign-22][ss-b-card-create]: baseline captured, fresh key {longNum=mist-a39696d5b4e7}
2026-07-04 03:00:50 INFO  DataIntegrityRuntime:634 - DataIntegrity[benign-22][ss-b-card-create]: acked=true X-present=true gate=OBSERVED_PRESENT polls=1 in 12ms
2026-07-04 03:00:51 INFO  DataIntegrityRuntime:351 - DataIntegrity[benign-22][ss-b-card-create]: baseline captured, fresh key {longNum=mist-dd54e65e7262}
2026-07-04 03:00:51 INFO  DataIntegrityRuntime:634 - DataIntegrity[benign-22][ss-b-card-create]: acked=true X-present=true gate=OBSERVED_PRESENT polls=1 in 15ms
2026-07-04 03:00:53 INFO  DataIntegrityRuntime:351 - DataIntegrity[benign-22][ss-b-card-create]: baseline captured, fresh key {longNum=mist-7316b89c53d1}
2026-07-04 03:00:53 INFO  DataIntegrityRuntime:634 - DataIntegrity[benign-22][ss-b-card-create]: acked=true X-present=true gate=OBSERVED_PRESENT polls=1 in 13ms
2026-07-04 03:00:55 INFO  DataIntegrityRuntime:351 - DataIntegrity[benign-22][ss-b-card-create]: baseline captured, fresh key {longNum=mist-723f304f9dd2}
2026-07-04 03:00:55 INFO  DataIntegrityRuntime:634 - DataIntegrity[benign-22][ss-b-card-create]: acked=true X-present=true gate=OBSERVED_PRESENT polls=1 in 14ms
2026-07-04 03:00:57 INFO  DataIntegrityRuntime:351 - DataIntegrity[benign-22][ss-b-card-create]: baseline captured, fresh key {longNum=mist-8ae5e97492fb}
2026-07-04 03:00:57 INFO  DataIntegrityRuntime:634 - DataIntegrity[benign-22][ss-b-card-create]: acked=true X-present=true gate=OBSERVED_PRESENT polls=1 in 14ms
2026-07-04 03:00:58 INFO  DataIntegrityRuntime:351 - DataIntegrity[benign-22][ss-b-card-create]: baseline captured, fresh key {longNum=mist-81220af9cff2}
2026-07-04 03:00:58 INFO  DataIntegrityRuntime:634 - DataIntegrity[benign-22][ss-b-card-create]: acked=true X-present=true gate=OBSERVED_PRESENT polls=1 in 12ms
2026-07-04 03:01:00 INFO  DataIntegrityRuntime:351 - DataIntegrity[benign-22][ss-b-card-create]: baseline captured, fresh key {longNum=mist-97ad4df00544}
2026-07-04 03:01:00 INFO  DataIntegrityRuntime:634 - DataIntegrity[benign-22][ss-b-card-create]: acked=true X-present=true gate=OBSERVED_PRESENT polls=1 in 14ms
2026-07-04 03:01:03 INFO  DataIntegrityRuntime:351 - DataIntegrity[benign-23][ss-b-address-create]: baseline captured, fresh key {street=mist-18413c51a67a, number=mist-5f97ccf3ecaa}
2026-07-04 03:01:03 INFO  DataIntegrityRuntime:634 - DataIntegrity[benign-23][ss-b-address-create]: acked=true X-present=true gate=OBSERVED_PRESENT polls=1 in 17ms
2026-07-04 03:01:05 INFO  DataIntegrityRuntime:351 - DataIntegrity[benign-23][ss-b-address-create]: baseline captured, fresh key {street=mist-7e287a522339, number=mist-587337957adc}
2026-07-04 03:01:05 INFO  DataIntegrityRuntime:634 - DataIntegrity[benign-23][ss-b-address-create]: acked=true X-present=true gate=OBSERVED_PRESENT polls=1 in 16ms
2026-07-04 03:01:07 INFO  DataIntegrityRuntime:351 - DataIntegrity[benign-23][ss-b-address-create]: baseline captured, fresh key {street=mist-048651884cc5, number=mist-db46c1cbc2b2}
2026-07-04 03:01:07 INFO  DataIntegrityRuntime:634 - DataIntegrity[benign-23][ss-b-address-create]: acked=true X-present=true gate=OBSERVED_PRESENT polls=1 in 15ms
2026-07-04 03:01:08 INFO  DataIntegrityRuntime:351 - DataIntegrity[benign-23][ss-b-address-create]: baseline captured, fresh key {street=mist-2cef93d7c93f, number=mist-6684a7f40f47}
2026-07-04 03:01:08 INFO  DataIntegrityRuntime:634 - DataIntegrity[benign-23][ss-b-address-create]: acked=true X-present=true gate=OBSERVED_PRESENT polls=1 in 14ms
2026-07-04 03:01:10 INFO  DataIntegrityRuntime:351 - DataIntegrity[benign-23][ss-b-address-create]: baseline captured, fresh key {street=mist-b8f4c8a66fb4, number=mist-63a248576514}
2026-07-04 03:01:10 INFO  DataIntegrityRuntime:634 - DataIntegrity[benign-23][ss-b-address-create]: acked=true X-present=true gate=OBSERVED_PRESENT polls=1 in 14ms
2026-07-04 03:01:13 INFO  DataIntegrityRuntime:351 - DataIntegrity[benign-23][ss-b-address-create]: baseline captured, fresh key {street=mist-9bcd4057e9a4, number=mist-aed530bd47b7}
2026-07-04 03:01:13 INFO  DataIntegrityRuntime:634 - DataIntegrity[benign-23][ss-b-address-create]: acked=true X-present=true gate=OBSERVED_PRESENT polls=1 in 16ms
2026-07-04 03:01:15 INFO  DataIntegrityRuntime:351 - DataIntegrity[benign-23][ss-b-address-create]: baseline captured, fresh key {street=mist-667831b775b0, number=mist-31bf5784c15c}
2026-07-04 03:01:15 INFO  DataIntegrityRuntime:634 - DataIntegrity[benign-23][ss-b-address-create]: acked=true X-present=true gate=OBSERVED_PRESENT polls=1 in 15ms
2026-07-04 03:01:18 INFO  DataIntegrityRuntime:351 - DataIntegrity[benign-23][ss-b-address-create]: baseline captured, fresh key {street=mist-fc442b9c19cb, number=mist-1809ed8ac6c5}
2026-07-04 03:01:18 INFO  DataIntegrityRuntime:634 - DataIntegrity[benign-23][ss-b-address-create]: acked=true X-present=true gate=OBSERVED_PRESENT polls=1 in 16ms
2026-07-04 03:01:20 INFO  DataIntegrityRuntime:351 - DataIntegrity[benign-23][ss-b-address-create]: baseline captured, fresh key {street=mist-7f4f1fe9c3f9, number=mist-bf5dcc6ecc10}
2026-07-04 03:01:20 INFO  DataIntegrityRuntime:634 - DataIntegrity[benign-23][ss-b-address-create]: acked=true X-present=true gate=OBSERVED_PRESENT polls=1 in 16ms
2026-07-04 03:01:21 INFO  DataIntegrityRuntime:351 - DataIntegrity[benign-23][ss-b-address-create]: baseline captured, fresh key {street=mist-3e778cbff817, number=mist-0b450bcbee25}
2026-07-04 03:01:21 INFO  DataIntegrityRuntime:634 - DataIntegrity[benign-23][ss-b-address-create]: acked=true X-present=true gate=OBSERVED_PRESENT polls=1 in 16ms
2026-07-04 03:01:24 INFO  DataIntegrityRuntime:351 - DataIntegrity[benign-23][ss-b-address-create]: baseline captured, fresh key {street=mist-9e5d58986ab8, number=mist-48a0a5f7fc28}
2026-07-04 03:01:24 INFO  DataIntegrityRuntime:634 - DataIntegrity[benign-23][ss-b-address-create]: acked=true X-present=true gate=OBSERVED_PRESENT polls=1 in 17ms
2026-07-04 03:01:26 INFO  DataIntegrityRuntime:351 - DataIntegrity[benign-23][ss-b-address-create]: baseline captured, fresh key {street=mist-8399231f1a53, number=mist-f7222e458aed}
2026-07-04 03:01:26 INFO  DataIntegrityRuntime:634 - DataIntegrity[benign-23][ss-b-address-create]: acked=true X-present=true gate=OBSERVED_PRESENT polls=1 in 16ms
2026-07-04 03:01:28 INFO  DataIntegrityRuntime:351 - DataIntegrity[benign-23][ss-b-address-create]: baseline captured, fresh key {street=mist-8a00ef78c7e2, number=mist-7200c110b2b7}
2026-07-04 03:01:28 INFO  DataIntegrityRuntime:634 - DataIntegrity[benign-23][ss-b-address-create]: acked=true X-present=true gate=OBSERVED_PRESENT polls=1 in 17ms
2026-07-04 03:01:30 INFO  DataIntegrityRuntime:351 - DataIntegrity[benign-23][ss-b-address-create]: baseline captured, fresh key {street=mist-82f9dc375149, number=mist-0af3d8bf5479}
2026-07-04 03:01:30 INFO  DataIntegrityRuntime:634 - DataIntegrity[benign-23][ss-b-address-create]: acked=true X-present=true gate=OBSERVED_PRESENT polls=1 in 15ms
2026-07-04 03:01:37 INFO  DataIntegrityRuntime:351 - DataIntegrity[benign-23][ss-b-address-create]: baseline captured, fresh key {street=mist-613e740e68e4, number=mist-43b6d24254da}
2026-07-04 03:01:37 INFO  DataIntegrityRuntime:634 - DataIntegrity[benign-23][ss-b-address-create]: acked=true X-present=true gate=OBSERVED_PRESENT polls=1 in 16ms
2026-07-04 03:01:42 INFO  DataIntegrityRuntime:351 - DataIntegrity[benign-23][ss-b-address-create]: baseline captured, fresh key {street=mist-ac4a3676150b, number=mist-0bc834524cba}
2026-07-04 03:01:42 INFO  DataIntegrityRuntime:634 - DataIntegrity[benign-23][ss-b-address-create]: acked=true X-present=true gate=OBSERVED_PRESENT polls=1 in 16ms
2026-07-04 03:01:47 INFO  DataIntegrityRuntime:351 - DataIntegrity[benign-23][ss-b-address-create]: baseline captured, fresh key {street=mist-7e2d757ca619, number=mist-927ff7eb984d}
2026-07-04 03:01:47 INFO  DataIntegrityRuntime:634 - DataIntegrity[benign-23][ss-b-address-create]: acked=true X-present=true gate=OBSERVED_PRESENT polls=1 in 17ms
2026-07-04 03:01:52 INFO  DataIntegrityRuntime:351 - DataIntegrity[benign-23][ss-b-address-create]: baseline captured, fresh key {street=mist-13387bbde7a7, number=mist-3cc01fe2f67d}
2026-07-04 03:01:52 INFO  DataIntegrityRuntime:634 - DataIntegrity[benign-23][ss-b-address-create]: acked=true X-present=true gate=OBSERVED_PRESENT polls=1 in 16ms
2026-07-04 03:01:53 INFO  DataIntegrityRuntime:351 - DataIntegrity[benign-23][ss-b-address-create]: baseline captured, fresh key {street=mist-b09fa4058a16, number=mist-f15d1cb01714}
2026-07-04 03:01:53 INFO  DataIntegrityRuntime:634 - DataIntegrity[benign-23][ss-b-address-create]: acked=true X-present=true gate=OBSERVED_PRESENT polls=1 in 17ms
2026-07-04 03:01:56 INFO  DataIntegrityRuntime:351 - DataIntegrity[benign-23][ss-b-address-create]: baseline captured, fresh key {street=mist-7ad8c0cae33c, number=mist-626c3bc43e17}
2026-07-04 03:01:56 INFO  DataIntegrityRuntime:634 - DataIntegrity[benign-23][ss-b-address-create]: acked=true X-present=true gate=OBSERVED_PRESENT polls=1 in 17ms
2026-07-04 03:01:58 INFO  DataIntegrityRuntime:351 - DataIntegrity[benign-23][ss-b-card-create]: baseline captured, fresh key {longNum=mist-826495a46761}
2026-07-04 03:01:58 INFO  DataIntegrityRuntime:634 - DataIntegrity[benign-23][ss-b-card-create]: acked=true X-present=true gate=OBSERVED_PRESENT polls=1 in 17ms
2026-07-04 03:01:59 INFO  DataIntegrityRuntime:351 - DataIntegrity[benign-23][ss-b-card-create]: baseline captured, fresh key {longNum=mist-04a21c8a3563}
2026-07-04 03:01:59 INFO  DataIntegrityRuntime:634 - DataIntegrity[benign-23][ss-b-card-create]: acked=true X-present=true gate=OBSERVED_PRESENT polls=1 in 16ms
2026-07-04 03:02:01 INFO  DataIntegrityRuntime:351 - DataIntegrity[benign-23][ss-b-card-create]: baseline captured, fresh key {longNum=mist-e821e6b41664}
2026-07-04 03:02:01 INFO  DataIntegrityRuntime:634 - DataIntegrity[benign-23][ss-b-card-create]: acked=true X-present=true gate=OBSERVED_PRESENT polls=1 in 16ms
2026-07-04 03:02:02 INFO  DataIntegrityRuntime:351 - DataIntegrity[benign-23][ss-b-card-create]: baseline captured, fresh key {longNum=mist-70daf2e033d4}
2026-07-04 03:02:03 INFO  DataIntegrityRuntime:634 - DataIntegrity[benign-23][ss-b-card-create]: acked=true X-present=true gate=OBSERVED_PRESENT polls=1 in 14ms
2026-07-04 03:02:06 INFO  DataIntegrityRuntime:351 - DataIntegrity[benign-23][ss-b-card-create]: baseline captured, fresh key {longNum=mist-4a924581a868}
2026-07-04 03:02:06 INFO  DataIntegrityRuntime:634 - DataIntegrity[benign-23][ss-b-card-create]: acked=true X-present=true gate=OBSERVED_PRESENT polls=1 in 15ms
2026-07-04 03:02:07 INFO  DataIntegrityRuntime:351 - DataIntegrity[benign-23][ss-b-card-create]: baseline captured, fresh key {longNum=mist-c8c73f45cdd1}
2026-07-04 03:02:07 INFO  DataIntegrityRuntime:634 - DataIntegrity[benign-23][ss-b-card-create]: acked=true X-present=true gate=OBSERVED_PRESENT polls=1 in 14ms
2026-07-04 03:02:10 INFO  DataIntegrityRuntime:351 - DataIntegrity[benign-23][ss-b-card-create]: baseline captured, fresh key {longNum=mist-cf9cd4f96734}
2026-07-04 03:02:10 INFO  DataIntegrityRuntime:634 - DataIntegrity[benign-23][ss-b-card-create]: acked=true X-present=true gate=OBSERVED_PRESENT polls=1 in 15ms
2026-07-04 03:02:12 INFO  DataIntegrityRuntime:351 - DataIntegrity[benign-23][ss-b-card-create]: baseline captured, fresh key {longNum=mist-ed161ccdef8e}
2026-07-04 03:02:12 INFO  DataIntegrityRuntime:634 - DataIntegrity[benign-23][ss-b-card-create]: acked=true X-present=true gate=OBSERVED_PRESENT polls=1 in 14ms
2026-07-04 03:02:15 INFO  DataIntegrityRuntime:351 - DataIntegrity[benign-23][ss-b-card-create]: baseline captured, fresh key {longNum=mist-f0f4024f2d09}
2026-07-04 03:02:15 INFO  DataIntegrityRuntime:634 - DataIntegrity[benign-23][ss-b-card-create]: acked=true X-present=true gate=OBSERVED_PRESENT polls=1 in 14ms
2026-07-04 03:02:17 INFO  DataIntegrityRuntime:351 - DataIntegrity[benign-23][ss-b-card-create]: baseline captured, fresh key {longNum=mist-1694189be2fb}
2026-07-04 03:02:17 INFO  DataIntegrityRuntime:634 - DataIntegrity[benign-23][ss-b-card-create]: acked=true X-present=true gate=OBSERVED_PRESENT polls=1 in 15ms
2026-07-04 03:02:18 INFO  DataIntegrityRuntime:351 - DataIntegrity[benign-23][ss-b-card-create]: baseline captured, fresh key {longNum=mist-1f3cee635db2}
2026-07-04 03:02:18 INFO  DataIntegrityRuntime:634 - DataIntegrity[benign-23][ss-b-card-create]: acked=true X-present=true gate=OBSERVED_PRESENT polls=1 in 16ms
2026-07-04 03:02:21 INFO  DataIntegrityRuntime:351 - DataIntegrity[benign-23][ss-b-card-create]: baseline captured, fresh key {longNum=mist-bc1f1789e01f}
2026-07-04 03:02:21 INFO  DataIntegrityRuntime:634 - DataIntegrity[benign-23][ss-b-card-create]: acked=true X-present=true gate=OBSERVED_PRESENT polls=1 in 14ms
2026-07-04 03:02:22 INFO  DataIntegrityRuntime:351 - DataIntegrity[benign-23][ss-b-card-create]: baseline captured, fresh key {longNum=mist-3f9dcf15d412}
2026-07-04 03:02:23 INFO  DataIntegrityRuntime:634 - DataIntegrity[benign-23][ss-b-card-create]: acked=true X-present=true gate=OBSERVED_PRESENT polls=1 in 15ms
2026-07-04 03:02:24 INFO  DataIntegrityRuntime:351 - DataIntegrity[benign-23][ss-b-card-create]: baseline captured, fresh key {longNum=mist-96341796d7e7}
2026-07-04 03:02:24 INFO  DataIntegrityRuntime:634 - DataIntegrity[benign-23][ss-b-card-create]: acked=true X-present=true gate=OBSERVED_PRESENT polls=1 in 15ms
2026-07-04 03:02:27 INFO  DataIntegrityRuntime:351 - DataIntegrity[benign-23][ss-b-card-create]: baseline captured, fresh key {longNum=mist-454d6f659090}
2026-07-04 03:02:27 INFO  DataIntegrityRuntime:634 - DataIntegrity[benign-23][ss-b-card-create]: acked=true X-present=true gate=OBSERVED_PRESENT polls=1 in 13ms
2026-07-04 03:02:29 INFO  DataIntegrityRuntime:351 - DataIntegrity[benign-23][ss-b-card-create]: baseline captured, fresh key {longNum=mist-86968d585a70}
2026-07-04 03:02:29 INFO  DataIntegrityRuntime:634 - DataIntegrity[benign-23][ss-b-card-create]: acked=true X-present=true gate=OBSERVED_PRESENT polls=1 in 15ms
2026-07-04 03:02:31 INFO  DataIntegrityRuntime:351 - DataIntegrity[benign-23][ss-b-card-create]: baseline captured, fresh key {longNum=mist-a5c6ec9e2338}
2026-07-04 03:02:31 INFO  DataIntegrityRuntime:634 - DataIntegrity[benign-23][ss-b-card-create]: acked=true X-present=true gate=OBSERVED_PRESENT polls=1 in 15ms
2026-07-04 03:02:33 INFO  DataIntegrityRuntime:351 - DataIntegrity[benign-23][ss-b-card-create]: baseline captured, fresh key {longNum=mist-d8dc3306c394}
2026-07-04 03:02:33 INFO  DataIntegrityRuntime:634 - DataIntegrity[benign-23][ss-b-card-create]: acked=true X-present=true gate=OBSERVED_PRESENT polls=1 in 13ms
2026-07-04 03:02:36 INFO  DataIntegrityRuntime:351 - DataIntegrity[benign-23][ss-b-card-create]: baseline captured, fresh key {longNum=mist-ca141799a5aa}
2026-07-04 03:02:36 INFO  DataIntegrityRuntime:634 - DataIntegrity[benign-23][ss-b-card-create]: acked=true X-present=true gate=OBSERVED_PRESENT polls=1 in 14ms
2026-07-04 03:02:37 INFO  DataIntegrityRuntime:351 - DataIntegrity[benign-23][ss-b-card-create]: baseline captured, fresh key {longNum=mist-03b64e2d1651}
2026-07-04 03:02:37 INFO  DataIntegrityRuntime:634 - DataIntegrity[benign-23][ss-b-card-create]: acked=true X-present=true gate=OBSERVED_PRESENT polls=1 in 14ms
2026-07-04 03:02:39 INFO  DataIntegrityRuntime:351 - DataIntegrity[benign-24][ss-b-address-create]: baseline captured, fresh key {street=mist-8a9b7eb21ac7, number=mist-60cd675cb53c}
2026-07-04 03:02:40 INFO  DataIntegrityRuntime:634 - DataIntegrity[benign-24][ss-b-address-create]: acked=true X-present=true gate=OBSERVED_PRESENT polls=1 in 18ms
2026-07-04 03:02:44 INFO  DataIntegrityRuntime:351 - DataIntegrity[benign-24][ss-b-address-create]: baseline captured, fresh key {street=mist-b25794694682, number=mist-39d903bf8150}
2026-07-04 03:02:44 INFO  DataIntegrityRuntime:634 - DataIntegrity[benign-24][ss-b-address-create]: acked=true X-present=true gate=OBSERVED_PRESENT polls=1 in 16ms
2026-07-04 03:02:46 INFO  DataIntegrityRuntime:351 - DataIntegrity[benign-24][ss-b-address-create]: baseline captured, fresh key {street=mist-7ee1efef576a, number=mist-12adce6ba440}
2026-07-04 03:02:46 INFO  DataIntegrityRuntime:634 - DataIntegrity[benign-24][ss-b-address-create]: acked=true X-present=true gate=OBSERVED_PRESENT polls=1 in 16ms
2026-07-04 03:02:48 INFO  DataIntegrityRuntime:351 - DataIntegrity[benign-24][ss-b-address-create]: baseline captured, fresh key {street=mist-6114847b5c92, number=mist-907e32bf0763}
2026-07-04 03:02:48 INFO  DataIntegrityRuntime:634 - DataIntegrity[benign-24][ss-b-address-create]: acked=true X-present=true gate=OBSERVED_PRESENT polls=1 in 17ms
2026-07-04 03:02:50 INFO  DataIntegrityRuntime:351 - DataIntegrity[benign-24][ss-b-address-create]: baseline captured, fresh key {street=mist-7f7b1f7bed51, number=mist-f7930ca78acd}
2026-07-04 03:02:50 INFO  DataIntegrityRuntime:634 - DataIntegrity[benign-24][ss-b-address-create]: acked=true X-present=true gate=OBSERVED_PRESENT polls=1 in 16ms
2026-07-04 03:02:52 INFO  DataIntegrityRuntime:351 - DataIntegrity[benign-24][ss-b-address-create]: baseline captured, fresh key {street=mist-c4374d935968, number=mist-82a85538eef0}
2026-07-04 03:02:52 INFO  DataIntegrityRuntime:634 - DataIntegrity[benign-24][ss-b-address-create]: acked=true X-present=true gate=OBSERVED_PRESENT polls=1 in 16ms
2026-07-04 03:02:54 INFO  DataIntegrityRuntime:351 - DataIntegrity[benign-24][ss-b-address-create]: baseline captured, fresh key {street=mist-f1b74cc40892, number=mist-5863444187e8}
2026-07-04 03:02:54 INFO  DataIntegrityRuntime:634 - DataIntegrity[benign-24][ss-b-address-create]: acked=true X-present=true gate=OBSERVED_PRESENT polls=1 in 16ms
2026-07-04 03:02:57 INFO  DataIntegrityRuntime:351 - DataIntegrity[benign-24][ss-b-address-create]: baseline captured, fresh key {street=mist-f7145e07a105, number=mist-8663be5bd3fe}
2026-07-04 03:02:57 INFO  DataIntegrityRuntime:634 - DataIntegrity[benign-24][ss-b-address-create]: acked=true X-present=true gate=OBSERVED_PRESENT polls=1 in 15ms
2026-07-04 03:02:58 INFO  DataIntegrityRuntime:351 - DataIntegrity[benign-24][ss-b-address-create]: baseline captured, fresh key {street=mist-ab87a7f7daae, number=mist-7efb2e4b0c71}
2026-07-04 03:02:58 INFO  DataIntegrityRuntime:634 - DataIntegrity[benign-24][ss-b-address-create]: acked=true X-present=true gate=OBSERVED_PRESENT polls=1 in 23ms
2026-07-04 03:03:00 INFO  DataIntegrityRuntime:351 - DataIntegrity[benign-24][ss-b-address-create]: baseline captured, fresh key {street=mist-c4904b75558a, number=mist-2e1718403573}
2026-07-04 03:03:00 INFO  DataIntegrityRuntime:634 - DataIntegrity[benign-24][ss-b-address-create]: acked=true X-present=true gate=OBSERVED_PRESENT polls=1 in 15ms
2026-07-04 03:03:02 INFO  DataIntegrityRuntime:351 - DataIntegrity[benign-24][ss-b-address-create]: baseline captured, fresh key {street=mist-40df4a244b69, number=mist-135f3f564165}
2026-07-04 03:03:02 INFO  DataIntegrityRuntime:634 - DataIntegrity[benign-24][ss-b-address-create]: acked=true X-present=true gate=OBSERVED_PRESENT polls=1 in 15ms
2026-07-04 03:03:03 INFO  DataIntegrityRuntime:351 - DataIntegrity[benign-24][ss-b-address-create]: baseline captured, fresh key {street=mist-1c840ab7e79d, number=mist-f1fe7994f82e}
2026-07-04 03:03:03 INFO  DataIntegrityRuntime:634 - DataIntegrity[benign-24][ss-b-address-create]: acked=true X-present=true gate=OBSERVED_PRESENT polls=1 in 16ms
2026-07-04 03:03:05 INFO  DataIntegrityRuntime:351 - DataIntegrity[benign-24][ss-b-address-create]: baseline captured, fresh key {street=mist-142d48f13670, number=mist-0463cdd9b460}
2026-07-04 03:03:05 INFO  DataIntegrityRuntime:634 - DataIntegrity[benign-24][ss-b-address-create]: acked=true X-present=true gate=OBSERVED_PRESENT polls=1 in 18ms
2026-07-04 03:03:07 INFO  DataIntegrityRuntime:351 - DataIntegrity[benign-24][ss-b-address-create]: baseline captured, fresh key {street=mist-736e65df7009, number=mist-9810c9dcfbc6}
2026-07-04 03:03:07 INFO  DataIntegrityRuntime:634 - DataIntegrity[benign-24][ss-b-address-create]: acked=true X-present=true gate=OBSERVED_PRESENT polls=1 in 15ms
2026-07-04 03:03:09 INFO  DataIntegrityRuntime:351 - DataIntegrity[benign-24][ss-b-address-create]: baseline captured, fresh key {street=mist-7609cd1fcfa5, number=mist-73f880c535da}
2026-07-04 03:03:09 INFO  DataIntegrityRuntime:634 - DataIntegrity[benign-24][ss-b-address-create]: acked=true X-present=true gate=OBSERVED_PRESENT polls=1 in 18ms
2026-07-04 03:03:10 INFO  DataIntegrityRuntime:351 - DataIntegrity[benign-24][ss-b-address-create]: baseline captured, fresh key {street=mist-184cfdba3642, number=mist-5bd5db32aa5f}
2026-07-04 03:03:10 INFO  DataIntegrityRuntime:634 - DataIntegrity[benign-24][ss-b-address-create]: acked=true X-present=true gate=OBSERVED_PRESENT polls=1 in 15ms
2026-07-04 03:03:13 INFO  DataIntegrityRuntime:351 - DataIntegrity[benign-24][ss-b-address-create]: baseline captured, fresh key {street=mist-9f9351f85f8e, number=mist-1573926e8e3e}
2026-07-04 03:03:13 INFO  DataIntegrityRuntime:634 - DataIntegrity[benign-24][ss-b-address-create]: acked=true X-present=true gate=OBSERVED_PRESENT polls=1 in 16ms
2026-07-04 03:03:15 INFO  DataIntegrityRuntime:351 - DataIntegrity[benign-24][ss-b-address-create]: baseline captured, fresh key {street=mist-ffc1c70da842, number=mist-385ad8dc8303}
2026-07-04 03:03:15 INFO  DataIntegrityRuntime:634 - DataIntegrity[benign-24][ss-b-address-create]: acked=true X-present=true gate=OBSERVED_PRESENT polls=1 in 15ms
2026-07-04 03:03:16 INFO  DataIntegrityRuntime:351 - DataIntegrity[benign-24][ss-b-address-create]: baseline captured, fresh key {street=mist-dc226cd17d02, number=mist-c546184cdd7f}
2026-07-04 03:03:16 INFO  DataIntegrityRuntime:634 - DataIntegrity[benign-24][ss-b-address-create]: acked=true X-present=true gate=OBSERVED_PRESENT polls=1 in 17ms
2026-07-04 03:03:18 INFO  DataIntegrityRuntime:351 - DataIntegrity[benign-24][ss-b-address-create]: baseline captured, fresh key {street=mist-fe2e3435eed4, number=mist-4cc3d2e0d8dd}
2026-07-04 03:03:18 INFO  DataIntegrityRuntime:634 - DataIntegrity[benign-24][ss-b-address-create]: acked=true X-present=true gate=OBSERVED_PRESENT polls=1 in 25ms
2026-07-04 03:03:21 INFO  DataIntegrityRuntime:351 - DataIntegrity[benign-24][ss-b-card-create]: baseline captured, fresh key {longNum=mist-10ca00e5208b}
2026-07-04 03:03:21 INFO  DataIntegrityRuntime:634 - DataIntegrity[benign-24][ss-b-card-create]: acked=true X-present=true gate=OBSERVED_PRESENT polls=1 in 12ms
2026-07-04 03:03:28 INFO  DataIntegrityRuntime:351 - DataIntegrity[benign-24][ss-b-card-create]: baseline captured, fresh key {longNum=mist-fc96de1a14aa}
2026-07-04 03:03:28 INFO  DataIntegrityRuntime:634 - DataIntegrity[benign-24][ss-b-card-create]: acked=true X-present=true gate=OBSERVED_PRESENT polls=1 in 13ms
2026-07-04 03:03:32 INFO  DataIntegrityRuntime:351 - DataIntegrity[benign-24][ss-b-card-create]: baseline captured, fresh key {longNum=mist-60673d43740a}
2026-07-04 03:03:32 INFO  DataIntegrityRuntime:634 - DataIntegrity[benign-24][ss-b-card-create]: acked=true X-present=true gate=OBSERVED_PRESENT polls=1 in 14ms
2026-07-04 03:03:37 INFO  DataIntegrityRuntime:351 - DataIntegrity[benign-24][ss-b-card-create]: baseline captured, fresh key {longNum=mist-377ea06489ba}
2026-07-04 03:03:37 INFO  DataIntegrityRuntime:634 - DataIntegrity[benign-24][ss-b-card-create]: acked=true X-present=true gate=OBSERVED_PRESENT polls=1 in 15ms
2026-07-04 03:03:44 INFO  DataIntegrityRuntime:351 - DataIntegrity[benign-24][ss-b-card-create]: baseline captured, fresh key {longNum=mist-8d7dbfbc1396}
2026-07-04 03:03:44 INFO  DataIntegrityRuntime:634 - DataIntegrity[benign-24][ss-b-card-create]: acked=true X-present=true gate=OBSERVED_PRESENT polls=1 in 14ms
2026-07-04 03:03:45 INFO  DataIntegrityRuntime:351 - DataIntegrity[benign-24][ss-b-card-create]: baseline captured, fresh key {longNum=mist-6eb7bb4faa10}
2026-07-04 03:03:45 INFO  DataIntegrityRuntime:634 - DataIntegrity[benign-24][ss-b-card-create]: acked=true X-present=true gate=OBSERVED_PRESENT polls=1 in 12ms
2026-07-04 03:03:47 INFO  DataIntegrityRuntime:351 - DataIntegrity[benign-24][ss-b-card-create]: baseline captured, fresh key {longNum=mist-5014c4374f4b}
2026-07-04 03:03:47 INFO  DataIntegrityRuntime:634 - DataIntegrity[benign-24][ss-b-card-create]: acked=true X-present=true gate=OBSERVED_PRESENT polls=1 in 17ms
2026-07-04 03:03:50 INFO  DataIntegrityRuntime:351 - DataIntegrity[benign-24][ss-b-card-create]: baseline captured, fresh key {longNum=mist-3771a7739c43}
2026-07-04 03:03:50 INFO  DataIntegrityRuntime:634 - DataIntegrity[benign-24][ss-b-card-create]: acked=true X-present=true gate=OBSERVED_PRESENT polls=1 in 14ms
2026-07-04 03:03:52 INFO  DataIntegrityRuntime:351 - DataIntegrity[benign-24][ss-b-card-create]: baseline captured, fresh key {longNum=mist-b76a6484e05d}
2026-07-04 03:03:52 INFO  DataIntegrityRuntime:634 - DataIntegrity[benign-24][ss-b-card-create]: acked=true X-present=true gate=OBSERVED_PRESENT polls=1 in 15ms
2026-07-04 03:03:53 INFO  DataIntegrityRuntime:351 - DataIntegrity[benign-24][ss-b-card-create]: baseline captured, fresh key {longNum=mist-d31842e0b15b}
2026-07-04 03:03:53 INFO  DataIntegrityRuntime:634 - DataIntegrity[benign-24][ss-b-card-create]: acked=true X-present=true gate=OBSERVED_PRESENT polls=1 in 13ms
2026-07-04 03:03:55 INFO  DataIntegrityRuntime:351 - DataIntegrity[benign-24][ss-b-card-create]: baseline captured, fresh key {longNum=mist-5a169c838133}
2026-07-04 03:03:55 INFO  DataIntegrityRuntime:634 - DataIntegrity[benign-24][ss-b-card-create]: acked=true X-present=true gate=OBSERVED_PRESENT polls=1 in 15ms
2026-07-04 03:03:57 INFO  DataIntegrityRuntime:351 - DataIntegrity[benign-24][ss-b-card-create]: baseline captured, fresh key {longNum=mist-47a5df3139ce}
2026-07-04 03:03:57 INFO  DataIntegrityRuntime:634 - DataIntegrity[benign-24][ss-b-card-create]: acked=true X-present=true gate=OBSERVED_PRESENT polls=1 in 12ms
2026-07-04 03:03:58 INFO  DataIntegrityRuntime:351 - DataIntegrity[benign-24][ss-b-card-create]: baseline captured, fresh key {longNum=mist-570a3dadeac9}
2026-07-04 03:03:58 INFO  DataIntegrityRuntime:634 - DataIntegrity[benign-24][ss-b-card-create]: acked=true X-present=true gate=OBSERVED_PRESENT polls=1 in 14ms
2026-07-04 03:04:01 INFO  DataIntegrityRuntime:351 - DataIntegrity[benign-24][ss-b-card-create]: baseline captured, fresh key {longNum=mist-16e2caec3221}
2026-07-04 03:04:01 INFO  DataIntegrityRuntime:634 - DataIntegrity[benign-24][ss-b-card-create]: acked=true X-present=true gate=OBSERVED_PRESENT polls=1 in 13ms
2026-07-04 03:04:03 INFO  DataIntegrityRuntime:351 - DataIntegrity[benign-24][ss-b-card-create]: baseline captured, fresh key {longNum=mist-2bc4b9b8c80d}
2026-07-04 03:04:03 INFO  DataIntegrityRuntime:634 - DataIntegrity[benign-24][ss-b-card-create]: acked=true X-present=true gate=OBSERVED_PRESENT polls=1 in 13ms
2026-07-04 03:04:04 INFO  DataIntegrityRuntime:351 - DataIntegrity[benign-24][ss-b-card-create]: baseline captured, fresh key {longNum=mist-be8f2c90a31d}
2026-07-04 03:04:04 INFO  DataIntegrityRuntime:634 - DataIntegrity[benign-24][ss-b-card-create]: acked=true X-present=true gate=OBSERVED_PRESENT polls=1 in 13ms
2026-07-04 03:04:06 INFO  DataIntegrityRuntime:351 - DataIntegrity[benign-24][ss-b-card-create]: baseline captured, fresh key {longNum=mist-98dbb60119d2}
2026-07-04 03:04:06 INFO  DataIntegrityRuntime:634 - DataIntegrity[benign-24][ss-b-card-create]: acked=true X-present=true gate=OBSERVED_PRESENT polls=1 in 16ms
2026-07-04 03:04:08 INFO  DataIntegrityRuntime:351 - DataIntegrity[benign-24][ss-b-card-create]: baseline captured, fresh key {longNum=mist-ceab8861b0e2}
2026-07-04 03:04:08 INFO  DataIntegrityRuntime:634 - DataIntegrity[benign-24][ss-b-card-create]: acked=true X-present=true gate=OBSERVED_PRESENT polls=1 in 12ms
2026-07-04 03:04:09 INFO  DataIntegrityRuntime:351 - DataIntegrity[benign-24][ss-b-card-create]: baseline captured, fresh key {longNum=mist-00996ab68504}
2026-07-04 03:04:09 INFO  DataIntegrityRuntime:634 - DataIntegrity[benign-24][ss-b-card-create]: acked=true X-present=true gate=OBSERVED_PRESENT polls=1 in 15ms
2026-07-04 03:04:11 INFO  DataIntegrityRuntime:351 - DataIntegrity[benign-24][ss-b-card-create]: baseline captured, fresh key {longNum=mist-77dcc33a60a0}
2026-07-04 03:04:11 INFO  DataIntegrityRuntime:634 - DataIntegrity[benign-24][ss-b-card-create]: acked=true X-present=true gate=OBSERVED_PRESENT polls=1 in 15ms
2026-07-04 03:04:13 INFO  DataIntegrityRuntime:351 - DataIntegrity[benign-25][ss-b-address-create]: baseline captured, fresh key {street=mist-103140085d81, number=mist-c6079ff650d0}
2026-07-04 03:04:13 INFO  DataIntegrityRuntime:634 - DataIntegrity[benign-25][ss-b-address-create]: acked=true X-present=true gate=OBSERVED_PRESENT polls=1 in 17ms
2026-07-04 03:04:15 INFO  DataIntegrityRuntime:351 - DataIntegrity[benign-25][ss-b-address-create]: baseline captured, fresh key {street=mist-432fe80c2cfe, number=mist-36c5d36e8492}
2026-07-04 03:04:15 INFO  DataIntegrityRuntime:634 - DataIntegrity[benign-25][ss-b-address-create]: acked=true X-present=true gate=OBSERVED_PRESENT polls=1 in 14ms
2026-07-04 03:04:17 INFO  DataIntegrityRuntime:351 - DataIntegrity[benign-25][ss-b-address-create]: baseline captured, fresh key {street=mist-9a73555c1e93, number=mist-6355c1ca8206}
2026-07-04 03:04:17 INFO  DataIntegrityRuntime:634 - DataIntegrity[benign-25][ss-b-address-create]: acked=true X-present=true gate=OBSERVED_PRESENT polls=1 in 16ms
2026-07-04 03:04:19 INFO  DataIntegrityRuntime:351 - DataIntegrity[benign-25][ss-b-address-create]: baseline captured, fresh key {street=mist-ba4c71125b46, number=mist-1315f61b7b3a}
2026-07-04 03:04:19 INFO  DataIntegrityRuntime:634 - DataIntegrity[benign-25][ss-b-address-create]: acked=true X-present=true gate=OBSERVED_PRESENT polls=1 in 16ms
2026-07-04 03:04:22 INFO  DataIntegrityRuntime:351 - DataIntegrity[benign-25][ss-b-address-create]: baseline captured, fresh key {street=mist-7edc31d136de, number=mist-a64aafd1c08f}
2026-07-04 03:04:22 INFO  DataIntegrityRuntime:634 - DataIntegrity[benign-25][ss-b-address-create]: acked=true X-present=true gate=OBSERVED_PRESENT polls=1 in 16ms
2026-07-04 03:04:23 INFO  DataIntegrityRuntime:351 - DataIntegrity[benign-25][ss-b-address-create]: baseline captured, fresh key {street=mist-7d0e2a2475c1, number=mist-2354dffecdce}
2026-07-04 03:04:23 INFO  DataIntegrityRuntime:634 - DataIntegrity[benign-25][ss-b-address-create]: acked=true X-present=true gate=OBSERVED_PRESENT polls=1 in 17ms
2026-07-04 03:04:25 INFO  DataIntegrityRuntime:351 - DataIntegrity[benign-25][ss-b-address-create]: baseline captured, fresh key {street=mist-374b26749b50, number=mist-03c95b38b296}
2026-07-04 03:04:25 INFO  DataIntegrityRuntime:634 - DataIntegrity[benign-25][ss-b-address-create]: acked=true X-present=true gate=OBSERVED_PRESENT polls=1 in 16ms
2026-07-04 03:04:27 INFO  DataIntegrityRuntime:351 - DataIntegrity[benign-25][ss-b-address-create]: baseline captured, fresh key {street=mist-5979c78ffaef, number=mist-37f1a439ad83}
2026-07-04 03:04:27 INFO  DataIntegrityRuntime:634 - DataIntegrity[benign-25][ss-b-address-create]: acked=true X-present=true gate=OBSERVED_PRESENT polls=1 in 18ms
2026-07-04 03:04:29 INFO  DataIntegrityRuntime:351 - DataIntegrity[benign-25][ss-b-address-create]: baseline captured, fresh key {street=mist-0cd3a3c0d37b, number=mist-1556d134f450}
2026-07-04 03:04:29 INFO  DataIntegrityRuntime:634 - DataIntegrity[benign-25][ss-b-address-create]: acked=true X-present=true gate=OBSERVED_PRESENT polls=1 in 15ms
2026-07-04 03:04:30 INFO  DataIntegrityRuntime:351 - DataIntegrity[benign-25][ss-b-address-create]: baseline captured, fresh key {street=mist-a74213ccad64, number=mist-766487a863df}
2026-07-04 03:04:30 INFO  DataIntegrityRuntime:634 - DataIntegrity[benign-25][ss-b-address-create]: acked=true X-present=true gate=OBSERVED_PRESENT polls=1 in 19ms
2026-07-04 03:04:32 INFO  DataIntegrityRuntime:351 - DataIntegrity[benign-25][ss-b-address-create]: baseline captured, fresh key {street=mist-308ca6489df9, number=mist-bb0d3b08a413}
2026-07-04 03:04:32 INFO  DataIntegrityRuntime:634 - DataIntegrity[benign-25][ss-b-address-create]: acked=true X-present=true gate=OBSERVED_PRESENT polls=1 in 13ms
2026-07-04 03:04:33 INFO  DataIntegrityRuntime:351 - DataIntegrity[benign-25][ss-b-address-create]: baseline captured, fresh key {street=mist-e98915660ee0, number=mist-af3e02abddb3}
2026-07-04 03:04:33 INFO  DataIntegrityRuntime:634 - DataIntegrity[benign-25][ss-b-address-create]: acked=true X-present=true gate=OBSERVED_PRESENT polls=1 in 16ms
2026-07-04 03:04:35 INFO  DataIntegrityRuntime:351 - DataIntegrity[benign-25][ss-b-address-create]: baseline captured, fresh key {street=mist-4510b0b70cdd, number=mist-d7597eb59549}
2026-07-04 03:04:35 INFO  DataIntegrityRuntime:634 - DataIntegrity[benign-25][ss-b-address-create]: acked=true X-present=true gate=OBSERVED_PRESENT polls=1 in 17ms
2026-07-04 03:04:38 INFO  DataIntegrityRuntime:351 - DataIntegrity[benign-25][ss-b-address-create]: baseline captured, fresh key {street=mist-4c8bc3f83b79, number=mist-79a923c88052}
2026-07-04 03:04:38 INFO  DataIntegrityRuntime:634 - DataIntegrity[benign-25][ss-b-address-create]: acked=true X-present=true gate=OBSERVED_PRESENT polls=1 in 16ms
2026-07-04 03:04:39 INFO  DataIntegrityRuntime:351 - DataIntegrity[benign-25][ss-b-address-create]: baseline captured, fresh key {street=mist-f0eb51fa3f6e, number=mist-9d0ea0ea6e6a}
2026-07-04 03:04:39 INFO  DataIntegrityRuntime:634 - DataIntegrity[benign-25][ss-b-address-create]: acked=true X-present=true gate=OBSERVED_PRESENT polls=1 in 19ms
2026-07-04 03:04:42 INFO  DataIntegrityRuntime:351 - DataIntegrity[benign-25][ss-b-address-create]: baseline captured, fresh key {street=mist-8086913499bd, number=mist-a1443a75c755}
2026-07-04 03:04:42 INFO  DataIntegrityRuntime:634 - DataIntegrity[benign-25][ss-b-address-create]: acked=true X-present=true gate=OBSERVED_PRESENT polls=1 in 15ms
2026-07-04 03:04:44 INFO  DataIntegrityRuntime:351 - DataIntegrity[benign-25][ss-b-address-create]: baseline captured, fresh key {street=mist-501e6b236e75, number=mist-bb9b5240cfa6}
2026-07-04 03:04:44 INFO  DataIntegrityRuntime:634 - DataIntegrity[benign-25][ss-b-address-create]: acked=true X-present=true gate=OBSERVED_PRESENT polls=1 in 16ms
2026-07-04 03:04:45 INFO  DataIntegrityRuntime:351 - DataIntegrity[benign-25][ss-b-address-create]: baseline captured, fresh key {street=mist-d663b5e767d1, number=mist-40ee696d2f53}
2026-07-04 03:04:46 INFO  DataIntegrityRuntime:634 - DataIntegrity[benign-25][ss-b-address-create]: acked=true X-present=true gate=OBSERVED_PRESENT polls=1 in 16ms
2026-07-04 03:04:47 INFO  DataIntegrityRuntime:351 - DataIntegrity[benign-25][ss-b-address-create]: baseline captured, fresh key {street=mist-a317c554aae6, number=mist-e4a123b500a9}
2026-07-04 03:04:47 INFO  DataIntegrityRuntime:634 - DataIntegrity[benign-25][ss-b-address-create]: acked=true X-present=true gate=OBSERVED_PRESENT polls=1 in 14ms
2026-07-04 03:04:50 INFO  DataIntegrityRuntime:351 - DataIntegrity[benign-25][ss-b-address-create]: baseline captured, fresh key {street=mist-4f854222d9ea, number=mist-17422d2a433b}
2026-07-04 03:04:50 INFO  DataIntegrityRuntime:634 - DataIntegrity[benign-25][ss-b-address-create]: acked=true X-present=true gate=OBSERVED_PRESENT polls=1 in 17ms
2026-07-04 03:04:52 INFO  DataIntegrityRuntime:351 - DataIntegrity[benign-25][ss-b-card-create]: baseline captured, fresh key {longNum=mist-130d3a735631}
2026-07-04 03:04:52 INFO  DataIntegrityRuntime:634 - DataIntegrity[benign-25][ss-b-card-create]: acked=true X-present=true gate=OBSERVED_PRESENT polls=1 in 15ms
2026-07-04 03:04:53 INFO  DataIntegrityRuntime:351 - DataIntegrity[benign-25][ss-b-card-create]: baseline captured, fresh key {longNum=mist-1fb4fbec774e}
2026-07-04 03:04:53 INFO  DataIntegrityRuntime:634 - DataIntegrity[benign-25][ss-b-card-create]: acked=true X-present=true gate=OBSERVED_PRESENT polls=1 in 16ms
2026-07-04 03:04:55 INFO  DataIntegrityRuntime:351 - DataIntegrity[benign-25][ss-b-card-create]: baseline captured, fresh key {longNum=mist-d0262bc39d8a}
2026-07-04 03:04:55 INFO  DataIntegrityRuntime:634 - DataIntegrity[benign-25][ss-b-card-create]: acked=true X-present=true gate=OBSERVED_PRESENT polls=1 in 13ms
2026-07-04 03:04:58 INFO  DataIntegrityRuntime:351 - DataIntegrity[benign-25][ss-b-card-create]: baseline captured, fresh key {longNum=mist-659d48ed44dd}
2026-07-04 03:04:58 INFO  DataIntegrityRuntime:634 - DataIntegrity[benign-25][ss-b-card-create]: acked=true X-present=true gate=OBSERVED_PRESENT polls=1 in 13ms
2026-07-04 03:04:59 INFO  DataIntegrityRuntime:351 - DataIntegrity[benign-25][ss-b-card-create]: baseline captured, fresh key {longNum=mist-a50deeb4df2f}
2026-07-04 03:04:59 INFO  DataIntegrityRuntime:634 - DataIntegrity[benign-25][ss-b-card-create]: acked=true X-present=true gate=OBSERVED_PRESENT polls=1 in 14ms
2026-07-04 03:05:01 INFO  DataIntegrityRuntime:351 - DataIntegrity[benign-25][ss-b-card-create]: baseline captured, fresh key {longNum=mist-025b6d6903d3}
2026-07-04 03:05:01 INFO  DataIntegrityRuntime:634 - DataIntegrity[benign-25][ss-b-card-create]: acked=true X-present=true gate=OBSERVED_PRESENT polls=1 in 14ms
2026-07-04 03:05:04 INFO  DataIntegrityRuntime:351 - DataIntegrity[benign-25][ss-b-card-create]: baseline captured, fresh key {longNum=mist-027e23b8a74f}
2026-07-04 03:05:04 INFO  DataIntegrityRuntime:634 - DataIntegrity[benign-25][ss-b-card-create]: acked=true X-present=true gate=OBSERVED_PRESENT polls=1 in 14ms
2026-07-04 03:05:06 INFO  DataIntegrityRuntime:351 - DataIntegrity[benign-25][ss-b-card-create]: baseline captured, fresh key {longNum=mist-9a55e8fdbc21}
2026-07-04 03:05:06 INFO  DataIntegrityRuntime:634 - DataIntegrity[benign-25][ss-b-card-create]: acked=true X-present=true gate=OBSERVED_PRESENT polls=1 in 14ms
2026-07-04 03:05:08 INFO  DataIntegrityRuntime:351 - DataIntegrity[benign-25][ss-b-card-create]: baseline captured, fresh key {longNum=mist-78bc6f607176}
2026-07-04 03:05:08 INFO  DataIntegrityRuntime:634 - DataIntegrity[benign-25][ss-b-card-create]: acked=true X-present=true gate=OBSERVED_PRESENT polls=1 in 15ms
2026-07-04 03:05:10 INFO  DataIntegrityRuntime:351 - DataIntegrity[benign-25][ss-b-card-create]: baseline captured, fresh key {longNum=mist-ce2e9786c755}
2026-07-04 03:05:10 INFO  DataIntegrityRuntime:634 - DataIntegrity[benign-25][ss-b-card-create]: acked=true X-present=true gate=OBSERVED_PRESENT polls=1 in 13ms
2026-07-04 03:05:11 INFO  DataIntegrityRuntime:351 - DataIntegrity[benign-25][ss-b-card-create]: baseline captured, fresh key {longNum=mist-3b465e82588f}
2026-07-04 03:05:11 INFO  DataIntegrityRuntime:634 - DataIntegrity[benign-25][ss-b-card-create]: acked=true X-present=true gate=OBSERVED_PRESENT polls=1 in 20ms
2026-07-04 03:05:14 INFO  DataIntegrityRuntime:351 - DataIntegrity[benign-25][ss-b-card-create]: baseline captured, fresh key {longNum=mist-aefb330fb5aa}
2026-07-04 03:05:14 INFO  DataIntegrityRuntime:634 - DataIntegrity[benign-25][ss-b-card-create]: acked=true X-present=true gate=OBSERVED_PRESENT polls=1 in 13ms
2026-07-04 03:05:16 INFO  DataIntegrityRuntime:351 - DataIntegrity[benign-25][ss-b-card-create]: baseline captured, fresh key {longNum=mist-6e13ec1e6df2}
2026-07-04 03:05:16 INFO  DataIntegrityRuntime:634 - DataIntegrity[benign-25][ss-b-card-create]: acked=true X-present=true gate=OBSERVED_PRESENT polls=1 in 14ms
2026-07-04 03:05:19 INFO  DataIntegrityRuntime:351 - DataIntegrity[benign-25][ss-b-card-create]: baseline captured, fresh key {longNum=mist-13dcb54cbb81}
2026-07-04 03:05:19 INFO  DataIntegrityRuntime:634 - DataIntegrity[benign-25][ss-b-card-create]: acked=true X-present=true gate=OBSERVED_PRESENT polls=1 in 14ms
2026-07-04 03:05:20 INFO  DataIntegrityRuntime:351 - DataIntegrity[benign-25][ss-b-card-create]: baseline captured, fresh key {longNum=mist-673b662484b8}
2026-07-04 03:05:20 INFO  DataIntegrityRuntime:634 - DataIntegrity[benign-25][ss-b-card-create]: acked=true X-present=true gate=OBSERVED_PRESENT polls=1 in 14ms
2026-07-04 03:05:22 INFO  DataIntegrityRuntime:351 - DataIntegrity[benign-25][ss-b-card-create]: baseline captured, fresh key {longNum=mist-e1a0f8e9c6e7}
2026-07-04 03:05:22 INFO  DataIntegrityRuntime:634 - DataIntegrity[benign-25][ss-b-card-create]: acked=true X-present=true gate=OBSERVED_PRESENT polls=1 in 15ms
2026-07-04 03:05:24 INFO  DataIntegrityRuntime:351 - DataIntegrity[benign-25][ss-b-card-create]: baseline captured, fresh key {longNum=mist-7e8b711d4df8}
2026-07-04 03:05:24 INFO  DataIntegrityRuntime:634 - DataIntegrity[benign-25][ss-b-card-create]: acked=true X-present=true gate=OBSERVED_PRESENT polls=1 in 15ms
2026-07-04 03:05:26 INFO  DataIntegrityRuntime:351 - DataIntegrity[benign-25][ss-b-card-create]: baseline captured, fresh key {longNum=mist-c4ed713b2c99}
2026-07-04 03:05:26 INFO  DataIntegrityRuntime:634 - DataIntegrity[benign-25][ss-b-card-create]: acked=true X-present=true gate=OBSERVED_PRESENT polls=1 in 15ms
2026-07-04 03:05:27 INFO  DataIntegrityRuntime:351 - DataIntegrity[benign-25][ss-b-card-create]: baseline captured, fresh key {longNum=mist-419c05c9f2c0}
2026-07-04 03:05:27 INFO  DataIntegrityRuntime:634 - DataIntegrity[benign-25][ss-b-card-create]: acked=true X-present=true gate=OBSERVED_PRESENT polls=1 in 14ms
2026-07-04 03:05:30 INFO  DataIntegrityRuntime:351 - DataIntegrity[benign-25][ss-b-card-create]: baseline captured, fresh key {longNum=mist-f3ad01442f11}
2026-07-04 03:05:30 INFO  DataIntegrityRuntime:634 - DataIntegrity[benign-25][ss-b-card-create]: acked=true X-present=true gate=OBSERVED_PRESENT polls=1 in 16ms
2026-07-04 03:05:33 INFO  DataIntegrityRuntime:351 - DataIntegrity[benign-26][ss-b-address-create]: baseline captured, fresh key {street=mist-1e17e3285279, number=mist-3737162779e4}
2026-07-04 03:05:33 INFO  DataIntegrityRuntime:634 - DataIntegrity[benign-26][ss-b-address-create]: acked=true X-present=true gate=OBSERVED_PRESENT polls=1 in 17ms
2026-07-04 03:05:37 INFO  DataIntegrityRuntime:351 - DataIntegrity[benign-26][ss-b-address-create]: baseline captured, fresh key {street=mist-3a6fe8993846, number=mist-38b813401009}
2026-07-04 03:05:37 INFO  DataIntegrityRuntime:634 - DataIntegrity[benign-26][ss-b-address-create]: acked=true X-present=true gate=OBSERVED_PRESENT polls=1 in 18ms
2026-07-04 03:05:44 INFO  DataIntegrityRuntime:351 - DataIntegrity[benign-26][ss-b-address-create]: baseline captured, fresh key {street=mist-3504706c775f, number=mist-9711cef98c99}
2026-07-04 03:05:44 INFO  DataIntegrityRuntime:634 - DataIntegrity[benign-26][ss-b-address-create]: acked=true X-present=true gate=OBSERVED_PRESENT polls=1 in 19ms
2026-07-04 03:05:46 INFO  DataIntegrityRuntime:351 - DataIntegrity[benign-26][ss-b-address-create]: baseline captured, fresh key {street=mist-0905a3a2f245, number=mist-8b9340a48bf0}
2026-07-04 03:05:46 INFO  DataIntegrityRuntime:634 - DataIntegrity[benign-26][ss-b-address-create]: acked=true X-present=true gate=OBSERVED_PRESENT polls=1 in 20ms
2026-07-04 03:05:47 INFO  DataIntegrityRuntime:351 - DataIntegrity[benign-26][ss-b-address-create]: baseline captured, fresh key {street=mist-c3f44d6cc60f, number=mist-5a86fab2ab49}
2026-07-04 03:05:47 INFO  DataIntegrityRuntime:634 - DataIntegrity[benign-26][ss-b-address-create]: acked=true X-present=true gate=OBSERVED_PRESENT polls=1 in 21ms
2026-07-04 03:05:49 INFO  DataIntegrityRuntime:351 - DataIntegrity[benign-26][ss-b-address-create]: baseline captured, fresh key {street=mist-62eea139ee63, number=mist-98d4fc9caacc}
2026-07-04 03:05:49 INFO  DataIntegrityRuntime:634 - DataIntegrity[benign-26][ss-b-address-create]: acked=true X-present=true gate=OBSERVED_PRESENT polls=1 in 20ms
2026-07-04 03:05:51 INFO  DataIntegrityRuntime:351 - DataIntegrity[benign-26][ss-b-address-create]: baseline captured, fresh key {street=mist-8aeb7e32f7c0, number=mist-1e7c25e41b7e}
2026-07-04 03:05:51 INFO  DataIntegrityRuntime:634 - DataIntegrity[benign-26][ss-b-address-create]: acked=true X-present=true gate=OBSERVED_PRESENT polls=1 in 19ms
2026-07-04 03:05:53 INFO  DataIntegrityRuntime:351 - DataIntegrity[benign-26][ss-b-address-create]: baseline captured, fresh key {street=mist-34402e0cb34c, number=mist-68ee950b0144}
2026-07-04 03:05:53 INFO  DataIntegrityRuntime:634 - DataIntegrity[benign-26][ss-b-address-create]: acked=true X-present=true gate=OBSERVED_PRESENT polls=1 in 20ms
2026-07-04 03:05:54 INFO  DataIntegrityRuntime:351 - DataIntegrity[benign-26][ss-b-address-create]: baseline captured, fresh key {street=mist-856200344b1a, number=mist-98b1481f5776}
2026-07-04 03:05:54 INFO  DataIntegrityRuntime:634 - DataIntegrity[benign-26][ss-b-address-create]: acked=true X-present=true gate=OBSERVED_PRESENT polls=1 in 15ms
2026-07-04 03:05:57 INFO  DataIntegrityRuntime:351 - DataIntegrity[benign-26][ss-b-address-create]: baseline captured, fresh key {street=mist-43b16768f569, number=mist-e21528fbf8a2}
2026-07-04 03:05:57 INFO  DataIntegrityRuntime:634 - DataIntegrity[benign-26][ss-b-address-create]: acked=true X-present=true gate=OBSERVED_PRESENT polls=1 in 17ms
2026-07-04 03:05:59 INFO  DataIntegrityRuntime:351 - DataIntegrity[benign-26][ss-b-address-create]: baseline captured, fresh key {street=mist-a445f9becb3d, number=mist-e7ee6ded6236}
2026-07-04 03:05:59 INFO  DataIntegrityRuntime:634 - DataIntegrity[benign-26][ss-b-address-create]: acked=true X-present=true gate=OBSERVED_PRESENT polls=1 in 15ms
2026-07-04 03:06:02 INFO  DataIntegrityRuntime:351 - DataIntegrity[benign-26][ss-b-address-create]: baseline captured, fresh key {street=mist-064f4ccfb3ce, number=mist-2694d5396af0}
2026-07-04 03:06:02 INFO  DataIntegrityRuntime:634 - DataIntegrity[benign-26][ss-b-address-create]: acked=true X-present=true gate=OBSERVED_PRESENT polls=1 in 15ms
2026-07-04 03:06:04 INFO  DataIntegrityRuntime:351 - DataIntegrity[benign-26][ss-b-address-create]: baseline captured, fresh key {street=mist-5ec1eec8ed65, number=mist-92adf414511b}
2026-07-04 03:06:04 INFO  DataIntegrityRuntime:634 - DataIntegrity[benign-26][ss-b-address-create]: acked=true X-present=true gate=OBSERVED_PRESENT polls=1 in 15ms
2026-07-04 03:06:07 INFO  DataIntegrityRuntime:351 - DataIntegrity[benign-26][ss-b-address-create]: baseline captured, fresh key {street=mist-59835f6fce62, number=mist-0212bd708fe9}
2026-07-04 03:06:07 INFO  DataIntegrityRuntime:634 - DataIntegrity[benign-26][ss-b-address-create]: acked=true X-present=true gate=OBSERVED_PRESENT polls=1 in 15ms
2026-07-04 03:06:08 INFO  DataIntegrityRuntime:351 - DataIntegrity[benign-26][ss-b-address-create]: baseline captured, fresh key {street=mist-9f007c27cbb9, number=mist-d06fc4c5f995}
2026-07-04 03:06:08 INFO  DataIntegrityRuntime:634 - DataIntegrity[benign-26][ss-b-address-create]: acked=true X-present=true gate=OBSERVED_PRESENT polls=1 in 17ms
2026-07-04 03:06:10 INFO  DataIntegrityRuntime:351 - DataIntegrity[benign-26][ss-b-address-create]: baseline captured, fresh key {street=mist-c15b2a763b49, number=mist-27acb6e340f4}
2026-07-04 03:06:10 INFO  DataIntegrityRuntime:634 - DataIntegrity[benign-26][ss-b-address-create]: acked=true X-present=true gate=OBSERVED_PRESENT polls=1 in 19ms
2026-07-04 03:06:13 INFO  DataIntegrityRuntime:351 - DataIntegrity[benign-26][ss-b-address-create]: baseline captured, fresh key {street=mist-d653a876e6cb, number=mist-146da1cb55dd}
2026-07-04 03:06:13 INFO  DataIntegrityRuntime:634 - DataIntegrity[benign-26][ss-b-address-create]: acked=true X-present=true gate=OBSERVED_PRESENT polls=1 in 16ms
2026-07-04 03:06:14 INFO  DataIntegrityRuntime:351 - DataIntegrity[benign-26][ss-b-address-create]: baseline captured, fresh key {street=mist-2a5be046a4da, number=mist-e738cf8b55ea}
2026-07-04 03:06:14 INFO  DataIntegrityRuntime:634 - DataIntegrity[benign-26][ss-b-address-create]: acked=true X-present=true gate=OBSERVED_PRESENT polls=1 in 19ms
2026-07-04 03:06:15 INFO  DataIntegrityRuntime:351 - DataIntegrity[benign-26][ss-b-address-create]: baseline captured, fresh key {street=mist-1f55f73c9c68, number=mist-778023a536e2}
2026-07-04 03:06:16 INFO  DataIntegrityRuntime:634 - DataIntegrity[benign-26][ss-b-address-create]: acked=true X-present=true gate=OBSERVED_PRESENT polls=1 in 19ms
2026-07-04 03:06:17 INFO  DataIntegrityRuntime:351 - DataIntegrity[benign-26][ss-b-address-create]: baseline captured, fresh key {street=mist-afd5b38e69a1, number=mist-07f14512b684}
2026-07-04 03:06:17 INFO  DataIntegrityRuntime:634 - DataIntegrity[benign-26][ss-b-address-create]: acked=true X-present=true gate=OBSERVED_PRESENT polls=1 in 17ms
2026-07-04 03:06:19 INFO  DataIntegrityRuntime:351 - DataIntegrity[benign-26][ss-b-card-create]: baseline captured, fresh key {longNum=mist-506b39e78e41}
2026-07-04 03:06:19 INFO  DataIntegrityRuntime:634 - DataIntegrity[benign-26][ss-b-card-create]: acked=true X-present=true gate=OBSERVED_PRESENT polls=1 in 15ms
2026-07-04 03:06:21 INFO  DataIntegrityRuntime:351 - DataIntegrity[benign-26][ss-b-card-create]: baseline captured, fresh key {longNum=mist-8c56fdf39139}
2026-07-04 03:06:21 INFO  DataIntegrityRuntime:634 - DataIntegrity[benign-26][ss-b-card-create]: acked=true X-present=true gate=OBSERVED_PRESENT polls=1 in 14ms
2026-07-04 03:06:22 INFO  DataIntegrityRuntime:351 - DataIntegrity[benign-26][ss-b-card-create]: baseline captured, fresh key {longNum=mist-caa79b4ed453}
2026-07-04 03:06:22 INFO  DataIntegrityRuntime:634 - DataIntegrity[benign-26][ss-b-card-create]: acked=true X-present=true gate=OBSERVED_PRESENT polls=1 in 13ms
2026-07-04 03:06:24 INFO  DataIntegrityRuntime:351 - DataIntegrity[benign-26][ss-b-card-create]: baseline captured, fresh key {longNum=mist-385815b3147d}
2026-07-04 03:06:24 INFO  DataIntegrityRuntime:634 - DataIntegrity[benign-26][ss-b-card-create]: acked=true X-present=true gate=OBSERVED_PRESENT polls=1 in 14ms
2026-07-04 03:06:26 INFO  DataIntegrityRuntime:351 - DataIntegrity[benign-26][ss-b-card-create]: baseline captured, fresh key {longNum=mist-d618f93d71b0}
2026-07-04 03:06:26 INFO  DataIntegrityRuntime:634 - DataIntegrity[benign-26][ss-b-card-create]: acked=true X-present=true gate=OBSERVED_PRESENT polls=1 in 15ms
2026-07-04 03:06:28 INFO  DataIntegrityRuntime:351 - DataIntegrity[benign-26][ss-b-card-create]: baseline captured, fresh key {longNum=mist-4651f602b6c3}
2026-07-04 03:06:28 INFO  DataIntegrityRuntime:634 - DataIntegrity[benign-26][ss-b-card-create]: acked=true X-present=true gate=OBSERVED_PRESENT polls=1 in 14ms
2026-07-04 03:06:30 INFO  DataIntegrityRuntime:351 - DataIntegrity[benign-26][ss-b-card-create]: baseline captured, fresh key {longNum=mist-48280e81e8eb}
2026-07-04 03:06:30 INFO  DataIntegrityRuntime:634 - DataIntegrity[benign-26][ss-b-card-create]: acked=true X-present=true gate=OBSERVED_PRESENT polls=1 in 14ms
2026-07-04 03:06:32 INFO  DataIntegrityRuntime:351 - DataIntegrity[benign-26][ss-b-card-create]: baseline captured, fresh key {longNum=mist-2f77bdf75e91}
2026-07-04 03:06:32 INFO  DataIntegrityRuntime:634 - DataIntegrity[benign-26][ss-b-card-create]: acked=true X-present=true gate=OBSERVED_PRESENT polls=1 in 14ms
2026-07-04 03:06:34 INFO  DataIntegrityRuntime:351 - DataIntegrity[benign-26][ss-b-card-create]: baseline captured, fresh key {longNum=mist-296fe2f9060f}
2026-07-04 03:06:34 INFO  DataIntegrityRuntime:634 - DataIntegrity[benign-26][ss-b-card-create]: acked=true X-present=true gate=OBSERVED_PRESENT polls=1 in 13ms
2026-07-04 03:06:35 INFO  DataIntegrityRuntime:351 - DataIntegrity[benign-26][ss-b-card-create]: baseline captured, fresh key {longNum=mist-b095d3f007f0}
2026-07-04 03:06:35 INFO  DataIntegrityRuntime:634 - DataIntegrity[benign-26][ss-b-card-create]: acked=true X-present=true gate=OBSERVED_PRESENT polls=1 in 17ms
2026-07-04 03:06:38 INFO  DataIntegrityRuntime:351 - DataIntegrity[benign-26][ss-b-card-create]: baseline captured, fresh key {longNum=mist-f6ba3ee15da6}
2026-07-04 03:06:38 INFO  DataIntegrityRuntime:634 - DataIntegrity[benign-26][ss-b-card-create]: acked=true X-present=true gate=OBSERVED_PRESENT polls=1 in 15ms
2026-07-04 03:06:39 INFO  DataIntegrityRuntime:351 - DataIntegrity[benign-26][ss-b-card-create]: baseline captured, fresh key {longNum=mist-f2377a6d9477}
2026-07-04 03:06:39 INFO  DataIntegrityRuntime:634 - DataIntegrity[benign-26][ss-b-card-create]: acked=true X-present=true gate=OBSERVED_PRESENT polls=1 in 14ms
2026-07-04 03:06:41 INFO  DataIntegrityRuntime:351 - DataIntegrity[benign-26][ss-b-card-create]: baseline captured, fresh key {longNum=mist-aebdfbc4319c}
2026-07-04 03:06:41 INFO  DataIntegrityRuntime:634 - DataIntegrity[benign-26][ss-b-card-create]: acked=true X-present=true gate=OBSERVED_PRESENT polls=1 in 15ms
2026-07-04 03:06:44 INFO  DataIntegrityRuntime:351 - DataIntegrity[benign-26][ss-b-card-create]: baseline captured, fresh key {longNum=mist-10c4ce542a06}
2026-07-04 03:06:44 INFO  DataIntegrityRuntime:634 - DataIntegrity[benign-26][ss-b-card-create]: acked=true X-present=true gate=OBSERVED_PRESENT polls=1 in 15ms
2026-07-04 03:06:45 INFO  DataIntegrityRuntime:351 - DataIntegrity[benign-26][ss-b-card-create]: baseline captured, fresh key {longNum=mist-3fafb684c8d2}
2026-07-04 03:06:45 INFO  DataIntegrityRuntime:634 - DataIntegrity[benign-26][ss-b-card-create]: acked=true X-present=true gate=OBSERVED_PRESENT polls=1 in 14ms
2026-07-04 03:06:47 INFO  DataIntegrityRuntime:351 - DataIntegrity[benign-26][ss-b-card-create]: baseline captured, fresh key {longNum=mist-a03ce611409f}
2026-07-04 03:06:47 INFO  DataIntegrityRuntime:634 - DataIntegrity[benign-26][ss-b-card-create]: acked=true X-present=true gate=OBSERVED_PRESENT polls=1 in 14ms
2026-07-04 03:06:49 INFO  DataIntegrityRuntime:351 - DataIntegrity[benign-26][ss-b-card-create]: baseline captured, fresh key {longNum=mist-e094a88b1da1}
2026-07-04 03:06:49 INFO  DataIntegrityRuntime:634 - DataIntegrity[benign-26][ss-b-card-create]: acked=true X-present=true gate=OBSERVED_PRESENT polls=1 in 13ms
2026-07-04 03:06:51 INFO  DataIntegrityRuntime:351 - DataIntegrity[benign-26][ss-b-card-create]: baseline captured, fresh key {longNum=mist-ca6af59a6576}
2026-07-04 03:06:51 INFO  DataIntegrityRuntime:634 - DataIntegrity[benign-26][ss-b-card-create]: acked=true X-present=true gate=OBSERVED_PRESENT polls=1 in 15ms
2026-07-04 03:06:54 INFO  DataIntegrityRuntime:351 - DataIntegrity[benign-26][ss-b-card-create]: baseline captured, fresh key {longNum=mist-bdc830f4d39a}
2026-07-04 03:06:54 INFO  DataIntegrityRuntime:634 - DataIntegrity[benign-26][ss-b-card-create]: acked=true X-present=true gate=OBSERVED_PRESENT polls=1 in 15ms
2026-07-04 03:06:56 INFO  DataIntegrityRuntime:351 - DataIntegrity[benign-26][ss-b-card-create]: baseline captured, fresh key {longNum=mist-38a9bc1b2d71}
2026-07-04 03:06:56 INFO  DataIntegrityRuntime:634 - DataIntegrity[benign-26][ss-b-card-create]: acked=true X-present=true gate=OBSERVED_PRESENT polls=1 in 15ms
2026-07-04 03:07:00 INFO  DataIntegrityRuntime:351 - DataIntegrity[benign-27][ss-b-address-create]: baseline captured, fresh key {street=mist-7f8f6a349411, number=mist-94203964f2aa}
2026-07-04 03:07:00 INFO  DataIntegrityRuntime:634 - DataIntegrity[benign-27][ss-b-address-create]: acked=true X-present=true gate=OBSERVED_PRESENT polls=1 in 19ms
2026-07-04 03:07:02 INFO  DataIntegrityRuntime:351 - DataIntegrity[benign-27][ss-b-address-create]: baseline captured, fresh key {street=mist-7a6395ad202a, number=mist-b512b985b9d0}
2026-07-04 03:07:02 INFO  DataIntegrityRuntime:634 - DataIntegrity[benign-27][ss-b-address-create]: acked=true X-present=true gate=OBSERVED_PRESENT polls=1 in 18ms
2026-07-04 03:07:04 INFO  DataIntegrityRuntime:351 - DataIntegrity[benign-27][ss-b-address-create]: baseline captured, fresh key {street=mist-372cad627767, number=mist-f19f496d6243}
2026-07-04 03:07:04 INFO  DataIntegrityRuntime:634 - DataIntegrity[benign-27][ss-b-address-create]: acked=true X-present=true gate=OBSERVED_PRESENT polls=1 in 20ms
2026-07-04 03:07:06 INFO  DataIntegrityRuntime:351 - DataIntegrity[benign-27][ss-b-address-create]: baseline captured, fresh key {street=mist-5249fc9287aa, number=mist-381ca55129ae}
2026-07-04 03:07:06 INFO  DataIntegrityRuntime:634 - DataIntegrity[benign-27][ss-b-address-create]: acked=true X-present=true gate=OBSERVED_PRESENT polls=1 in 17ms
2026-07-04 03:07:08 INFO  DataIntegrityRuntime:351 - DataIntegrity[benign-27][ss-b-address-create]: baseline captured, fresh key {street=mist-7389c8c8da41, number=mist-ed49ca6b8051}
2026-07-04 03:07:08 INFO  DataIntegrityRuntime:634 - DataIntegrity[benign-27][ss-b-address-create]: acked=true X-present=true gate=OBSERVED_PRESENT polls=1 in 19ms
2026-07-04 03:07:10 INFO  DataIntegrityRuntime:351 - DataIntegrity[benign-27][ss-b-address-create]: baseline captured, fresh key {street=mist-ce9e302c778f, number=mist-bce645d233fa}
2026-07-04 03:07:10 INFO  DataIntegrityRuntime:634 - DataIntegrity[benign-27][ss-b-address-create]: acked=true X-present=true gate=OBSERVED_PRESENT polls=1 in 17ms
2026-07-04 03:07:11 INFO  DataIntegrityRuntime:351 - DataIntegrity[benign-27][ss-b-address-create]: baseline captured, fresh key {street=mist-1e27803461ef, number=mist-bfa02944a61f}
2026-07-04 03:07:11 INFO  DataIntegrityRuntime:634 - DataIntegrity[benign-27][ss-b-address-create]: acked=true X-present=true gate=OBSERVED_PRESENT polls=1 in 18ms
2026-07-04 03:07:13 INFO  DataIntegrityRuntime:351 - DataIntegrity[benign-27][ss-b-address-create]: baseline captured, fresh key {street=mist-67d75f898405, number=mist-148d81b547c6}
2026-07-04 03:07:13 INFO  DataIntegrityRuntime:634 - DataIntegrity[benign-27][ss-b-address-create]: acked=true X-present=true gate=OBSERVED_PRESENT polls=1 in 15ms
2026-07-04 03:07:16 INFO  DataIntegrityRuntime:351 - DataIntegrity[benign-27][ss-b-address-create]: baseline captured, fresh key {street=mist-d95a8c19b23c, number=mist-a31c4df6a341}
2026-07-04 03:07:16 INFO  DataIntegrityRuntime:634 - DataIntegrity[benign-27][ss-b-address-create]: acked=true X-present=true gate=OBSERVED_PRESENT polls=1 in 17ms
2026-07-04 03:07:17 INFO  DataIntegrityRuntime:351 - DataIntegrity[benign-27][ss-b-address-create]: baseline captured, fresh key {street=mist-98c6810d2e50, number=mist-6506a66644a0}
2026-07-04 03:07:17 INFO  DataIntegrityRuntime:634 - DataIntegrity[benign-27][ss-b-address-create]: acked=true X-present=true gate=OBSERVED_PRESENT polls=1 in 17ms
2026-07-04 03:07:20 INFO  DataIntegrityRuntime:351 - DataIntegrity[benign-27][ss-b-address-create]: baseline captured, fresh key {street=mist-62a37c4b9c54, number=mist-c8bdaef2d075}
2026-07-04 03:07:20 INFO  DataIntegrityRuntime:634 - DataIntegrity[benign-27][ss-b-address-create]: acked=true X-present=true gate=OBSERVED_PRESENT polls=1 in 18ms
2026-07-04 03:07:21 INFO  DataIntegrityRuntime:351 - DataIntegrity[benign-27][ss-b-address-create]: baseline captured, fresh key {street=mist-e94148e2ebfa, number=mist-8221cd262aa7}
2026-07-04 03:07:21 INFO  DataIntegrityRuntime:634 - DataIntegrity[benign-27][ss-b-address-create]: acked=true X-present=true gate=OBSERVED_PRESENT polls=1 in 18ms
2026-07-04 03:07:23 INFO  DataIntegrityRuntime:351 - DataIntegrity[benign-27][ss-b-address-create]: baseline captured, fresh key {street=mist-e7c97892d7d6, number=mist-dd6d822805eb}
2026-07-04 03:07:23 INFO  DataIntegrityRuntime:634 - DataIntegrity[benign-27][ss-b-address-create]: acked=true X-present=true gate=OBSERVED_PRESENT polls=1 in 17ms
2026-07-04 03:07:25 INFO  DataIntegrityRuntime:351 - DataIntegrity[benign-27][ss-b-address-create]: baseline captured, fresh key {street=mist-fc3a4fe0421e, number=mist-8c7ff53b5c33}
2026-07-04 03:07:25 INFO  DataIntegrityRuntime:634 - DataIntegrity[benign-27][ss-b-address-create]: acked=true X-present=true gate=OBSERVED_PRESENT polls=1 in 18ms
2026-07-04 03:07:27 INFO  DataIntegrityRuntime:351 - DataIntegrity[benign-27][ss-b-address-create]: baseline captured, fresh key {street=mist-49f9191c4b8a, number=mist-15e3396d405e}
2026-07-04 03:07:27 INFO  DataIntegrityRuntime:634 - DataIntegrity[benign-27][ss-b-address-create]: acked=true X-present=true gate=OBSERVED_PRESENT polls=1 in 16ms
2026-07-04 03:07:30 INFO  DataIntegrityRuntime:351 - DataIntegrity[benign-27][ss-b-address-create]: baseline captured, fresh key {street=mist-16049e4c8bd7, number=mist-1011a9b433f0}
2026-07-04 03:07:30 INFO  DataIntegrityRuntime:634 - DataIntegrity[benign-27][ss-b-address-create]: acked=true X-present=true gate=OBSERVED_PRESENT polls=1 in 21ms
2026-07-04 03:07:32 INFO  DataIntegrityRuntime:351 - DataIntegrity[benign-27][ss-b-address-create]: baseline captured, fresh key {street=mist-903627bb9dd0, number=mist-0d305d7c8482}
2026-07-04 03:07:32 INFO  DataIntegrityRuntime:634 - DataIntegrity[benign-27][ss-b-address-create]: acked=true X-present=true gate=OBSERVED_PRESENT polls=1 in 15ms
2026-07-04 03:07:33 INFO  DataIntegrityRuntime:351 - DataIntegrity[benign-27][ss-b-address-create]: baseline captured, fresh key {street=mist-24f5bbe99939, number=mist-e5b0b79e5409}
2026-07-04 03:07:33 INFO  DataIntegrityRuntime:634 - DataIntegrity[benign-27][ss-b-address-create]: acked=true X-present=true gate=OBSERVED_PRESENT polls=1 in 23ms
2026-07-04 03:07:35 INFO  DataIntegrityRuntime:351 - DataIntegrity[benign-27][ss-b-address-create]: baseline captured, fresh key {street=mist-158a318327be, number=mist-c8f9974a29d8}
2026-07-04 03:07:35 INFO  DataIntegrityRuntime:634 - DataIntegrity[benign-27][ss-b-address-create]: acked=true X-present=true gate=OBSERVED_PRESENT polls=1 in 14ms
2026-07-04 03:07:37 INFO  DataIntegrityRuntime:351 - DataIntegrity[benign-27][ss-b-address-create]: baseline captured, fresh key {street=mist-8fed5b62f1db, number=mist-96ffe7d8168f}
2026-07-04 03:07:37 INFO  DataIntegrityRuntime:634 - DataIntegrity[benign-27][ss-b-address-create]: acked=true X-present=true gate=OBSERVED_PRESENT polls=1 in 15ms
2026-07-04 03:07:38 INFO  DataIntegrityRuntime:351 - DataIntegrity[benign-27][ss-b-card-create]: baseline captured, fresh key {longNum=mist-de17c62c406c}
2026-07-04 03:07:38 INFO  DataIntegrityRuntime:634 - DataIntegrity[benign-27][ss-b-card-create]: acked=true X-present=true gate=OBSERVED_PRESENT polls=1 in 14ms
2026-07-04 03:07:45 INFO  DataIntegrityRuntime:351 - DataIntegrity[benign-27][ss-b-card-create]: baseline captured, fresh key {longNum=mist-baecb5d8abab}
2026-07-04 03:07:45 INFO  DataIntegrityRuntime:634 - DataIntegrity[benign-27][ss-b-card-create]: acked=true X-present=true gate=OBSERVED_PRESENT polls=1 in 15ms
2026-07-04 03:07:50 INFO  DataIntegrityRuntime:351 - DataIntegrity[benign-27][ss-b-card-create]: baseline captured, fresh key {longNum=mist-9c83e028296f}
2026-07-04 03:07:50 INFO  DataIntegrityRuntime:634 - DataIntegrity[benign-27][ss-b-card-create]: acked=true X-present=true gate=OBSERVED_PRESENT polls=1 in 13ms
2026-07-04 03:07:54 INFO  DataIntegrityRuntime:351 - DataIntegrity[benign-27][ss-b-card-create]: baseline captured, fresh key {longNum=mist-c4d0aa74a6c8}
2026-07-04 03:07:54 INFO  DataIntegrityRuntime:634 - DataIntegrity[benign-27][ss-b-card-create]: acked=true X-present=true gate=OBSERVED_PRESENT polls=1 in 13ms
2026-07-04 03:08:01 INFO  DataIntegrityRuntime:351 - DataIntegrity[benign-27][ss-b-card-create]: baseline captured, fresh key {longNum=mist-c0876325a298}
2026-07-04 03:08:01 INFO  DataIntegrityRuntime:634 - DataIntegrity[benign-27][ss-b-card-create]: acked=true X-present=true gate=OBSERVED_PRESENT polls=1 in 15ms
2026-07-04 03:08:05 INFO  DataIntegrityRuntime:351 - DataIntegrity[benign-27][ss-b-card-create]: baseline captured, fresh key {longNum=mist-d1c6caccbda1}
2026-07-04 03:08:05 INFO  DataIntegrityRuntime:634 - DataIntegrity[benign-27][ss-b-card-create]: acked=true X-present=true gate=OBSERVED_PRESENT polls=1 in 14ms
2026-07-04 03:08:10 INFO  DataIntegrityRuntime:351 - DataIntegrity[benign-27][ss-b-card-create]: baseline captured, fresh key {longNum=mist-cba845bee68f}
2026-07-04 03:08:10 INFO  DataIntegrityRuntime:634 - DataIntegrity[benign-27][ss-b-card-create]: acked=true X-present=true gate=OBSERVED_PRESENT polls=1 in 14ms
2026-07-04 03:08:15 INFO  DataIntegrityRuntime:351 - DataIntegrity[benign-27][ss-b-card-create]: baseline captured, fresh key {longNum=mist-b9fd6f877b79}
2026-07-04 03:08:15 INFO  DataIntegrityRuntime:634 - DataIntegrity[benign-27][ss-b-card-create]: acked=true X-present=true gate=OBSERVED_PRESENT polls=1 in 14ms
2026-07-04 03:08:21 INFO  DataIntegrityRuntime:351 - DataIntegrity[benign-27][ss-b-card-create]: baseline captured, fresh key {longNum=mist-bcffdd5576d8}
2026-07-04 03:08:21 INFO  DataIntegrityRuntime:634 - DataIntegrity[benign-27][ss-b-card-create]: acked=true X-present=true gate=OBSERVED_PRESENT polls=1 in 13ms
2026-07-04 03:08:26 INFO  DataIntegrityRuntime:351 - DataIntegrity[benign-27][ss-b-card-create]: baseline captured, fresh key {longNum=mist-d300e5d8a2a4}
2026-07-04 03:08:26 INFO  DataIntegrityRuntime:634 - DataIntegrity[benign-27][ss-b-card-create]: acked=true X-present=true gate=OBSERVED_PRESENT polls=1 in 16ms
2026-07-04 03:08:31 INFO  DataIntegrityRuntime:351 - DataIntegrity[benign-27][ss-b-card-create]: baseline captured, fresh key {longNum=mist-dd607eee61c4}
2026-07-04 03:08:31 INFO  DataIntegrityRuntime:634 - DataIntegrity[benign-27][ss-b-card-create]: acked=true X-present=true gate=OBSERVED_PRESENT polls=1 in 14ms
2026-07-04 03:08:33 INFO  DataIntegrityRuntime:351 - DataIntegrity[benign-27][ss-b-card-create]: baseline captured, fresh key {longNum=mist-a560be87dcd3}
2026-07-04 03:08:33 INFO  DataIntegrityRuntime:634 - DataIntegrity[benign-27][ss-b-card-create]: acked=true X-present=true gate=OBSERVED_PRESENT polls=1 in 14ms
2026-07-04 03:08:34 INFO  DataIntegrityRuntime:351 - DataIntegrity[benign-27][ss-b-card-create]: baseline captured, fresh key {longNum=mist-546ce9b4f6e7}
2026-07-04 03:08:34 INFO  DataIntegrityRuntime:634 - DataIntegrity[benign-27][ss-b-card-create]: acked=true X-present=true gate=OBSERVED_PRESENT polls=1 in 18ms
2026-07-04 03:08:36 INFO  DataIntegrityRuntime:351 - DataIntegrity[benign-27][ss-b-card-create]: baseline captured, fresh key {longNum=mist-44eb03d149f1}
2026-07-04 03:08:36 INFO  DataIntegrityRuntime:634 - DataIntegrity[benign-27][ss-b-card-create]: acked=true X-present=true gate=OBSERVED_PRESENT polls=1 in 14ms
2026-07-04 03:08:38 INFO  DataIntegrityRuntime:351 - DataIntegrity[benign-27][ss-b-card-create]: baseline captured, fresh key {longNum=mist-63a980f51ace}
2026-07-04 03:08:38 INFO  DataIntegrityRuntime:634 - DataIntegrity[benign-27][ss-b-card-create]: acked=true X-present=true gate=OBSERVED_PRESENT polls=1 in 14ms
2026-07-04 03:08:40 INFO  DataIntegrityRuntime:351 - DataIntegrity[benign-27][ss-b-card-create]: baseline captured, fresh key {longNum=mist-55ee3d2bd641}
2026-07-04 03:08:40 INFO  DataIntegrityRuntime:634 - DataIntegrity[benign-27][ss-b-card-create]: acked=true X-present=true gate=OBSERVED_PRESENT polls=1 in 17ms
2026-07-04 03:08:42 INFO  DataIntegrityRuntime:351 - DataIntegrity[benign-27][ss-b-card-create]: baseline captured, fresh key {longNum=mist-bed47e187055}
2026-07-04 03:08:42 INFO  DataIntegrityRuntime:634 - DataIntegrity[benign-27][ss-b-card-create]: acked=true X-present=true gate=OBSERVED_PRESENT polls=1 in 22ms
2026-07-04 03:08:44 INFO  DataIntegrityRuntime:351 - DataIntegrity[benign-27][ss-b-card-create]: baseline captured, fresh key {longNum=mist-2d634c3ef7a8}
2026-07-04 03:08:44 INFO  DataIntegrityRuntime:634 - DataIntegrity[benign-27][ss-b-card-create]: acked=true X-present=true gate=OBSERVED_PRESENT polls=1 in 15ms
2026-07-04 03:08:46 INFO  DataIntegrityRuntime:351 - DataIntegrity[benign-27][ss-b-card-create]: baseline captured, fresh key {longNum=mist-ba9bfa939ac0}
2026-07-04 03:08:46 INFO  DataIntegrityRuntime:634 - DataIntegrity[benign-27][ss-b-card-create]: acked=true X-present=true gate=OBSERVED_PRESENT polls=1 in 14ms
2026-07-04 03:08:49 INFO  DataIntegrityRuntime:351 - DataIntegrity[benign-27][ss-b-card-create]: baseline captured, fresh key {longNum=mist-74adccd3ce14}
2026-07-04 03:08:49 INFO  DataIntegrityRuntime:634 - DataIntegrity[benign-27][ss-b-card-create]: acked=true X-present=true gate=OBSERVED_PRESENT polls=1 in 15ms
2026-07-04 03:08:52 INFO  DataIntegrityRuntime:351 - DataIntegrity[benign-28][ss-b-address-create]: baseline captured, fresh key {street=mist-65441d95c377, number=mist-cd37c4aac97e}
2026-07-04 03:08:52 INFO  DataIntegrityRuntime:634 - DataIntegrity[benign-28][ss-b-address-create]: acked=true X-present=true gate=OBSERVED_PRESENT polls=1 in 16ms
2026-07-04 03:08:57 INFO  DataIntegrityRuntime:351 - DataIntegrity[benign-28][ss-b-address-create]: baseline captured, fresh key {street=mist-23d821a4fee6, number=mist-c9e5fa93e057}
2026-07-04 03:08:57 INFO  DataIntegrityRuntime:634 - DataIntegrity[benign-28][ss-b-address-create]: acked=true X-present=true gate=OBSERVED_PRESENT polls=1 in 17ms
2026-07-04 03:09:04 INFO  DataIntegrityRuntime:351 - DataIntegrity[benign-28][ss-b-address-create]: baseline captured, fresh key {street=mist-2051a7eb3575, number=mist-56dae1989659}
2026-07-04 03:09:04 INFO  DataIntegrityRuntime:634 - DataIntegrity[benign-28][ss-b-address-create]: acked=true X-present=true gate=OBSERVED_PRESENT polls=1 in 16ms
2026-07-04 03:09:08 INFO  DataIntegrityRuntime:351 - DataIntegrity[benign-28][ss-b-address-create]: baseline captured, fresh key {street=mist-707d7b8a4912, number=mist-cbe046d94411}
2026-07-04 03:09:08 INFO  DataIntegrityRuntime:634 - DataIntegrity[benign-28][ss-b-address-create]: acked=true X-present=true gate=OBSERVED_PRESENT polls=1 in 17ms
2026-07-04 03:09:13 INFO  DataIntegrityRuntime:351 - DataIntegrity[benign-28][ss-b-address-create]: baseline captured, fresh key {street=mist-3de6c3d28c87, number=mist-91b94a297e08}
2026-07-04 03:09:13 INFO  DataIntegrityRuntime:634 - DataIntegrity[benign-28][ss-b-address-create]: acked=true X-present=true gate=OBSERVED_PRESENT polls=1 in 19ms
2026-07-04 03:09:15 INFO  DataIntegrityRuntime:351 - DataIntegrity[benign-28][ss-b-address-create]: baseline captured, fresh key {street=mist-fb589493be58, number=mist-b2349292be1d}
2026-07-04 03:09:15 INFO  DataIntegrityRuntime:634 - DataIntegrity[benign-28][ss-b-address-create]: acked=true X-present=true gate=OBSERVED_PRESENT polls=1 in 16ms
2026-07-04 03:09:16 INFO  DataIntegrityRuntime:351 - DataIntegrity[benign-28][ss-b-address-create]: baseline captured, fresh key {street=mist-96e6c9f586f4, number=mist-48bfeecdcb99}
2026-07-04 03:09:16 INFO  DataIntegrityRuntime:634 - DataIntegrity[benign-28][ss-b-address-create]: acked=true X-present=true gate=OBSERVED_PRESENT polls=1 in 21ms
2026-07-04 03:09:18 INFO  DataIntegrityRuntime:351 - DataIntegrity[benign-28][ss-b-address-create]: baseline captured, fresh key {street=mist-f493ccfa73b8, number=mist-e756f58a24a0}
2026-07-04 03:09:18 INFO  DataIntegrityRuntime:634 - DataIntegrity[benign-28][ss-b-address-create]: acked=true X-present=true gate=OBSERVED_PRESENT polls=1 in 19ms
2026-07-04 03:09:21 INFO  DataIntegrityRuntime:351 - DataIntegrity[benign-28][ss-b-address-create]: baseline captured, fresh key {street=mist-424f48a5645d, number=mist-27f8d54a8262}
2026-07-04 03:09:21 INFO  DataIntegrityRuntime:634 - DataIntegrity[benign-28][ss-b-address-create]: acked=true X-present=true gate=OBSERVED_PRESENT polls=1 in 18ms
2026-07-04 03:09:23 INFO  DataIntegrityRuntime:351 - DataIntegrity[benign-28][ss-b-address-create]: baseline captured, fresh key {street=mist-52de59d0a85f, number=mist-4ecea3a19db8}
2026-07-04 03:09:23 INFO  DataIntegrityRuntime:634 - DataIntegrity[benign-28][ss-b-address-create]: acked=true X-present=true gate=OBSERVED_PRESENT polls=1 in 18ms
2026-07-04 03:09:25 INFO  DataIntegrityRuntime:351 - DataIntegrity[benign-28][ss-b-address-create]: baseline captured, fresh key {street=mist-e4caebcf695d, number=mist-0a8a7a6dee4e}
2026-07-04 03:09:25 INFO  DataIntegrityRuntime:634 - DataIntegrity[benign-28][ss-b-address-create]: acked=true X-present=true gate=OBSERVED_PRESENT polls=1 in 17ms
2026-07-04 03:09:27 INFO  DataIntegrityRuntime:351 - DataIntegrity[benign-28][ss-b-address-create]: baseline captured, fresh key {street=mist-7360f7d0e86d, number=mist-b167e1370691}
2026-07-04 03:09:27 INFO  DataIntegrityRuntime:634 - DataIntegrity[benign-28][ss-b-address-create]: acked=true X-present=true gate=OBSERVED_PRESENT polls=1 in 18ms
2026-07-04 03:09:29 INFO  DataIntegrityRuntime:351 - DataIntegrity[benign-28][ss-b-address-create]: baseline captured, fresh key {street=mist-91d7b761447d, number=mist-62dafec7246d}
2026-07-04 03:09:29 INFO  DataIntegrityRuntime:634 - DataIntegrity[benign-28][ss-b-address-create]: acked=true X-present=true gate=OBSERVED_PRESENT polls=1 in 17ms
2026-07-04 03:09:31 INFO  DataIntegrityRuntime:351 - DataIntegrity[benign-28][ss-b-address-create]: baseline captured, fresh key {street=mist-625e2f4d8b90, number=mist-5cafe6a93e6f}
2026-07-04 03:09:31 INFO  DataIntegrityRuntime:634 - DataIntegrity[benign-28][ss-b-address-create]: acked=true X-present=true gate=OBSERVED_PRESENT polls=1 in 20ms
2026-07-04 03:09:32 INFO  DataIntegrityRuntime:351 - DataIntegrity[benign-28][ss-b-address-create]: baseline captured, fresh key {street=mist-82ed29279e9f, number=mist-c2cc273f3db6}
2026-07-04 03:09:32 INFO  DataIntegrityRuntime:634 - DataIntegrity[benign-28][ss-b-address-create]: acked=true X-present=true gate=OBSERVED_PRESENT polls=1 in 19ms
2026-07-04 03:09:34 INFO  DataIntegrityRuntime:351 - DataIntegrity[benign-28][ss-b-address-create]: baseline captured, fresh key {street=mist-3e7d13b4a6b7, number=mist-28b9258ff9df}
2026-07-04 03:09:34 INFO  DataIntegrityRuntime:634 - DataIntegrity[benign-28][ss-b-address-create]: acked=true X-present=true gate=OBSERVED_PRESENT polls=1 in 17ms
2026-07-04 03:09:36 INFO  DataIntegrityRuntime:351 - DataIntegrity[benign-28][ss-b-address-create]: baseline captured, fresh key {street=mist-b159268e349d, number=mist-d4b17d450791}
2026-07-04 03:09:36 INFO  DataIntegrityRuntime:634 - DataIntegrity[benign-28][ss-b-address-create]: acked=true X-present=true gate=OBSERVED_PRESENT polls=1 in 20ms
2026-07-04 03:09:38 INFO  DataIntegrityRuntime:351 - DataIntegrity[benign-28][ss-b-address-create]: baseline captured, fresh key {street=mist-5f87bc0d5c5f, number=mist-00eac2bc8e56}
2026-07-04 03:09:38 INFO  DataIntegrityRuntime:634 - DataIntegrity[benign-28][ss-b-address-create]: acked=true X-present=true gate=OBSERVED_PRESENT polls=1 in 18ms
2026-07-04 03:09:40 INFO  DataIntegrityRuntime:351 - DataIntegrity[benign-28][ss-b-address-create]: baseline captured, fresh key {street=mist-2ff05f623170, number=mist-cbbe912d1179}
2026-07-04 03:09:40 INFO  DataIntegrityRuntime:634 - DataIntegrity[benign-28][ss-b-address-create]: acked=true X-present=true gate=OBSERVED_PRESENT polls=1 in 22ms
2026-07-04 03:09:43 INFO  DataIntegrityRuntime:351 - DataIntegrity[benign-28][ss-b-address-create]: baseline captured, fresh key {street=mist-73c8b8fc10f8, number=mist-08ef933889ed}
2026-07-04 03:09:43 INFO  DataIntegrityRuntime:634 - DataIntegrity[benign-28][ss-b-address-create]: acked=true X-present=true gate=OBSERVED_PRESENT polls=1 in 17ms
2026-07-04 03:09:45 INFO  DataIntegrityRuntime:351 - DataIntegrity[benign-28][ss-b-card-create]: baseline captured, fresh key {longNum=mist-4fe03977d437}
2026-07-04 03:09:45 INFO  DataIntegrityRuntime:634 - DataIntegrity[benign-28][ss-b-card-create]: acked=true X-present=true gate=OBSERVED_PRESENT polls=1 in 16ms
2026-07-04 03:09:50 INFO  DataIntegrityRuntime:351 - DataIntegrity[benign-28][ss-b-card-create]: baseline captured, fresh key {longNum=mist-eb6e39909eff}
2026-07-04 03:09:50 INFO  DataIntegrityRuntime:634 - DataIntegrity[benign-28][ss-b-card-create]: acked=true X-present=true gate=OBSERVED_PRESENT polls=1 in 13ms
2026-07-04 03:09:56 INFO  DataIntegrityRuntime:351 - DataIntegrity[benign-28][ss-b-card-create]: baseline captured, fresh key {longNum=mist-da26b870afd5}
2026-07-04 03:09:56 INFO  DataIntegrityRuntime:634 - DataIntegrity[benign-28][ss-b-card-create]: acked=true X-present=true gate=OBSERVED_PRESENT polls=1 in 15ms
2026-07-04 03:10:01 INFO  DataIntegrityRuntime:351 - DataIntegrity[benign-28][ss-b-card-create]: baseline captured, fresh key {longNum=mist-0ef7d36a66e4}
2026-07-04 03:10:01 INFO  DataIntegrityRuntime:634 - DataIntegrity[benign-28][ss-b-card-create]: acked=true X-present=true gate=OBSERVED_PRESENT polls=1 in 14ms
2026-07-04 03:10:05 INFO  DataIntegrityRuntime:351 - DataIntegrity[benign-28][ss-b-card-create]: baseline captured, fresh key {longNum=mist-3f8341ac01d7}
2026-07-04 03:10:05 INFO  DataIntegrityRuntime:634 - DataIntegrity[benign-28][ss-b-card-create]: acked=true X-present=true gate=OBSERVED_PRESENT polls=1 in 14ms
2026-07-04 03:10:07 INFO  DataIntegrityRuntime:351 - DataIntegrity[benign-28][ss-b-card-create]: baseline captured, fresh key {longNum=mist-2fb1aec3a0ec}
2026-07-04 03:10:07 INFO  DataIntegrityRuntime:634 - DataIntegrity[benign-28][ss-b-card-create]: acked=true X-present=true gate=OBSERVED_PRESENT polls=1 in 15ms
2026-07-04 03:10:09 INFO  DataIntegrityRuntime:351 - DataIntegrity[benign-28][ss-b-card-create]: baseline captured, fresh key {longNum=mist-35bd137323c2}
2026-07-04 03:10:09 INFO  DataIntegrityRuntime:634 - DataIntegrity[benign-28][ss-b-card-create]: acked=true X-present=true gate=OBSERVED_PRESENT polls=1 in 15ms
2026-07-04 03:10:11 INFO  DataIntegrityRuntime:351 - DataIntegrity[benign-28][ss-b-card-create]: baseline captured, fresh key {longNum=mist-5b5342c1c3f8}
2026-07-04 03:10:11 INFO  DataIntegrityRuntime:634 - DataIntegrity[benign-28][ss-b-card-create]: acked=true X-present=true gate=OBSERVED_PRESENT polls=1 in 14ms
2026-07-04 03:10:13 INFO  DataIntegrityRuntime:351 - DataIntegrity[benign-28][ss-b-card-create]: baseline captured, fresh key {longNum=mist-d0ba91edbcb9}
2026-07-04 03:10:13 INFO  DataIntegrityRuntime:634 - DataIntegrity[benign-28][ss-b-card-create]: acked=true X-present=true gate=OBSERVED_PRESENT polls=1 in 14ms
2026-07-04 03:10:15 INFO  DataIntegrityRuntime:351 - DataIntegrity[benign-28][ss-b-card-create]: baseline captured, fresh key {longNum=mist-e593dfd4f627}
2026-07-04 03:10:15 INFO  DataIntegrityRuntime:634 - DataIntegrity[benign-28][ss-b-card-create]: acked=true X-present=true gate=OBSERVED_PRESENT polls=1 in 13ms
2026-07-04 03:10:16 INFO  DataIntegrityRuntime:351 - DataIntegrity[benign-28][ss-b-card-create]: baseline captured, fresh key {longNum=mist-4fc3bd592acd}
2026-07-04 03:10:16 INFO  DataIntegrityRuntime:634 - DataIntegrity[benign-28][ss-b-card-create]: acked=true X-present=true gate=OBSERVED_PRESENT polls=1 in 15ms
2026-07-04 03:10:18 INFO  DataIntegrityRuntime:351 - DataIntegrity[benign-28][ss-b-card-create]: baseline captured, fresh key {longNum=mist-f24140275a7c}
2026-07-04 03:10:18 INFO  DataIntegrityRuntime:634 - DataIntegrity[benign-28][ss-b-card-create]: acked=true X-present=true gate=OBSERVED_PRESENT polls=1 in 21ms
2026-07-04 03:10:20 INFO  DataIntegrityRuntime:351 - DataIntegrity[benign-28][ss-b-card-create]: baseline captured, fresh key {longNum=mist-d16e6d420c25}
2026-07-04 03:10:20 INFO  DataIntegrityRuntime:634 - DataIntegrity[benign-28][ss-b-card-create]: acked=true X-present=true gate=OBSERVED_PRESENT polls=1 in 16ms
2026-07-04 03:10:21 INFO  DataIntegrityRuntime:351 - DataIntegrity[benign-28][ss-b-card-create]: baseline captured, fresh key {longNum=mist-091996a0f91d}
2026-07-04 03:10:21 INFO  DataIntegrityRuntime:634 - DataIntegrity[benign-28][ss-b-card-create]: acked=true X-present=true gate=OBSERVED_PRESENT polls=1 in 14ms
2026-07-04 03:10:24 INFO  DataIntegrityRuntime:351 - DataIntegrity[benign-28][ss-b-card-create]: baseline captured, fresh key {longNum=mist-d5bd6a8e1048}
2026-07-04 03:10:24 INFO  DataIntegrityRuntime:634 - DataIntegrity[benign-28][ss-b-card-create]: acked=true X-present=true gate=OBSERVED_PRESENT polls=1 in 14ms
2026-07-04 03:10:26 INFO  DataIntegrityRuntime:351 - DataIntegrity[benign-28][ss-b-card-create]: baseline captured, fresh key {longNum=mist-eb5ec876aa46}
2026-07-04 03:10:26 INFO  DataIntegrityRuntime:634 - DataIntegrity[benign-28][ss-b-card-create]: acked=true X-present=true gate=OBSERVED_PRESENT polls=1 in 16ms
2026-07-04 03:10:28 INFO  DataIntegrityRuntime:351 - DataIntegrity[benign-28][ss-b-card-create]: baseline captured, fresh key {longNum=mist-c36456e11977}
2026-07-04 03:10:29 INFO  DataIntegrityRuntime:634 - DataIntegrity[benign-28][ss-b-card-create]: acked=true X-present=true gate=OBSERVED_PRESENT polls=1 in 13ms
2026-07-04 03:10:30 INFO  DataIntegrityRuntime:351 - DataIntegrity[benign-28][ss-b-card-create]: baseline captured, fresh key {longNum=mist-fe889b611eda}
2026-07-04 03:10:30 INFO  DataIntegrityRuntime:634 - DataIntegrity[benign-28][ss-b-card-create]: acked=true X-present=true gate=OBSERVED_PRESENT polls=1 in 15ms
2026-07-04 03:10:32 INFO  DataIntegrityRuntime:351 - DataIntegrity[benign-28][ss-b-card-create]: baseline captured, fresh key {longNum=mist-3c3025f86b8b}
2026-07-04 03:10:32 INFO  DataIntegrityRuntime:634 - DataIntegrity[benign-28][ss-b-card-create]: acked=true X-present=true gate=OBSERVED_PRESENT polls=1 in 22ms
2026-07-04 03:10:34 INFO  DataIntegrityRuntime:351 - DataIntegrity[benign-28][ss-b-card-create]: baseline captured, fresh key {longNum=mist-fa0cdbe71507}
2026-07-04 03:10:34 INFO  DataIntegrityRuntime:634 - DataIntegrity[benign-28][ss-b-card-create]: acked=true X-present=true gate=OBSERVED_PRESENT polls=1 in 15ms
2026-07-04 03:10:36 INFO  DataIntegrityRuntime:351 - DataIntegrity[benign-29][ss-b-address-create]: baseline captured, fresh key {street=mist-01414cb66dee, number=mist-bc1393d23973}
2026-07-04 03:10:36 INFO  DataIntegrityRuntime:634 - DataIntegrity[benign-29][ss-b-address-create]: acked=true X-present=true gate=OBSERVED_PRESENT polls=1 in 18ms
2026-07-04 03:10:37 INFO  DataIntegrityRuntime:351 - DataIntegrity[benign-29][ss-b-address-create]: baseline captured, fresh key {street=mist-553c06a46ad7, number=mist-369ffb792035}
2026-07-04 03:10:37 INFO  DataIntegrityRuntime:634 - DataIntegrity[benign-29][ss-b-address-create]: acked=true X-present=true gate=OBSERVED_PRESENT polls=1 in 18ms
2026-07-04 03:10:40 INFO  DataIntegrityRuntime:351 - DataIntegrity[benign-29][ss-b-address-create]: baseline captured, fresh key {street=mist-c38d2590c6ef, number=mist-2bceeb2061c2}
2026-07-04 03:10:40 INFO  DataIntegrityRuntime:634 - DataIntegrity[benign-29][ss-b-address-create]: acked=true X-present=true gate=OBSERVED_PRESENT polls=1 in 17ms
2026-07-04 03:10:41 INFO  DataIntegrityRuntime:351 - DataIntegrity[benign-29][ss-b-address-create]: baseline captured, fresh key {street=mist-cdd6946f2e44, number=mist-42195410ab86}
2026-07-04 03:10:41 INFO  DataIntegrityRuntime:634 - DataIntegrity[benign-29][ss-b-address-create]: acked=true X-present=true gate=OBSERVED_PRESENT polls=1 in 18ms
2026-07-04 03:10:43 INFO  DataIntegrityRuntime:351 - DataIntegrity[benign-29][ss-b-address-create]: baseline captured, fresh key {street=mist-212d59d5d40b, number=mist-0fccc31fa389}
2026-07-04 03:10:43 INFO  DataIntegrityRuntime:634 - DataIntegrity[benign-29][ss-b-address-create]: acked=true X-present=true gate=OBSERVED_PRESENT polls=1 in 17ms
2026-07-04 03:10:46 INFO  DataIntegrityRuntime:351 - DataIntegrity[benign-29][ss-b-address-create]: baseline captured, fresh key {street=mist-bb434eededf2, number=mist-f0a6cc2940e9}
2026-07-04 03:10:46 INFO  DataIntegrityRuntime:634 - DataIntegrity[benign-29][ss-b-address-create]: acked=true X-present=true gate=OBSERVED_PRESENT polls=1 in 18ms
2026-07-04 03:10:47 INFO  DataIntegrityRuntime:351 - DataIntegrity[benign-29][ss-b-address-create]: baseline captured, fresh key {street=mist-55018c7cdb0e, number=mist-78cf380c0f99}
2026-07-04 03:10:47 INFO  DataIntegrityRuntime:634 - DataIntegrity[benign-29][ss-b-address-create]: acked=true X-present=true gate=OBSERVED_PRESENT polls=1 in 22ms
2026-07-04 03:10:50 INFO  DataIntegrityRuntime:351 - DataIntegrity[benign-29][ss-b-address-create]: baseline captured, fresh key {street=mist-f5b8e6e7f525, number=mist-6c9eb9c6ab7f}
2026-07-04 03:10:50 INFO  DataIntegrityRuntime:634 - DataIntegrity[benign-29][ss-b-address-create]: acked=true X-present=true gate=OBSERVED_PRESENT polls=1 in 17ms
2026-07-04 03:10:51 INFO  DataIntegrityRuntime:351 - DataIntegrity[benign-29][ss-b-address-create]: baseline captured, fresh key {street=mist-41973bf87ece, number=mist-3f37354034ab}
2026-07-04 03:10:52 INFO  DataIntegrityRuntime:634 - DataIntegrity[benign-29][ss-b-address-create]: acked=true X-present=true gate=OBSERVED_PRESENT polls=1 in 17ms
2026-07-04 03:10:53 INFO  DataIntegrityRuntime:351 - DataIntegrity[benign-29][ss-b-address-create]: baseline captured, fresh key {street=mist-ce5738c4adb4, number=mist-adfa49b2b99d}
2026-07-04 03:10:53 INFO  DataIntegrityRuntime:634 - DataIntegrity[benign-29][ss-b-address-create]: acked=true X-present=true gate=OBSERVED_PRESENT polls=1 in 18ms
2026-07-04 03:10:56 INFO  DataIntegrityRuntime:351 - DataIntegrity[benign-29][ss-b-address-create]: baseline captured, fresh key {street=mist-7806834da9fa, number=mist-6f1811b886b1}
2026-07-04 03:10:56 INFO  DataIntegrityRuntime:634 - DataIntegrity[benign-29][ss-b-address-create]: acked=true X-present=true gate=OBSERVED_PRESENT polls=1 in 16ms
2026-07-04 03:10:58 INFO  DataIntegrityRuntime:351 - DataIntegrity[benign-29][ss-b-address-create]: baseline captured, fresh key {street=mist-a7bb424e49e8, number=mist-c62f941dcd7b}
2026-07-04 03:10:58 INFO  DataIntegrityRuntime:634 - DataIntegrity[benign-29][ss-b-address-create]: acked=true X-present=true gate=OBSERVED_PRESENT polls=1 in 18ms
2026-07-04 03:11:00 INFO  DataIntegrityRuntime:351 - DataIntegrity[benign-29][ss-b-address-create]: baseline captured, fresh key {street=mist-ff56c11aabe4, number=mist-94b4b211287e}
2026-07-04 03:11:01 INFO  DataIntegrityRuntime:634 - DataIntegrity[benign-29][ss-b-address-create]: acked=true X-present=true gate=OBSERVED_PRESENT polls=1 in 18ms
2026-07-04 03:11:02 INFO  DataIntegrityRuntime:351 - DataIntegrity[benign-29][ss-b-address-create]: baseline captured, fresh key {street=mist-19c931c32bbe, number=mist-f67d28ff7d9a}
2026-07-04 03:11:02 INFO  DataIntegrityRuntime:634 - DataIntegrity[benign-29][ss-b-address-create]: acked=true X-present=true gate=OBSERVED_PRESENT polls=1 in 17ms
2026-07-04 03:11:04 INFO  DataIntegrityRuntime:351 - DataIntegrity[benign-29][ss-b-address-create]: baseline captured, fresh key {street=mist-9de104e0466f, number=mist-00e5b36901f5}
2026-07-04 03:11:04 INFO  DataIntegrityRuntime:634 - DataIntegrity[benign-29][ss-b-address-create]: acked=true X-present=true gate=OBSERVED_PRESENT polls=1 in 16ms
2026-07-04 03:11:05 INFO  DataIntegrityRuntime:351 - DataIntegrity[benign-29][ss-b-address-create]: baseline captured, fresh key {street=mist-9c6a7a418435, number=mist-b1b670886b51}
2026-07-04 03:11:05 INFO  DataIntegrityRuntime:634 - DataIntegrity[benign-29][ss-b-address-create]: acked=true X-present=true gate=OBSERVED_PRESENT polls=1 in 19ms
2026-07-04 03:11:07 INFO  DataIntegrityRuntime:351 - DataIntegrity[benign-29][ss-b-address-create]: baseline captured, fresh key {street=mist-c4120c2b1744, number=mist-3eddf1ce0a9e}
2026-07-04 03:11:07 INFO  DataIntegrityRuntime:634 - DataIntegrity[benign-29][ss-b-address-create]: acked=true X-present=true gate=OBSERVED_PRESENT polls=1 in 18ms
2026-07-04 03:11:08 INFO  DataIntegrityRuntime:351 - DataIntegrity[benign-29][ss-b-address-create]: baseline captured, fresh key {street=mist-dafc405d48b5, number=mist-8875c7070727}
2026-07-04 03:11:08 INFO  DataIntegrityRuntime:634 - DataIntegrity[benign-29][ss-b-address-create]: acked=true X-present=true gate=OBSERVED_PRESENT polls=1 in 17ms
2026-07-04 03:11:11 INFO  DataIntegrityRuntime:351 - DataIntegrity[benign-29][ss-b-address-create]: baseline captured, fresh key {street=mist-e09e8eb0d124, number=mist-84ee9dfa91d9}
2026-07-04 03:11:11 INFO  DataIntegrityRuntime:634 - DataIntegrity[benign-29][ss-b-address-create]: acked=true X-present=true gate=OBSERVED_PRESENT polls=1 in 18ms
2026-07-04 03:11:12 INFO  DataIntegrityRuntime:351 - DataIntegrity[benign-29][ss-b-address-create]: baseline captured, fresh key {street=mist-5192e03e6c20, number=mist-732b5c9f23b8}
2026-07-04 03:11:12 INFO  DataIntegrityRuntime:634 - DataIntegrity[benign-29][ss-b-address-create]: acked=true X-present=true gate=OBSERVED_PRESENT polls=1 in 24ms
2026-07-04 03:11:14 INFO  DataIntegrityRuntime:351 - DataIntegrity[benign-29][ss-b-card-create]: baseline captured, fresh key {longNum=mist-906a54569d56}
2026-07-04 03:11:14 INFO  DataIntegrityRuntime:634 - DataIntegrity[benign-29][ss-b-card-create]: acked=true X-present=true gate=OBSERVED_PRESENT polls=1 in 16ms
2026-07-04 03:11:15 INFO  DataIntegrityRuntime:351 - DataIntegrity[benign-29][ss-b-card-create]: baseline captured, fresh key {longNum=mist-b515f740c499}
2026-07-04 03:11:15 INFO  DataIntegrityRuntime:634 - DataIntegrity[benign-29][ss-b-card-create]: acked=true X-present=true gate=OBSERVED_PRESENT polls=1 in 14ms
2026-07-04 03:11:17 INFO  DataIntegrityRuntime:351 - DataIntegrity[benign-29][ss-b-card-create]: baseline captured, fresh key {longNum=mist-4e70ca1cd10a}
2026-07-04 03:11:17 INFO  DataIntegrityRuntime:634 - DataIntegrity[benign-29][ss-b-card-create]: acked=true X-present=true gate=OBSERVED_PRESENT polls=1 in 14ms
2026-07-04 03:11:18 INFO  DataIntegrityRuntime:351 - DataIntegrity[benign-29][ss-b-card-create]: baseline captured, fresh key {longNum=mist-27e436cff1b4}
2026-07-04 03:11:18 INFO  DataIntegrityRuntime:634 - DataIntegrity[benign-29][ss-b-card-create]: acked=true X-present=true gate=OBSERVED_PRESENT polls=1 in 14ms
2026-07-04 03:11:20 INFO  DataIntegrityRuntime:351 - DataIntegrity[benign-29][ss-b-card-create]: baseline captured, fresh key {longNum=mist-e5046806930e}
2026-07-04 03:11:20 INFO  DataIntegrityRuntime:634 - DataIntegrity[benign-29][ss-b-card-create]: acked=true X-present=true gate=OBSERVED_PRESENT polls=1 in 16ms
2026-07-04 03:11:22 INFO  DataIntegrityRuntime:351 - DataIntegrity[benign-29][ss-b-card-create]: baseline captured, fresh key {longNum=mist-88618a16165d}
2026-07-04 03:11:22 INFO  DataIntegrityRuntime:634 - DataIntegrity[benign-29][ss-b-card-create]: acked=true X-present=true gate=OBSERVED_PRESENT polls=1 in 15ms
2026-07-04 03:11:23 INFO  DataIntegrityRuntime:351 - DataIntegrity[benign-29][ss-b-card-create]: baseline captured, fresh key {longNum=mist-13b6903b8c44}
2026-07-04 03:11:23 INFO  DataIntegrityRuntime:634 - DataIntegrity[benign-29][ss-b-card-create]: acked=true X-present=true gate=OBSERVED_PRESENT polls=1 in 14ms
2026-07-04 03:11:24 INFO  DataIntegrityRuntime:351 - DataIntegrity[benign-29][ss-b-card-create]: baseline captured, fresh key {longNum=mist-59b900cf0682}
2026-07-04 03:11:24 INFO  DataIntegrityRuntime:634 - DataIntegrity[benign-29][ss-b-card-create]: acked=true X-present=true gate=OBSERVED_PRESENT polls=1 in 14ms
2026-07-04 03:11:27 INFO  DataIntegrityRuntime:351 - DataIntegrity[benign-29][ss-b-card-create]: baseline captured, fresh key {longNum=mist-ae36ca1d1fbb}
2026-07-04 03:11:27 INFO  DataIntegrityRuntime:634 - DataIntegrity[benign-29][ss-b-card-create]: acked=true X-present=true gate=OBSERVED_PRESENT polls=1 in 15ms
2026-07-04 03:11:29 INFO  DataIntegrityRuntime:351 - DataIntegrity[benign-29][ss-b-card-create]: baseline captured, fresh key {longNum=mist-233bbe158504}
2026-07-04 03:11:29 INFO  DataIntegrityRuntime:634 - DataIntegrity[benign-29][ss-b-card-create]: acked=true X-present=true gate=OBSERVED_PRESENT polls=1 in 13ms
2026-07-04 03:11:32 INFO  DataIntegrityRuntime:351 - DataIntegrity[benign-29][ss-b-card-create]: baseline captured, fresh key {longNum=mist-9507a94cdcf5}
2026-07-04 03:11:32 INFO  DataIntegrityRuntime:634 - DataIntegrity[benign-29][ss-b-card-create]: acked=true X-present=true gate=OBSERVED_PRESENT polls=1 in 14ms
2026-07-04 03:11:33 INFO  DataIntegrityRuntime:351 - DataIntegrity[benign-29][ss-b-card-create]: baseline captured, fresh key {longNum=mist-3be9e5f192ee}
2026-07-04 03:11:33 INFO  DataIntegrityRuntime:634 - DataIntegrity[benign-29][ss-b-card-create]: acked=true X-present=true gate=OBSERVED_PRESENT polls=1 in 16ms
2026-07-04 03:11:35 INFO  DataIntegrityRuntime:351 - DataIntegrity[benign-29][ss-b-card-create]: baseline captured, fresh key {longNum=mist-b37a7b94a91c}
2026-07-04 03:11:35 INFO  DataIntegrityRuntime:634 - DataIntegrity[benign-29][ss-b-card-create]: acked=true X-present=true gate=OBSERVED_PRESENT polls=1 in 16ms
2026-07-04 03:11:38 INFO  DataIntegrityRuntime:351 - DataIntegrity[benign-29][ss-b-card-create]: baseline captured, fresh key {longNum=mist-430c2de08f50}
2026-07-04 03:11:38 INFO  DataIntegrityRuntime:634 - DataIntegrity[benign-29][ss-b-card-create]: acked=true X-present=true gate=OBSERVED_PRESENT polls=1 in 15ms
2026-07-04 03:11:39 INFO  DataIntegrityRuntime:351 - DataIntegrity[benign-29][ss-b-card-create]: baseline captured, fresh key {longNum=mist-aa709cf9490d}
2026-07-04 03:11:39 INFO  DataIntegrityRuntime:634 - DataIntegrity[benign-29][ss-b-card-create]: acked=true X-present=true gate=OBSERVED_PRESENT polls=1 in 14ms
2026-07-04 03:11:41 INFO  DataIntegrityRuntime:351 - DataIntegrity[benign-29][ss-b-card-create]: baseline captured, fresh key {longNum=mist-f1a547f404ff}
2026-07-04 03:11:41 INFO  DataIntegrityRuntime:634 - DataIntegrity[benign-29][ss-b-card-create]: acked=true X-present=true gate=OBSERVED_PRESENT polls=1 in 14ms
2026-07-04 03:11:43 INFO  DataIntegrityRuntime:351 - DataIntegrity[benign-29][ss-b-card-create]: baseline captured, fresh key {longNum=mist-8da71bb678f0}
2026-07-04 03:11:43 INFO  DataIntegrityRuntime:634 - DataIntegrity[benign-29][ss-b-card-create]: acked=true X-present=true gate=OBSERVED_PRESENT polls=1 in 17ms
2026-07-04 03:11:44 INFO  DataIntegrityRuntime:351 - DataIntegrity[benign-29][ss-b-card-create]: baseline captured, fresh key {longNum=mist-e3b391dd9f1f}
2026-07-04 03:11:44 INFO  DataIntegrityRuntime:634 - DataIntegrity[benign-29][ss-b-card-create]: acked=true X-present=true gate=OBSERVED_PRESENT polls=1 in 13ms
2026-07-04 03:11:46 INFO  DataIntegrityRuntime:351 - DataIntegrity[benign-29][ss-b-card-create]: baseline captured, fresh key {longNum=mist-82964d533262}
2026-07-04 03:11:46 INFO  DataIntegrityRuntime:634 - DataIntegrity[benign-29][ss-b-card-create]: acked=true X-present=true gate=OBSERVED_PRESENT polls=1 in 16ms
2026-07-04 03:11:48 INFO  DataIntegrityRuntime:351 - DataIntegrity[benign-29][ss-b-card-create]: baseline captured, fresh key {longNum=mist-cc64d868e873}
2026-07-04 03:11:48 INFO  DataIntegrityRuntime:634 - DataIntegrity[benign-29][ss-b-card-create]: acked=true X-present=true gate=OBSERVED_PRESENT polls=1 in 14ms
2026-07-04 03:11:51 INFO  DataIntegrityRuntime:351 - DataIntegrity[benign-30][ss-b-address-create]: baseline captured, fresh key {street=mist-98478d4980fd, number=mist-36174b3e1f39}
2026-07-04 03:11:51 INFO  DataIntegrityRuntime:634 - DataIntegrity[benign-30][ss-b-address-create]: acked=true X-present=true gate=OBSERVED_PRESENT polls=1 in 24ms
2026-07-04 03:11:52 INFO  DataIntegrityRuntime:351 - DataIntegrity[benign-30][ss-b-address-create]: baseline captured, fresh key {street=mist-d9f3ffd02ded, number=mist-740db9a66b9b}
2026-07-04 03:11:52 INFO  DataIntegrityRuntime:634 - DataIntegrity[benign-30][ss-b-address-create]: acked=true X-present=true gate=OBSERVED_PRESENT polls=1 in 24ms
2026-07-04 03:11:54 INFO  DataIntegrityRuntime:351 - DataIntegrity[benign-30][ss-b-address-create]: baseline captured, fresh key {street=mist-3247b8fdbc0e, number=mist-97be81ec3c73}
2026-07-04 03:11:54 INFO  DataIntegrityRuntime:634 - DataIntegrity[benign-30][ss-b-address-create]: acked=true X-present=true gate=OBSERVED_PRESENT polls=1 in 19ms
2026-07-04 03:11:56 INFO  DataIntegrityRuntime:351 - DataIntegrity[benign-30][ss-b-address-create]: baseline captured, fresh key {street=mist-d6ab1442425d, number=mist-f21bc66470c0}
2026-07-04 03:11:56 INFO  DataIntegrityRuntime:634 - DataIntegrity[benign-30][ss-b-address-create]: acked=true X-present=true gate=OBSERVED_PRESENT polls=1 in 17ms
2026-07-04 03:11:58 INFO  DataIntegrityRuntime:351 - DataIntegrity[benign-30][ss-b-address-create]: baseline captured, fresh key {street=mist-4e1db08fc714, number=mist-ba4c5175061d}
2026-07-04 03:11:58 INFO  DataIntegrityRuntime:634 - DataIntegrity[benign-30][ss-b-address-create]: acked=true X-present=true gate=OBSERVED_PRESENT polls=1 in 17ms
2026-07-04 03:12:00 INFO  DataIntegrityRuntime:351 - DataIntegrity[benign-30][ss-b-address-create]: baseline captured, fresh key {street=mist-aebb0d07f5ec, number=mist-734122f47ea2}
2026-07-04 03:12:00 INFO  DataIntegrityRuntime:634 - DataIntegrity[benign-30][ss-b-address-create]: acked=true X-present=true gate=OBSERVED_PRESENT polls=1 in 19ms
2026-07-04 03:12:03 INFO  DataIntegrityRuntime:351 - DataIntegrity[benign-30][ss-b-address-create]: baseline captured, fresh key {street=mist-41cf30db0cca, number=mist-7775b5e460aa}
2026-07-04 03:12:03 INFO  DataIntegrityRuntime:634 - DataIntegrity[benign-30][ss-b-address-create]: acked=true X-present=true gate=OBSERVED_PRESENT polls=1 in 22ms
2026-07-04 03:12:06 INFO  DataIntegrityRuntime:351 - DataIntegrity[benign-30][ss-b-address-create]: baseline captured, fresh key {street=mist-a875e24bf042, number=mist-7ee9bcf3d56b}
2026-07-04 03:12:06 INFO  DataIntegrityRuntime:634 - DataIntegrity[benign-30][ss-b-address-create]: acked=true X-present=true gate=OBSERVED_PRESENT polls=1 in 17ms
2026-07-04 03:12:08 INFO  DataIntegrityRuntime:351 - DataIntegrity[benign-30][ss-b-address-create]: baseline captured, fresh key {street=mist-9643fed3fc32, number=mist-63e7809fcad6}
2026-07-04 03:12:08 INFO  DataIntegrityRuntime:634 - DataIntegrity[benign-30][ss-b-address-create]: acked=true X-present=true gate=OBSERVED_PRESENT polls=1 in 16ms
2026-07-04 03:12:10 INFO  DataIntegrityRuntime:351 - DataIntegrity[benign-30][ss-b-address-create]: baseline captured, fresh key {street=mist-52e3571b2ae7, number=mist-b4e186e66472}
2026-07-04 03:12:10 INFO  DataIntegrityRuntime:634 - DataIntegrity[benign-30][ss-b-address-create]: acked=true X-present=true gate=OBSERVED_PRESENT polls=1 in 19ms
2026-07-04 03:12:11 INFO  DataIntegrityRuntime:351 - DataIntegrity[benign-30][ss-b-address-create]: baseline captured, fresh key {street=mist-a0f1d6340e52, number=mist-aee24d178907}
2026-07-04 03:12:11 INFO  DataIntegrityRuntime:634 - DataIntegrity[benign-30][ss-b-address-create]: acked=true X-present=true gate=OBSERVED_PRESENT polls=1 in 16ms
2026-07-04 03:12:14 INFO  DataIntegrityRuntime:351 - DataIntegrity[benign-30][ss-b-address-create]: baseline captured, fresh key {street=mist-1fc73c3bf3ca, number=mist-d177a904499e}
2026-07-04 03:12:14 INFO  DataIntegrityRuntime:634 - DataIntegrity[benign-30][ss-b-address-create]: acked=true X-present=true gate=OBSERVED_PRESENT polls=1 in 18ms
2026-07-04 03:12:15 INFO  DataIntegrityRuntime:351 - DataIntegrity[benign-30][ss-b-address-create]: baseline captured, fresh key {street=mist-71d027fe2841, number=mist-7439e3123408}
2026-07-04 03:12:15 INFO  DataIntegrityRuntime:634 - DataIntegrity[benign-30][ss-b-address-create]: acked=true X-present=true gate=OBSERVED_PRESENT polls=1 in 21ms
2026-07-04 03:12:17 INFO  DataIntegrityRuntime:351 - DataIntegrity[benign-30][ss-b-address-create]: baseline captured, fresh key {street=mist-2ec49ad18641, number=mist-1660483ede0d}
2026-07-04 03:12:17 INFO  DataIntegrityRuntime:634 - DataIntegrity[benign-30][ss-b-address-create]: acked=true X-present=true gate=OBSERVED_PRESENT polls=1 in 38ms
2026-07-04 03:12:19 INFO  DataIntegrityRuntime:351 - DataIntegrity[benign-30][ss-b-address-create]: baseline captured, fresh key {street=mist-0e46f940c768, number=mist-f9ac382cfc3a}
2026-07-04 03:12:19 INFO  DataIntegrityRuntime:634 - DataIntegrity[benign-30][ss-b-address-create]: acked=true X-present=true gate=OBSERVED_PRESENT polls=1 in 18ms
2026-07-04 03:12:21 INFO  DataIntegrityRuntime:351 - DataIntegrity[benign-30][ss-b-address-create]: baseline captured, fresh key {street=mist-74b8cd3fb8b4, number=mist-9bfecb7f272f}
2026-07-04 03:12:21 INFO  DataIntegrityRuntime:634 - DataIntegrity[benign-30][ss-b-address-create]: acked=true X-present=true gate=OBSERVED_PRESENT polls=1 in 18ms
2026-07-04 03:12:23 INFO  DataIntegrityRuntime:351 - DataIntegrity[benign-30][ss-b-address-create]: baseline captured, fresh key {street=mist-a3a0898c5935, number=mist-dc88b3e11b2b}
2026-07-04 03:12:23 INFO  DataIntegrityRuntime:634 - DataIntegrity[benign-30][ss-b-address-create]: acked=true X-present=true gate=OBSERVED_PRESENT polls=1 in 18ms
2026-07-04 03:12:25 INFO  DataIntegrityRuntime:351 - DataIntegrity[benign-30][ss-b-address-create]: baseline captured, fresh key {street=mist-61d657f96857, number=mist-49ca30e1a826}
2026-07-04 03:12:25 INFO  DataIntegrityRuntime:634 - DataIntegrity[benign-30][ss-b-address-create]: acked=true X-present=true gate=OBSERVED_PRESENT polls=1 in 21ms
2026-07-04 03:12:27 INFO  DataIntegrityRuntime:351 - DataIntegrity[benign-30][ss-b-address-create]: baseline captured, fresh key {street=mist-5a944c534ec0, number=mist-cbda4d3b60ba}
2026-07-04 03:12:27 INFO  DataIntegrityRuntime:634 - DataIntegrity[benign-30][ss-b-address-create]: acked=true X-present=true gate=OBSERVED_PRESENT polls=1 in 18ms
2026-07-04 03:12:28 INFO  DataIntegrityRuntime:351 - DataIntegrity[benign-30][ss-b-address-create]: baseline captured, fresh key {street=mist-9b8d1ec1db05, number=mist-182958037ed9}
2026-07-04 03:12:28 INFO  DataIntegrityRuntime:634 - DataIntegrity[benign-30][ss-b-address-create]: acked=true X-present=true gate=OBSERVED_PRESENT polls=1 in 17ms
2026-07-04 03:12:30 INFO  DataIntegrityRuntime:351 - DataIntegrity[benign-30][ss-b-card-create]: baseline captured, fresh key {longNum=mist-9db01f56fabf}
2026-07-04 03:12:30 INFO  DataIntegrityRuntime:634 - DataIntegrity[benign-30][ss-b-card-create]: acked=true X-present=true gate=OBSERVED_PRESENT polls=1 in 13ms
2026-07-04 03:12:32 INFO  DataIntegrityRuntime:351 - DataIntegrity[benign-30][ss-b-card-create]: baseline captured, fresh key {longNum=mist-154753843746}
2026-07-04 03:12:32 INFO  DataIntegrityRuntime:634 - DataIntegrity[benign-30][ss-b-card-create]: acked=true X-present=true gate=OBSERVED_PRESENT polls=1 in 14ms
2026-07-04 03:12:35 INFO  DataIntegrityRuntime:351 - DataIntegrity[benign-30][ss-b-card-create]: baseline captured, fresh key {longNum=mist-f8429b8b705e}
2026-07-04 03:12:35 INFO  DataIntegrityRuntime:634 - DataIntegrity[benign-30][ss-b-card-create]: acked=true X-present=true gate=OBSERVED_PRESENT polls=1 in 16ms
2026-07-04 03:12:36 INFO  DataIntegrityRuntime:351 - DataIntegrity[benign-30][ss-b-card-create]: baseline captured, fresh key {longNum=mist-35f813e5936b}
2026-07-04 03:12:36 INFO  DataIntegrityRuntime:634 - DataIntegrity[benign-30][ss-b-card-create]: acked=true X-present=true gate=OBSERVED_PRESENT polls=1 in 14ms
2026-07-04 03:12:38 INFO  DataIntegrityRuntime:351 - DataIntegrity[benign-30][ss-b-card-create]: baseline captured, fresh key {longNum=mist-38bf73165698}
2026-07-04 03:12:38 INFO  DataIntegrityRuntime:634 - DataIntegrity[benign-30][ss-b-card-create]: acked=true X-present=true gate=OBSERVED_PRESENT polls=1 in 15ms
2026-07-04 03:12:41 INFO  DataIntegrityRuntime:351 - DataIntegrity[benign-30][ss-b-card-create]: baseline captured, fresh key {longNum=mist-87936687b552}
2026-07-04 03:12:41 INFO  DataIntegrityRuntime:634 - DataIntegrity[benign-30][ss-b-card-create]: acked=true X-present=true gate=OBSERVED_PRESENT polls=1 in 14ms
2026-07-04 03:12:43 INFO  DataIntegrityRuntime:351 - DataIntegrity[benign-30][ss-b-card-create]: baseline captured, fresh key {longNum=mist-3049478b1756}
2026-07-04 03:12:43 INFO  DataIntegrityRuntime:634 - DataIntegrity[benign-30][ss-b-card-create]: acked=true X-present=true gate=OBSERVED_PRESENT polls=1 in 16ms
2026-07-04 03:12:45 INFO  DataIntegrityRuntime:351 - DataIntegrity[benign-30][ss-b-card-create]: baseline captured, fresh key {longNum=mist-52a97bd66a84}
2026-07-04 03:12:45 INFO  DataIntegrityRuntime:634 - DataIntegrity[benign-30][ss-b-card-create]: acked=true X-present=true gate=OBSERVED_PRESENT polls=1 in 16ms
2026-07-04 03:12:47 INFO  DataIntegrityRuntime:351 - DataIntegrity[benign-30][ss-b-card-create]: baseline captured, fresh key {longNum=mist-3bf10e59524a}
2026-07-04 03:12:47 INFO  DataIntegrityRuntime:634 - DataIntegrity[benign-30][ss-b-card-create]: acked=true X-present=true gate=OBSERVED_PRESENT polls=1 in 16ms
2026-07-04 03:12:49 INFO  DataIntegrityRuntime:351 - DataIntegrity[benign-30][ss-b-card-create]: baseline captured, fresh key {longNum=mist-81e47147c129}
2026-07-04 03:12:49 INFO  DataIntegrityRuntime:634 - DataIntegrity[benign-30][ss-b-card-create]: acked=true X-present=true gate=OBSERVED_PRESENT polls=1 in 12ms
2026-07-04 03:12:51 INFO  DataIntegrityRuntime:351 - DataIntegrity[benign-30][ss-b-card-create]: baseline captured, fresh key {longNum=mist-8459196bfe4d}
2026-07-04 03:12:51 INFO  DataIntegrityRuntime:634 - DataIntegrity[benign-30][ss-b-card-create]: acked=true X-present=true gate=OBSERVED_PRESENT polls=1 in 14ms
2026-07-04 03:12:53 INFO  DataIntegrityRuntime:351 - DataIntegrity[benign-30][ss-b-card-create]: baseline captured, fresh key {longNum=mist-8354bfb46c6d}
2026-07-04 03:12:54 INFO  DataIntegrityRuntime:634 - DataIntegrity[benign-30][ss-b-card-create]: acked=true X-present=true gate=OBSERVED_PRESENT polls=1 in 15ms
2026-07-04 03:12:56 INFO  DataIntegrityRuntime:351 - DataIntegrity[benign-30][ss-b-card-create]: baseline captured, fresh key {longNum=mist-8545c54ca722}
2026-07-04 03:12:56 INFO  DataIntegrityRuntime:634 - DataIntegrity[benign-30][ss-b-card-create]: acked=true X-present=true gate=OBSERVED_PRESENT polls=1 in 14ms
2026-07-04 03:12:57 INFO  DataIntegrityRuntime:351 - DataIntegrity[benign-30][ss-b-card-create]: baseline captured, fresh key {longNum=mist-c060af37908d}
2026-07-04 03:12:57 INFO  DataIntegrityRuntime:634 - DataIntegrity[benign-30][ss-b-card-create]: acked=true X-present=true gate=OBSERVED_PRESENT polls=1 in 16ms
2026-07-04 03:12:59 INFO  DataIntegrityRuntime:351 - DataIntegrity[benign-30][ss-b-card-create]: baseline captured, fresh key {longNum=mist-cb13c436acd1}
2026-07-04 03:12:59 INFO  DataIntegrityRuntime:634 - DataIntegrity[benign-30][ss-b-card-create]: acked=true X-present=true gate=OBSERVED_PRESENT polls=1 in 14ms
2026-07-04 03:13:01 INFO  DataIntegrityRuntime:351 - DataIntegrity[benign-30][ss-b-card-create]: baseline captured, fresh key {longNum=mist-1988dc9c7575}
2026-07-04 03:13:01 INFO  DataIntegrityRuntime:634 - DataIntegrity[benign-30][ss-b-card-create]: acked=true X-present=true gate=OBSERVED_PRESENT polls=1 in 16ms
2026-07-04 03:13:03 INFO  DataIntegrityRuntime:351 - DataIntegrity[benign-30][ss-b-card-create]: baseline captured, fresh key {longNum=mist-9c3a04c2351a}
2026-07-04 03:13:03 INFO  DataIntegrityRuntime:634 - DataIntegrity[benign-30][ss-b-card-create]: acked=true X-present=true gate=OBSERVED_PRESENT polls=1 in 16ms
2026-07-04 03:13:05 INFO  DataIntegrityRuntime:351 - DataIntegrity[benign-30][ss-b-card-create]: baseline captured, fresh key {longNum=mist-60a5d1c952ff}
2026-07-04 03:13:05 INFO  DataIntegrityRuntime:634 - DataIntegrity[benign-30][ss-b-card-create]: acked=true X-present=true gate=OBSERVED_PRESENT polls=1 in 15ms
2026-07-04 03:13:06 INFO  DataIntegrityRuntime:351 - DataIntegrity[benign-30][ss-b-card-create]: baseline captured, fresh key {longNum=mist-972c77c5129b}
2026-07-04 03:13:06 INFO  DataIntegrityRuntime:634 - DataIntegrity[benign-30][ss-b-card-create]: acked=true X-present=true gate=OBSERVED_PRESENT polls=1 in 16ms
2026-07-04 03:13:08 INFO  DataIntegrityRuntime:351 - DataIntegrity[benign-30][ss-b-card-create]: baseline captured, fresh key {longNum=mist-56aa67a48a65}
2026-07-04 03:13:08 INFO  DataIntegrityRuntime:634 - DataIntegrity[benign-30][ss-b-card-create]: acked=true X-present=true gate=OBSERVED_PRESENT polls=1 in 19ms
